[0.006s][info][gc] Using G1
[0.007s][info][gc,init] Version: 17.0.8+9-LTS-211 (release)
[0.007s][info][gc,init] CPUs: 4 total, 4 available
[0.008s][info][gc,init] Memory: 7550M
[0.008s][info][gc,init] Large Page Support: Disabled
[0.008s][info][gc,init] NUMA Support: Disabled
[0.008s][info][gc,init] Compressed Oops: Enabled (32-bit)
[0.008s][info][gc,init] Heap Region Size: 1M
[0.008s][info][gc,init] Heap Min Capacity: 8M
[0.008s][info][gc,init] Heap Initial Capacity: 50M
[0.008s][info][gc,init] Heap Max Capacity: 50M
[0.008s][info][gc,init] Pre-touch: Disabled
[0.008s][info][gc,init] Parallel Workers: 4
[0.008s][info][gc,init] Concurrent Workers: 1
[0.008s][info][gc,init] Concurrent Refinement Workers: 4
[0.008s][info][gc,init] Periodic GC: Disabled
[0.018s][info][gc,metaspace] CDS archive(s) mapped at: [0x0000026200000000-0x0000026200bd0000-0x0000026200bd0000), size 12386304, SharedBaseAddress: 0x0000026200000000, ArchiveRelocationMode: 1.
[0.018s][info][gc,metaspace] Compressed class space mapped at: 0x0000026201000000-0x0000026241000000, reserved size: 1073741824
[0.018s][info][gc,metaspace] Narrow klass base: 0x0000026200000000, Narrow klass shift: 0, Narrow klass range: 0x100000000
[0.380s][info][gc,start    ] GC(0) Pause Young (Normal) (G1 Evacuation Pause)
[0.380s][info][gc,task     ] GC(0) Using 2 workers of 4 for evacuation
[0.384s][info][gc,phases   ] GC(0)   Pre Evacuate Collection Set: 0.1ms
[0.384s][info][gc,phases   ] GC(0)   Merge Heap Roots: 0.0ms
[0.384s][info][gc,phases   ] GC(0)   Evacuate Collection Set: 3.4ms
[0.384s][info][gc,phases   ] GC(0)   Post Evacuate Collection Set: 0.5ms
[0.384s][info][gc,phases   ] GC(0)   Other: 0.2ms
[0.384s][info][gc,heap     ] GC(0) Eden regions: 13->0(14)
[0.384s][info][gc,heap     ] GC(0) Survivor regions: 0->2(2)
[0.384s][info][gc,heap     ] GC(0) Old regions: 0->2
[0.384s][info][gc,heap     ] GC(0) Archive regions: 0->0
[0.384s][info][gc,heap     ] GC(0) Humongous regions: 0->0
[0.384s][info][gc,metaspace] GC(0) Metaspace: 3459K(3520K)->3459K(3520K) NonClass: 3094K(3136K)->3094K(3136K) Class: 365K(384K)->365K(384K)
[0.384s][info][gc          ] GC(0) Pause Young (Normal) (G1 Evacuation Pause) 13M->3M(50M) 4.357ms
[0.384s][info][gc,cpu      ] GC(0) User=0.00s Sys=0.00s Real=0.01s
[0.638s][info][gc,start    ] GC(1) Pause Young (Normal) (G1 Evacuation Pause)
[0.638s][info][gc,task     ] GC(1) Using 2 workers of 4 for evacuation
[0.642s][info][gc,phases   ] GC(1)   Pre Evacuate Collection Set: 0.0ms
[0.642s][info][gc,phases   ] GC(1)   Merge Heap Roots: 0.0ms
[0.642s][info][gc,phases   ] GC(1)   Evacuate Collection Set: 2.8ms
[0.642s][info][gc,phases   ] GC(1)   Post Evacuate Collection Set: 0.3ms
[0.642s][info][gc,phases   ] GC(1)   Other: 0.1ms
[0.642s][info][gc,heap     ] GC(1) Eden regions: 14->0(28)
[0.642s][info][gc,heap     ] GC(1) Survivor regions: 2->1(2)
[0.642s][info][gc,heap     ] GC(1) Old regions: 2->4
[0.642s][info][gc,heap     ] GC(1) Archive regions: 0->0
[0.642s][info][gc,heap     ] GC(1) Humongous regions: 0->0
[0.642s][info][gc,metaspace] GC(1) Metaspace: 5751K(5952K)->5751K(5952K) NonClass: 5054K(5184K)->5054K(5184K) Class: 696K(768K)->696K(768K)
[0.642s][info][gc          ] GC(1) Pause Young (Normal) (G1 Evacuation Pause) 17M->3M(50M) 3.339ms
[0.642s][info][gc,cpu      ] GC(1) User=0.05s Sys=0.00s Real=0.00s
[1.130s][info][gc,start    ] GC(2) Pause Young (Normal) (G1 Evacuation Pause)
[1.130s][info][gc,task     ] GC(2) Using 2 workers of 4 for evacuation
[1.133s][info][gc,phases   ] GC(2)   Pre Evacuate Collection Set: 0.0ms
[1.133s][info][gc,phases   ] GC(2)   Merge Heap Roots: 0.1ms
[1.133s][info][gc,phases   ] GC(2)   Evacuate Collection Set: 2.9ms
[1.133s][info][gc,phases   ] GC(2)   Post Evacuate Collection Set: 0.3ms
[1.133s][info][gc,phases   ] GC(2)   Other: 0.1ms
[1.133s][info][gc,heap     ] GC(2) Eden regions: 28->0(27)
[1.133s][info][gc,heap     ] GC(2) Survivor regions: 1->3(4)
[1.133s][info][gc,heap     ] GC(2) Old regions: 4->4
[1.133s][info][gc,heap     ] GC(2) Archive regions: 0->0
[1.133s][info][gc,heap     ] GC(2) Humongous regions: 0->0
[1.133s][info][gc,metaspace] GC(2) Metaspace: 10081K(10304K)->10081K(10304K) NonClass: 8847K(8960K)->8847K(8960K) Class: 1233K(1344K)->1233K(1344K)
[1.133s][info][gc          ] GC(2) Pause Young (Normal) (G1 Evacuation Pause) 31M->5M(50M) 3.600ms
[1.133s][info][gc,cpu      ] GC(2) User=0.00s Sys=0.00s Real=0.00s
[1.786s][info][gc,start    ] GC(3) Pause Young (Normal) (G1 Evacuation Pause)
[1.786s][info][gc,task     ] GC(3) Using 2 workers of 4 for evacuation
[1.793s][info][gc,phases   ] GC(3)   Pre Evacuate Collection Set: 0.0ms
[1.793s][info][gc,phases   ] GC(3)   Merge Heap Roots: 0.0ms
[1.793s][info][gc,phases   ] GC(3)   Evacuate Collection Set: 6.6ms
[1.793s][info][gc,phases   ] GC(3)   Post Evacuate Collection Set: 0.3ms
[1.793s][info][gc,phases   ] GC(3)   Other: 0.1ms
[1.793s][info][gc,heap     ] GC(3) Eden regions: 27->0(26)
[1.793s][info][gc,heap     ] GC(3) Survivor regions: 3->4(4)
[1.793s][info][gc,heap     ] GC(3) Old regions: 4->4
[1.793s][info][gc,heap     ] GC(3) Archive regions: 0->0
[1.793s][info][gc,heap     ] GC(3) Humongous regions: 0->0
[1.793s][info][gc,metaspace] GC(3) Metaspace: 14815K(14976K)->14815K(14976K) NonClass: 13000K(13056K)->13000K(13056K) Class: 1815K(1920K)->1815K(1920K)
[1.793s][info][gc          ] GC(3) Pause Young (Normal) (G1 Evacuation Pause) 32M->7M(50M) 7.290ms
[1.793s][info][gc,cpu      ] GC(3) User=0.00s Sys=0.00s Real=0.01s
[2.160s][info][gc,start    ] GC(4) Pause Young (Normal) (G1 Evacuation Pause)
[2.160s][info][gc,task     ] GC(4) Using 2 workers of 4 for evacuation
[2.168s][info][gc,phases   ] GC(4)   Pre Evacuate Collection Set: 0.0ms
[2.168s][info][gc,phases   ] GC(4)   Merge Heap Roots: 0.0ms
[2.168s][info][gc,phases   ] GC(4)   Evacuate Collection Set: 7.7ms
[2.168s][info][gc,phases   ] GC(4)   Post Evacuate Collection Set: 0.3ms
[2.168s][info][gc,phases   ] GC(4)   Other: 0.1ms
[2.168s][info][gc,heap     ] GC(4) Eden regions: 26->0(26)
[2.168s][info][gc,heap     ] GC(4) Survivor regions: 4->3(4)
[2.168s][info][gc,heap     ] GC(4) Old regions: 4->8
[2.168s][info][gc,heap     ] GC(4) Archive regions: 0->0
[2.168s][info][gc,heap     ] GC(4) Humongous regions: 0->0
[2.168s][info][gc,metaspace] GC(4) Metaspace: 15448K(15616K)->15448K(15616K) NonClass: 13585K(13696K)->13585K(13696K) Class: 1862K(1920K)->1862K(1920K)
[2.168s][info][gc          ] GC(4) Pause Young (Normal) (G1 Evacuation Pause) 33M->10M(50M) 8.329ms
[2.168s][info][gc,cpu      ] GC(4) User=0.00s Sys=0.00s Real=0.01s
[2.541s][info][gc,start    ] GC(5) Pause Young (Normal) (G1 Evacuation Pause)
[2.541s][info][gc,task     ] GC(5) Using 2 workers of 4 for evacuation
[2.545s][info][gc,phases   ] GC(5)   Pre Evacuate Collection Set: 0.0ms
[2.545s][info][gc,phases   ] GC(5)   Merge Heap Roots: 0.0ms
[2.545s][info][gc,phases   ] GC(5)   Evacuate Collection Set: 3.5ms
[2.545s][info][gc,phases   ] GC(5)   Post Evacuate Collection Set: 0.3ms
[2.545s][info][gc,phases   ] GC(5)   Other: 0.1ms
[2.545s][info][gc,heap     ] GC(5) Eden regions: 26->0(26)
[2.545s][info][gc,heap     ] GC(5) Survivor regions: 3->2(4)
[2.545s][info][gc,heap     ] GC(5) Old regions: 8->10
[2.545s][info][gc,heap     ] GC(5) Archive regions: 0->0
[2.545s][info][gc,heap     ] GC(5) Humongous regions: 0->0
[2.545s][info][gc,metaspace] GC(5) Metaspace: 15833K(16064K)->15833K(16064K) NonClass: 13949K(14080K)->13949K(14080K) Class: 1883K(1984K)->1883K(1984K)
[2.545s][info][gc          ] GC(5) Pause Young (Normal) (G1 Evacuation Pause) 36M->11M(50M) 4.161ms
[2.545s][info][gc,cpu      ] GC(5) User=0.00s Sys=0.00s Real=0.00s
[2.758s][info][gc,start    ] GC(6) Pause Young (Normal) (G1 Evacuation Pause)
[2.758s][info][gc,task     ] GC(6) Using 4 workers of 4 for evacuation
[2.779s][info][gc          ] GC(6) To-space exhausted
[2.779s][info][gc,phases   ] GC(6)   Pre Evacuate Collection Set: 0.1ms
[2.779s][info][gc,phases   ] GC(6)   Merge Heap Roots: 0.1ms
[2.779s][info][gc,phases   ] GC(6)   Evacuate Collection Set: 17.7ms
[2.779s][info][gc,phases   ] GC(6)   Post Evacuate Collection Set: 3.2ms
[2.779s][info][gc,phases   ] GC(6)   Other: 0.2ms
[2.779s][info][gc,heap     ] GC(6) Eden regions: 26->0(1)
[2.779s][info][gc,heap     ] GC(6) Survivor regions: 2->4(4)
[2.779s][info][gc,heap     ] GC(6) Old regions: 10->33
[2.779s][info][gc,heap     ] GC(6) Archive regions: 0->0
[2.779s][info][gc,heap     ] GC(6) Humongous regions: 4->4
[2.779s][info][gc,metaspace] GC(6) Metaspace: 16720K(16960K)->16720K(16960K) NonClass: 14718K(14848K)->14718K(14848K) Class: 2001K(2112K)->2001K(2112K)
[2.779s][info][gc          ] GC(6) Pause Young (Normal) (G1 Evacuation Pause) 41M->41M(50M) 21.488ms
[2.779s][info][gc,cpu      ] GC(6) User=0.06s Sys=0.00s Real=0.02s
[2.792s][info][gc,start    ] GC(7) Pause Young (Concurrent Start) (G1 Evacuation Pause)
[2.792s][info][gc,task     ] GC(7) Using 4 workers of 4 for evacuation
[2.799s][info][gc,phases   ] GC(7)   Pre Evacuate Collection Set: 0.0ms
[2.800s][info][gc,phases   ] GC(7)   Merge Heap Roots: 0.1ms
[2.800s][info][gc,phases   ] GC(7)   Evacuate Collection Set: 7.2ms
[2.800s][info][gc,phases   ] GC(7)   Post Evacuate Collection Set: 0.3ms
[2.800s][info][gc,phases   ] GC(7)   Other: 0.2ms
[2.800s][info][gc,heap     ] GC(7) Eden regions: 1->0(1)
[2.800s][info][gc,heap     ] GC(7) Survivor regions: 4->1(1)
[2.800s][info][gc,heap     ] GC(7) Old regions: 33->38
[2.800s][info][gc,heap     ] GC(7) Archive regions: 0->0
[2.800s][info][gc,heap     ] GC(7) Humongous regions: 4->4
[2.800s][info][gc,metaspace] GC(7) Metaspace: 16720K(16960K)->16720K(16960K) NonClass: 14718K(14848K)->14718K(14848K) Class: 2001K(2112K)->2001K(2112K)
[2.800s][info][gc          ] GC(7) Pause Young (Concurrent Start) (G1 Evacuation Pause) 42M->42M(50M) 8.050ms
[2.800s][info][gc,cpu      ] GC(7) User=0.06s Sys=0.00s Real=0.01s
[2.800s][info][gc          ] GC(8) Concurrent Mark Cycle
[2.800s][info][gc,marking  ] GC(8) Concurrent Clear Claimed Marks
[2.800s][info][gc,marking  ] GC(8) Concurrent Clear Claimed Marks 0.021ms
[2.800s][info][gc,marking  ] GC(8) Concurrent Scan Root Regions
[2.803s][info][gc,marking  ] GC(8) Concurrent Scan Root Regions 2.821ms
[2.803s][info][gc,start    ] GC(9) Pause Young (Normal) (G1 Evacuation Pause)
[2.803s][info][gc,marking  ] GC(8) Concurrent Mark
[2.803s][info][gc,task     ] GC(9) Using 4 workers of 4 for evacuation
[2.803s][info][gc,marking  ] GC(8) Concurrent Mark From Roots
[2.803s][info][gc,task     ] GC(8) Using 1 workers of 1 for marking
[2.804s][info][gc,phases   ] GC(9)   Pre Evacuate Collection Set: 0.4ms
[2.805s][info][gc,phases   ] GC(9)   Merge Heap Roots: 0.0ms
[2.805s][info][gc,phases   ] GC(9)   Evacuate Collection Set: 1.3ms
[2.805s][info][gc,phases   ] GC(9)   Post Evacuate Collection Set: 0.2ms
[2.805s][info][gc,phases   ] GC(9)   Other: 0.2ms
[2.805s][info][gc,heap     ] GC(9) Eden regions: 1->0(1)
[2.805s][info][gc,heap     ] GC(9) Survivor regions: 1->1(1)
[2.805s][info][gc,heap     ] GC(9) Old regions: 38->39
[2.805s][info][gc,heap     ] GC(9) Archive regions: 0->0
[2.805s][info][gc,heap     ] GC(9) Humongous regions: 4->4
[2.805s][info][gc,metaspace] GC(9) Metaspace: 16720K(16960K)->16720K(16960K) NonClass: 14718K(14848K)->14718K(14848K) Class: 2001K(2112K)->2001K(2112K)
[2.805s][info][gc          ] GC(9) Pause Young (Normal) (G1 Evacuation Pause) 43M->43M(50M) 1.949ms
[2.805s][info][gc,cpu      ] GC(9) User=0.00s Sys=0.00s Real=0.00s
[2.808s][info][gc,start    ] GC(10) Pause Young (Normal) (G1 Evacuation Pause)
[2.808s][info][gc,task     ] GC(10) Using 4 workers of 4 for evacuation
[2.810s][info][gc,phases   ] GC(10)   Pre Evacuate Collection Set: 0.0ms
[2.810s][info][gc,phases   ] GC(10)   Merge Heap Roots: 0.0ms
[2.810s][info][gc,phases   ] GC(10)   Evacuate Collection Set: 1.5ms
[2.810s][info][gc,phases   ] GC(10)   Post Evacuate Collection Set: 0.3ms
[2.810s][info][gc,phases   ] GC(10)   Other: 0.2ms
[2.810s][info][gc,heap     ] GC(10) Eden regions: 1->0(1)
[2.810s][info][gc,heap     ] GC(10) Survivor regions: 1->1(1)
[2.810s][info][gc,heap     ] GC(10) Old regions: 39->40
[2.810s][info][gc,heap     ] GC(10) Archive regions: 0->0
[2.810s][info][gc,heap     ] GC(10) Humongous regions: 4->4
[2.810s][info][gc,metaspace] GC(10) Metaspace: 16720K(16960K)->16720K(16960K) NonClass: 14718K(14848K)->14718K(14848K) Class: 2001K(2112K)->2001K(2112K)
[2.810s][info][gc          ] GC(10) Pause Young (Normal) (G1 Evacuation Pause) 44M->44M(50M) 2.117ms
[2.810s][info][gc,cpu      ] GC(10) User=0.00s Sys=0.00s Real=0.00s
[2.812s][info][gc,start    ] GC(11) Pause Young (Normal) (G1 Evacuation Pause)
[2.812s][info][gc,task     ] GC(11) Using 4 workers of 4 for evacuation
[2.814s][info][gc,phases   ] GC(11)   Pre Evacuate Collection Set: 0.0ms
[2.814s][info][gc,phases   ] GC(11)   Merge Heap Roots: 0.0ms
[2.814s][info][gc,phases   ] GC(11)   Evacuate Collection Set: 1.5ms
[2.814s][info][gc,phases   ] GC(11)   Post Evacuate Collection Set: 0.2ms
[2.814s][info][gc,phases   ] GC(11)   Other: 0.2ms
[2.814s][info][gc,heap     ] GC(11) Eden regions: 1->0(1)
[2.815s][info][gc,heap     ] GC(11) Survivor regions: 1->1(1)
[2.815s][info][gc,heap     ] GC(11) Old regions: 40->41
[2.815s][info][gc,heap     ] GC(11) Archive regions: 0->0
[2.815s][info][gc,heap     ] GC(11) Humongous regions: 4->4
[2.815s][info][gc,metaspace] GC(11) Metaspace: 16720K(16960K)->16720K(16960K) NonClass: 14718K(14848K)->14718K(14848K) Class: 2001K(2112K)->2001K(2112K)
[2.815s][info][gc          ] GC(11) Pause Young (Normal) (G1 Evacuation Pause) 45M->45M(50M) 2.130ms
[2.815s][info][gc,cpu      ] GC(11) User=0.05s Sys=0.00s Real=0.00s
[2.817s][info][gc,start    ] GC(12) Pause Young (Normal) (G1 Preventive Collection)
[2.817s][info][gc,task     ] GC(12) Using 4 workers of 4 for evacuation
[2.818s][info][gc,phases   ] GC(12)   Pre Evacuate Collection Set: 0.0ms
[2.818s][info][gc,phases   ] GC(12)   Merge Heap Roots: 0.0ms
[2.818s][info][gc,phases   ] GC(12)   Evacuate Collection Set: 0.8ms
[2.818s][info][gc,phases   ] GC(12)   Post Evacuate Collection Set: 0.2ms
[2.818s][info][gc,phases   ] GC(12)   Other: 0.1ms
[2.818s][info][gc,heap     ] GC(12) Eden regions: 1->0(1)
[2.818s][info][gc,heap     ] GC(12) Survivor regions: 1->1(1)
[2.818s][info][gc,heap     ] GC(12) Old regions: 41->42
[2.818s][info][gc,heap     ] GC(12) Archive regions: 0->0
[2.818s][info][gc,heap     ] GC(12) Humongous regions: 4->4
[2.818s][info][gc,metaspace] GC(12) Metaspace: 16720K(16960K)->16720K(16960K) NonClass: 14718K(14848K)->14718K(14848K) Class: 2001K(2112K)->2001K(2112K)
[2.818s][info][gc          ] GC(12) Pause Young (Normal) (G1 Preventive Collection) 46M->46M(50M) 1.308ms
[2.818s][info][gc,cpu      ] GC(12) User=0.00s Sys=0.00s Real=0.00s
[2.821s][info][gc,start    ] GC(13) Pause Young (Normal) (G1 Humongous Allocation)
[2.821s][info][gc,task     ] GC(13) Using 4 workers of 4 for evacuation
[2.823s][info][gc,phases   ] GC(13)   Pre Evacuate Collection Set: 0.0ms
[2.823s][info][gc,phases   ] GC(13)   Merge Heap Roots: 0.0ms
[2.823s][info][gc,phases   ] GC(13)   Evacuate Collection Set: 1.5ms
[2.823s][info][gc,phases   ] GC(13)   Post Evacuate Collection Set: 0.2ms
[2.823s][info][gc,phases   ] GC(13)   Other: 0.3ms
[2.823s][info][gc,heap     ] GC(13) Eden regions: 1->0(1)
[2.823s][info][gc,heap     ] GC(13) Survivor regions: 1->1(1)
[2.823s][info][gc,heap     ] GC(13) Old regions: 42->43
[2.823s][info][gc,heap     ] GC(13) Archive regions: 0->0
[2.823s][info][gc,heap     ] GC(13) Humongous regions: 4->4
[2.823s][info][gc,metaspace] GC(13) Metaspace: 16720K(16960K)->16720K(16960K) NonClass: 14718K(14848K)->14718K(14848K) Class: 2001K(2112K)->2001K(2112K)
[2.823s][info][gc          ] GC(13) Pause Young (Normal) (G1 Humongous Allocation) 47M->47M(50M) 2.137ms
[2.823s][info][gc,cpu      ] GC(13) User=0.00s Sys=0.00s Real=0.00s
[2.824s][info][gc,ergo     ] Attempting full compaction
[2.824s][info][gc,task     ] GC(14) Using 3 workers of 4 for full compaction
[2.824s][info][gc,start    ] GC(14) Pause Full (G1 Compaction Pause)
[2.824s][info][gc,phases,start] GC(14) Phase 1: Mark live objects
[2.845s][info][gc,phases      ] GC(14) Phase 1: Mark live objects 21.289ms
[2.845s][info][gc,phases,start] GC(14) Phase 2: Prepare for compaction
[2.848s][info][gc,phases      ] GC(14) Phase 2: Prepare for compaction 2.917ms
[2.848s][info][gc,phases,start] GC(14) Phase 3: Adjust pointers
[2.856s][info][gc,phases      ] GC(14) Phase 3: Adjust pointers 7.627ms
[2.856s][info][gc,phases,start] GC(14) Phase 4: Compact heap
[2.859s][info][gc,phases      ] GC(14) Phase 4: Compact heap 2.986ms
[2.863s][info][gc,heap        ] GC(14) Eden regions: 0->0(4)
[2.863s][info][gc,heap        ] GC(14) Survivor regions: 1->0(1)
[2.863s][info][gc,heap        ] GC(14) Old regions: 43->31
[2.863s][info][gc,heap        ] GC(14) Archive regions: 0->0
[2.863s][info][gc,heap        ] GC(14) Humongous regions: 4->2
[2.863s][info][gc,metaspace   ] GC(14) Metaspace: 16720K(16960K)->16720K(16960K) NonClass: 14718K(14848K)->14718K(14848K) Class: 2001K(2112K)->2001K(2112K)
[2.863s][info][gc             ] GC(14) Pause Full (G1 Compaction Pause) 47M->32M(50M) 39.504ms
[2.863s][info][gc,cpu         ] GC(14) User=0.17s Sys=0.00s Real=0.04s
[2.863s][info][gc,marking     ] GC(8) Concurrent Mark From Roots 60.596ms
[2.863s][info][gc,marking     ] GC(8) Concurrent Mark Abort
[2.863s][info][gc             ] GC(8) Concurrent Mark Cycle 63.653ms
[2.877s][info][gc,start       ] GC(15) Pause Young (Normal) (G1 Evacuation Pause)
[2.877s][info][gc,task        ] GC(15) Using 4 workers of 4 for evacuation
[2.881s][info][gc,phases      ] GC(15)   Pre Evacuate Collection Set: 0.1ms
[2.881s][info][gc,phases      ] GC(15)   Merge Heap Roots: 0.0ms
[2.881s][info][gc,phases      ] GC(15)   Evacuate Collection Set: 4.2ms
[2.881s][info][gc,phases      ] GC(15)   Post Evacuate Collection Set: 0.2ms
[2.881s][info][gc,phases      ] GC(15)   Other: 0.2ms
[2.881s][info][gc,heap        ] GC(15) Eden regions: 4->0(1)
[2.881s][info][gc,heap        ] GC(15) Survivor regions: 0->1(1)
[2.881s][info][gc,heap        ] GC(15) Old regions: 31->34
[2.881s][info][gc,heap        ] GC(15) Archive regions: 0->0
[2.881s][info][gc,heap        ] GC(15) Humongous regions: 5->5
[2.881s][info][gc,metaspace   ] GC(15) Metaspace: 16720K(16960K)->16720K(16960K) NonClass: 14718K(14848K)->14718K(14848K) Class: 2001K(2112K)->2001K(2112K)
[2.881s][info][gc             ] GC(15) Pause Young (Normal) (G1 Evacuation Pause) 39M->39M(50M) 4.825ms
[2.881s][info][gc,cpu         ] GC(15) User=0.00s Sys=0.00s Real=0.01s
[2.885s][info][gc,start       ] GC(16) Pause Young (Concurrent Start) (G1 Evacuation Pause)
[2.885s][info][gc,task        ] GC(16) Using 4 workers of 4 for evacuation
[2.887s][info][gc,phases      ] GC(16)   Pre Evacuate Collection Set: 0.0ms
[2.887s][info][gc,phases      ] GC(16)   Merge Heap Roots: 0.0ms
[2.887s][info][gc,phases      ] GC(16)   Evacuate Collection Set: 1.6ms
[2.887s][info][gc,phases      ] GC(16)   Post Evacuate Collection Set: 0.2ms
[2.887s][info][gc,phases      ] GC(16)   Other: 0.2ms
[2.887s][info][gc,heap        ] GC(16) Eden regions: 1->0(1)
[2.887s][info][gc,heap        ] GC(16) Survivor regions: 1->1(1)
[2.887s][info][gc,heap        ] GC(16) Old regions: 34->36
[2.887s][info][gc,heap        ] GC(16) Archive regions: 0->0
[2.887s][info][gc,heap        ] GC(16) Humongous regions: 5->5
[2.887s][info][gc,metaspace   ] GC(16) Metaspace: 16720K(16960K)->16720K(16960K) NonClass: 14718K(14848K)->14718K(14848K) Class: 2001K(2112K)->2001K(2112K)
[2.887s][info][gc             ] GC(16) Pause Young (Concurrent Start) (G1 Evacuation Pause) 40M->40M(50M) 2.166ms
[2.887s][info][gc,cpu         ] GC(16) User=0.00s Sys=0.00s Real=0.00s
[2.887s][info][gc             ] GC(17) Concurrent Mark Cycle
[2.887s][info][gc,marking     ] GC(17) Concurrent Clear Claimed Marks
[2.887s][info][gc,marking     ] GC(17) Concurrent Clear Claimed Marks 0.019ms
[2.887s][info][gc,marking     ] GC(17) Concurrent Scan Root Regions
[2.888s][info][gc,marking     ] GC(17) Concurrent Scan Root Regions 1.305ms
[2.888s][info][gc,marking     ] GC(17) Concurrent Mark
[2.888s][info][gc,marking     ] GC(17) Concurrent Mark From Roots
[2.888s][info][gc,task        ] GC(17) Using 1 workers of 1 for marking
[2.890s][info][gc,start       ] GC(18) Pause Young (Normal) (G1 Evacuation Pause)
[2.890s][info][gc,task        ] GC(18) Using 4 workers of 4 for evacuation
[2.891s][info][gc,phases      ] GC(18)   Pre Evacuate Collection Set: 0.0ms
[2.891s][info][gc,phases      ] GC(18)   Merge Heap Roots: 0.0ms
[2.891s][info][gc,phases      ] GC(18)   Evacuate Collection Set: 0.8ms
[2.891s][info][gc,phases      ] GC(18)   Post Evacuate Collection Set: 0.2ms
[2.891s][info][gc,phases      ] GC(18)   Other: 0.1ms
[2.891s][info][gc,heap        ] GC(18) Eden regions: 1->0(1)
[2.891s][info][gc,heap        ] GC(18) Survivor regions: 1->1(1)
[2.891s][info][gc,heap        ] GC(18) Old regions: 36->37
[2.891s][info][gc,heap        ] GC(18) Archive regions: 0->0
[2.891s][info][gc,heap        ] GC(18) Humongous regions: 5->5
[2.891s][info][gc,metaspace   ] GC(18) Metaspace: 16720K(16960K)->16720K(16960K) NonClass: 14718K(14848K)->14718K(14848K) Class: 2001K(2112K)->2001K(2112K)
[2.891s][info][gc             ] GC(18) Pause Young (Normal) (G1 Evacuation Pause) 41M->41M(50M) 1.325ms
[2.891s][info][gc,cpu         ] GC(18) User=0.00s Sys=0.00s Real=0.00s
[2.894s][info][gc,start       ] GC(19) Pause Young (Normal) (G1 Evacuation Pause)
[2.894s][info][gc,task        ] GC(19) Using 4 workers of 4 for evacuation
[2.895s][info][gc,phases      ] GC(19)   Pre Evacuate Collection Set: 0.0ms
[2.895s][info][gc,phases      ] GC(19)   Merge Heap Roots: 0.0ms
[2.895s][info][gc,phases      ] GC(19)   Evacuate Collection Set: 0.8ms
[2.895s][info][gc,phases      ] GC(19)   Post Evacuate Collection Set: 0.2ms
[2.895s][info][gc,phases      ] GC(19)   Other: 0.2ms
[2.895s][info][gc,heap        ] GC(19) Eden regions: 1->0(1)
[2.895s][info][gc,heap        ] GC(19) Survivor regions: 1->1(1)
[2.895s][info][gc,heap        ] GC(19) Old regions: 37->38
[2.895s][info][gc,heap        ] GC(19) Archive regions: 0->0
[2.895s][info][gc,heap        ] GC(19) Humongous regions: 5->5
[2.895s][info][gc,metaspace   ] GC(19) Metaspace: 16720K(16960K)->16720K(16960K) NonClass: 14718K(14848K)->14718K(14848K) Class: 2001K(2112K)->2001K(2112K)
[2.895s][info][gc             ] GC(19) Pause Young (Normal) (G1 Evacuation Pause) 42M->43M(50M) 1.398ms
[2.895s][info][gc,cpu         ] GC(19) User=0.00s Sys=0.00s Real=0.00s
[2.899s][info][gc,start       ] GC(20) Pause Young (Normal) (G1 Evacuation Pause)
[2.899s][info][gc,task        ] GC(20) Using 4 workers of 4 for evacuation
[2.901s][info][gc,phases      ] GC(20)   Pre Evacuate Collection Set: 0.0ms
[2.901s][info][gc,phases      ] GC(20)   Merge Heap Roots: 0.0ms
[2.901s][info][gc,phases      ] GC(20)   Evacuate Collection Set: 1.7ms
[2.901s][info][gc,phases      ] GC(20)   Post Evacuate Collection Set: 0.2ms
[2.901s][info][gc,phases      ] GC(20)   Other: 0.2ms
[2.901s][info][gc,heap        ] GC(20) Eden regions: 1->0(1)
[2.901s][info][gc,heap        ] GC(20) Survivor regions: 1->1(1)
[2.901s][info][gc,heap        ] GC(20) Old regions: 38->39
[2.901s][info][gc,heap        ] GC(20) Archive regions: 0->0
[2.901s][info][gc,heap        ] GC(20) Humongous regions: 5->5
[2.901s][info][gc,metaspace   ] GC(20) Metaspace: 16720K(16960K)->16720K(16960K) NonClass: 14718K(14848K)->14718K(14848K) Class: 2001K(2112K)->2001K(2112K)
[2.901s][info][gc             ] GC(20) Pause Young (Normal) (G1 Evacuation Pause) 44M->43M(50M) 2.293ms
[2.901s][info][gc,cpu         ] GC(20) User=0.00s Sys=0.00s Real=0.00s
[2.904s][info][gc,start       ] GC(21) Pause Young (Normal) (G1 Evacuation Pause)
[2.904s][info][gc,task        ] GC(21) Using 4 workers of 4 for evacuation
[2.906s][info][gc,phases      ] GC(21)   Pre Evacuate Collection Set: 0.0ms
[2.906s][info][gc,phases      ] GC(21)   Merge Heap Roots: 0.0ms
[2.906s][info][gc,phases      ] GC(21)   Evacuate Collection Set: 1.6ms
[2.906s][info][gc,phases      ] GC(21)   Post Evacuate Collection Set: 0.2ms
[2.906s][info][gc,phases      ] GC(21)   Other: 0.2ms
[2.906s][info][gc,heap        ] GC(21) Eden regions: 1->0(1)
[2.906s][info][gc,heap        ] GC(21) Survivor regions: 1->1(1)
[2.906s][info][gc,heap        ] GC(21) Old regions: 39->40
[2.906s][info][gc,heap        ] GC(21) Archive regions: 0->0
[2.906s][info][gc,heap        ] GC(21) Humongous regions: 5->5
[2.906s][info][gc,metaspace   ] GC(21) Metaspace: 16720K(16960K)->16720K(16960K) NonClass: 14718K(14848K)->14718K(14848K) Class: 2001K(2112K)->2001K(2112K)
[2.906s][info][gc             ] GC(21) Pause Young (Normal) (G1 Evacuation Pause) 44M->44M(50M) 2.180ms
[2.906s][info][gc,cpu         ] GC(21) User=0.00s Sys=0.00s Real=0.00s
[2.909s][info][gc,start       ] GC(22) Pause Young (Normal) (G1 Preventive Collection)
[2.909s][info][gc,task        ] GC(22) Using 4 workers of 4 for evacuation
[2.910s][info][gc,phases      ] GC(22)   Pre Evacuate Collection Set: 0.0ms
[2.911s][info][gc,phases      ] GC(22)   Merge Heap Roots: 0.0ms
[2.911s][info][gc,phases      ] GC(22)   Evacuate Collection Set: 1.5ms
[2.911s][info][gc,phases      ] GC(22)   Post Evacuate Collection Set: 0.2ms
[2.911s][info][gc,phases      ] GC(22)   Other: 0.2ms
[2.911s][info][gc,heap        ] GC(22) Eden regions: 1->0(1)
[2.911s][info][gc,heap        ] GC(22) Survivor regions: 1->1(1)
[2.911s][info][gc,heap        ] GC(22) Old regions: 40->41
[2.911s][info][gc,heap        ] GC(22) Archive regions: 0->0
[2.911s][info][gc,heap        ] GC(22) Humongous regions: 5->5
[2.911s][info][gc,metaspace   ] GC(22) Metaspace: 16720K(16960K)->16720K(16960K) NonClass: 14718K(14848K)->14718K(14848K) Class: 2001K(2112K)->2001K(2112K)
[2.911s][info][gc             ] GC(22) Pause Young (Normal) (G1 Preventive Collection) 45M->45M(50M) 2.109ms
[2.911s][info][gc,cpu         ] GC(22) User=0.00s Sys=0.00s Real=0.00s
[2.911s][info][gc,start       ] GC(23) Pause Young (Normal) (G1 Humongous Allocation)
[2.911s][info][gc,task        ] GC(23) Using 4 workers of 4 for evacuation
[2.912s][info][gc,phases      ] GC(23)   Pre Evacuate Collection Set: 0.0ms
[2.912s][info][gc,phases      ] GC(23)   Merge Heap Roots: 0.0ms
[2.912s][info][gc,phases      ] GC(23)   Evacuate Collection Set: 1.0ms
[2.913s][info][gc,phases      ] GC(23)   Post Evacuate Collection Set: 0.2ms
[2.913s][info][gc,phases      ] GC(23)   Other: 0.1ms
[2.913s][info][gc,heap        ] GC(23) Eden regions: 1->0(1)
[2.913s][info][gc,heap        ] GC(23) Survivor regions: 1->1(1)
[2.913s][info][gc,heap        ] GC(23) Old regions: 41->42
[2.913s][info][gc,heap        ] GC(23) Archive regions: 0->0
[2.913s][info][gc,heap        ] GC(23) Humongous regions: 5->5
[2.913s][info][gc,metaspace   ] GC(23) Metaspace: 16720K(16960K)->16720K(16960K) NonClass: 14718K(14848K)->14718K(14848K) Class: 2001K(2112K)->2001K(2112K)
[2.913s][info][gc             ] GC(23) Pause Young (Normal) (G1 Humongous Allocation) 46M->46M(50M) 1.519ms
[2.913s][info][gc,cpu         ] GC(23) User=0.00s Sys=0.00s Real=0.00s
[2.913s][info][gc,ergo        ] Attempting full compaction
[2.913s][info][gc,task        ] GC(24) Using 3 workers of 4 for full compaction
[2.913s][info][gc,start       ] GC(24) Pause Full (G1 Compaction Pause)
[2.913s][info][gc,phases,start] GC(24) Phase 1: Mark live objects
[2.940s][info][gc,phases      ] GC(24) Phase 1: Mark live objects 26.737ms
[2.940s][info][gc,phases,start] GC(24) Phase 2: Prepare for compaction
[2.941s][info][gc,phases      ] GC(24) Phase 2: Prepare for compaction 0.952ms
[2.941s][info][gc,phases,start] GC(24) Phase 3: Adjust pointers
[2.948s][info][gc,phases      ] GC(24) Phase 3: Adjust pointers 7.307ms
[2.948s][info][gc,phases,start] GC(24) Phase 4: Compact heap
[2.949s][info][gc,phases      ] GC(24) Phase 4: Compact heap 0.959ms
[2.952s][info][gc,heap        ] GC(24) Eden regions: 0->0(2)
[2.952s][info][gc,heap        ] GC(24) Survivor regions: 1->0(1)
[2.952s][info][gc,heap        ] GC(24) Old regions: 42->42
[2.952s][info][gc,heap        ] GC(24) Archive regions: 0->0
[2.952s][info][gc,heap        ] GC(24) Humongous regions: 5->3
[2.952s][info][gc,metaspace   ] GC(24) Metaspace: 16720K(16960K)->16720K(16960K) NonClass: 14718K(14848K)->14718K(14848K) Class: 2001K(2112K)->2001K(2112K)
[2.952s][info][gc             ] GC(24) Pause Full (G1 Compaction Pause) 46M->43M(50M) 39.457ms
[2.952s][info][gc,cpu         ] GC(24) User=0.11s Sys=0.00s Real=0.04s
[2.952s][info][gc,marking     ] GC(17) Concurrent Mark From Roots 64.029ms
[2.952s][info][gc,marking     ] GC(17) Concurrent Mark Abort
[2.952s][info][gc             ] GC(17) Concurrent Mark Cycle 65.486ms
[2.956s][info][gc,start       ] GC(25) Pause Young (Normal) (G1 Evacuation Pause)
[2.956s][info][gc,task        ] GC(25) Using 4 workers of 4 for evacuation
[2.959s][info][gc             ] GC(25) To-space exhausted
[2.959s][info][gc,phases      ] GC(25)   Pre Evacuate Collection Set: 0.1ms
[2.959s][info][gc,phases      ] GC(25)   Merge Heap Roots: 0.0ms
[2.959s][info][gc,phases      ] GC(25)   Evacuate Collection Set: 1.8ms
[2.959s][info][gc,phases      ] GC(25)   Post Evacuate Collection Set: 1.1ms
[2.959s][info][gc,phases      ] GC(25)   Other: 0.2ms
[2.959s][info][gc,heap        ] GC(25) Eden regions: 1->0(2)
[2.959s][info][gc,heap        ] GC(25) Survivor regions: 0->0(0)
[2.959s][info][gc,heap        ] GC(25) Old regions: 42->43
[2.959s][info][gc,heap        ] GC(25) Archive regions: 0->0
[2.959s][info][gc,heap        ] GC(25) Humongous regions: 7->7
[2.959s][info][gc,metaspace   ] GC(25) Metaspace: 16720K(16960K)->16720K(16960K) NonClass: 14718K(14848K)->14718K(14848K) Class: 2001K(2112K)->2001K(2112K)
[2.960s][info][gc             ] GC(25) Pause Young (Normal) (G1 Evacuation Pause) 48M->48M(50M) 3.251ms
[2.960s][info][gc,cpu         ] GC(25) User=0.00s Sys=0.00s Real=0.00s
[2.960s][info][gc,ergo        ] Attempting full compaction
[2.960s][info][gc,task        ] GC(26) Using 3 workers of 4 for full compaction
[2.960s][info][gc,start       ] GC(26) Pause Full (G1 Compaction Pause)
[2.960s][info][gc,phases,start] GC(26) Phase 1: Mark live objects
[2.986s][info][gc,phases      ] GC(26) Phase 1: Mark live objects 26.460ms
[2.986s][info][gc,phases,start] GC(26) Phase 2: Prepare for compaction
[2.987s][info][gc,phases      ] GC(26) Phase 2: Prepare for compaction 0.717ms
[2.987s][info][gc,phases,start] GC(26) Phase 3: Adjust pointers
[2.994s][info][gc,phases      ] GC(26) Phase 3: Adjust pointers 7.030ms
[2.994s][info][gc,phases,start] GC(26) Phase 4: Compact heap
[2.995s][info][gc,phases      ] GC(26) Phase 4: Compact heap 0.794ms
[2.998s][info][gc,heap        ] GC(26) Eden regions: 0->0(2)
[2.998s][info][gc,heap        ] GC(26) Survivor regions: 0->0(0)
[2.998s][info][gc,heap        ] GC(26) Old regions: 43->42
[2.998s][info][gc,heap        ] GC(26) Archive regions: 0->0
[2.998s][info][gc,heap        ] GC(26) Humongous regions: 7->4
[2.998s][info][gc,metaspace   ] GC(26) Metaspace: 16720K(16960K)->16718K(16960K) NonClass: 14718K(14848K)->14717K(14848K) Class: 2001K(2112K)->2001K(2112K)
[2.998s][info][gc             ] GC(26) Pause Full (G1 Compaction Pause) 48M->44M(50M) 38.385ms
[2.998s][info][gc,cpu         ] GC(26) User=0.11s Sys=0.00s Real=0.04s
[3.004s][info][gc,start       ] GC(27) Pause Young (Concurrent Start) (G1 Preventive Collection)
[3.004s][info][gc,task        ] GC(27) Using 4 workers of 4 for evacuation
[3.006s][info][gc,phases      ] GC(27)   Pre Evacuate Collection Set: 0.0ms
[3.006s][info][gc,phases      ] GC(27)   Merge Heap Roots: 0.0ms
[3.006s][info][gc,phases      ] GC(27)   Evacuate Collection Set: 1.7ms
[3.006s][info][gc,phases      ] GC(27)   Post Evacuate Collection Set: 0.2ms
[3.006s][info][gc,phases      ] GC(27)   Other: 0.2ms
[3.006s][info][gc,heap        ] GC(27) Eden regions: 2->0(1)
[3.006s][info][gc,heap        ] GC(27) Survivor regions: 0->1(1)
[3.006s][info][gc,heap        ] GC(27) Old regions: 42->43
[3.006s][info][gc,heap        ] GC(27) Archive regions: 0->0
[3.006s][info][gc,heap        ] GC(27) Humongous regions: 4->4
[3.006s][info][gc,metaspace   ] GC(27) Metaspace: 16718K(16960K)->16718K(16960K) NonClass: 14717K(14848K)->14717K(14848K) Class: 2001K(2112K)->2001K(2112K)
[3.006s][info][gc             ] GC(27) Pause Young (Concurrent Start) (G1 Preventive Collection) 46M->46M(50M) 2.466ms
[3.006s][info][gc,cpu         ] GC(27) User=0.00s Sys=0.00s Real=0.00s
[3.006s][info][gc             ] GC(28) Concurrent Mark Cycle
[3.006s][info][gc,marking     ] GC(28) Concurrent Clear Claimed Marks
[3.006s][info][gc,marking     ] GC(28) Concurrent Clear Claimed Marks 0.020ms
[3.006s][info][gc,marking     ] GC(28) Concurrent Scan Root Regions
[3.008s][info][gc,marking     ] GC(28) Concurrent Scan Root Regions 1.359ms
[3.008s][info][gc,marking     ] GC(28) Concurrent Mark
[3.008s][info][gc,marking     ] GC(28) Concurrent Mark From Roots
[3.008s][info][gc,task        ] GC(28) Using 1 workers of 1 for marking
[3.009s][info][gc,start       ] GC(29) Pause Young (Normal) (G1 Preventive Collection)
[3.009s][info][gc,task        ] GC(29) Using 4 workers of 4 for evacuation
[3.012s][info][gc             ] GC(29) To-space exhausted
[3.012s][info][gc,phases      ] GC(29)   Pre Evacuate Collection Set: 0.0ms
[3.012s][info][gc,phases      ] GC(29)   Merge Heap Roots: 0.0ms
[3.012s][info][gc,phases      ] GC(29)   Evacuate Collection Set: 1.2ms
[3.012s][info][gc,phases      ] GC(29)   Post Evacuate Collection Set: 1.0ms
[3.012s][info][gc,phases      ] GC(29)   Other: 0.2ms
[3.012s][info][gc,heap        ] GC(29) Eden regions: 1->0(1)
[3.012s][info][gc,heap        ] GC(29) Survivor regions: 1->1(1)
[3.012s][info][gc,heap        ] GC(29) Old regions: 43->44
[3.012s][info][gc,heap        ] GC(29) Archive regions: 0->0
[3.012s][info][gc,heap        ] GC(29) Humongous regions: 4->4
[3.012s][info][gc,metaspace   ] GC(29) Metaspace: 16718K(16960K)->16718K(16960K) NonClass: 14717K(14848K)->14717K(14848K) Class: 2001K(2112K)->2001K(2112K)
[3.012s][info][gc             ] GC(29) Pause Young (Normal) (G1 Preventive Collection) 47M->47M(50M) 2.619ms
[3.012s][info][gc,cpu         ] GC(29) User=0.00s Sys=0.00s Real=0.00s
[3.016s][info][gc,start       ] GC(30) Pause Young (Normal) (G1 Evacuation Pause)
[3.016s][info][gc,task        ] GC(30) Using 4 workers of 4 for evacuation
[3.019s][info][gc             ] GC(30) To-space exhausted
[3.019s][info][gc,phases      ] GC(30)   Pre Evacuate Collection Set: 0.3ms
[3.019s][info][gc,phases      ] GC(30)   Merge Heap Roots: 0.0ms
[3.019s][info][gc,phases      ] GC(30)   Evacuate Collection Set: 1.6ms
[3.019s][info][gc,phases      ] GC(30)   Post Evacuate Collection Set: 1.0ms
[3.019s][info][gc,phases      ] GC(30)   Other: 0.2ms
[3.019s][info][gc,heap        ] GC(30) Eden regions: 1->0(2)
[3.019s][info][gc,heap        ] GC(30) Survivor regions: 1->0(0)
[3.019s][info][gc,heap        ] GC(30) Old regions: 44->46
[3.019s][info][gc,heap        ] GC(30) Archive regions: 0->0
[3.019s][info][gc,heap        ] GC(30) Humongous regions: 4->4
[3.019s][info][gc,metaspace   ] GC(30) Metaspace: 16718K(16960K)->16718K(16960K) NonClass: 14717K(14848K)->14717K(14848K) Class: 2001K(2112K)->2001K(2112K)
[3.019s][info][gc             ] GC(30) Pause Young (Normal) (G1 Evacuation Pause) 48M->48M(50M) 3.295ms
[3.019s][info][gc,cpu         ] GC(30) User=0.00s Sys=0.00s Real=0.00s
[3.019s][info][gc,ergo        ] Attempting full compaction
[3.019s][info][gc,task        ] GC(31) Using 3 workers of 4 for full compaction
[3.020s][info][gc,start       ] GC(31) Pause Full (G1 Compaction Pause)
[3.020s][info][gc,phases,start] GC(31) Phase 1: Mark live objects
[3.042s][info][gc,phases      ] GC(31) Phase 1: Mark live objects 22.307ms
[3.042s][info][gc,phases,start] GC(31) Phase 2: Prepare for compaction
[3.043s][info][gc,phases      ] GC(31) Phase 2: Prepare for compaction 0.975ms
[3.043s][info][gc,phases,start] GC(31) Phase 3: Adjust pointers
[3.050s][info][gc,phases      ] GC(31) Phase 3: Adjust pointers 7.254ms
[3.051s][info][gc,phases,start] GC(31) Phase 4: Compact heap
[3.051s][info][gc,phases      ] GC(31) Phase 4: Compact heap 0.859ms
[3.055s][info][gc,heap        ] GC(31) Eden regions: 0->0(2)
[3.055s][info][gc,heap        ] GC(31) Survivor regions: 0->0(0)
[3.055s][info][gc,heap        ] GC(31) Old regions: 46->45
[3.055s][info][gc,heap        ] GC(31) Archive regions: 0->0
[3.055s][info][gc,heap        ] GC(31) Humongous regions: 4->4
[3.055s][info][gc,metaspace   ] GC(31) Metaspace: 16718K(16960K)->16718K(16960K) NonClass: 14717K(14848K)->14717K(14848K) Class: 2001K(2112K)->2001K(2112K)
[3.055s][info][gc             ] GC(31) Pause Full (G1 Compaction Pause) 48M->48M(50M) 35.152ms
[3.055s][info][gc,cpu         ] GC(31) User=0.09s Sys=0.00s Real=0.04s
[3.055s][info][gc,marking     ] GC(28) Concurrent Mark From Roots 47.166ms
[3.055s][info][gc,marking     ] GC(28) Concurrent Mark Abort
[3.055s][info][gc             ] GC(28) Concurrent Mark Cycle 48.678ms
[3.058s][info][gc,start       ] GC(32) Pause Young (Normal) (G1 Evacuation Pause)
[3.058s][info][gc,task        ] GC(32) Using 4 workers of 4 for evacuation
[3.060s][info][gc             ] GC(32) To-space exhausted
[3.060s][info][gc,phases      ] GC(32)   Pre Evacuate Collection Set: 0.0ms
[3.060s][info][gc,phases      ] GC(32)   Merge Heap Roots: 0.0ms
[3.060s][info][gc,phases      ] GC(32)   Evacuate Collection Set: 1.2ms
[3.060s][info][gc,phases      ] GC(32)   Post Evacuate Collection Set: 1.0ms
[3.060s][info][gc,phases      ] GC(32)   Other: 0.2ms
[3.061s][info][gc,heap        ] GC(32) Eden regions: 1->0(2)
[3.061s][info][gc,heap        ] GC(32) Survivor regions: 0->0(0)
[3.061s][info][gc,heap        ] GC(32) Old regions: 45->46
[3.061s][info][gc,heap        ] GC(32) Archive regions: 0->0
[3.061s][info][gc,heap        ] GC(32) Humongous regions: 4->4
[3.061s][info][gc,metaspace   ] GC(32) Metaspace: 16718K(16960K)->16718K(16960K) NonClass: 14717K(14848K)->14717K(14848K) Class: 2001K(2112K)->2001K(2112K)
[3.061s][info][gc             ] GC(32) Pause Young (Normal) (G1 Evacuation Pause) 49M->49M(50M) 2.457ms
[3.061s][info][gc,cpu         ] GC(32) User=0.00s Sys=0.00s Real=0.00s
[3.061s][info][gc,ergo        ] Attempting full compaction
[3.061s][info][gc,task        ] GC(33) Using 3 workers of 4 for full compaction
[3.061s][info][gc,start       ] GC(33) Pause Full (G1 Compaction Pause)
[3.061s][info][gc,phases,start] GC(33) Phase 1: Mark live objects
[3.085s][info][gc,phases      ] GC(33) Phase 1: Mark live objects 24.273ms
[3.085s][info][gc,phases,start] GC(33) Phase 2: Prepare for compaction
[3.086s][info][gc,phases      ] GC(33) Phase 2: Prepare for compaction 1.065ms
[3.086s][info][gc,phases,start] GC(33) Phase 3: Adjust pointers
[3.093s][info][gc,phases      ] GC(33) Phase 3: Adjust pointers 7.148ms
[3.093s][info][gc,phases,start] GC(33) Phase 4: Compact heap
[3.094s][info][gc,phases      ] GC(33) Phase 4: Compact heap 0.997ms
[3.097s][info][gc,heap        ] GC(33) Eden regions: 0->0(2)
[3.097s][info][gc,heap        ] GC(33) Survivor regions: 0->0(0)
[3.097s][info][gc,heap        ] GC(33) Old regions: 46->46
[3.097s][info][gc,heap        ] GC(33) Archive regions: 0->0
[3.097s][info][gc,heap        ] GC(33) Humongous regions: 4->4
[3.097s][info][gc,metaspace   ] GC(33) Metaspace: 16718K(16960K)->16698K(16960K) NonClass: 14717K(14848K)->14702K(14848K) Class: 2001K(2112K)->1995K(2112K)
[3.097s][info][gc             ] GC(33) Pause Full (G1 Compaction Pause) 49M->49M(50M) 36.758ms
[3.098s][info][gc,cpu         ] GC(33) User=0.11s Sys=0.02s Real=0.04s
[3.098s][info][gc,ergo        ] Attempting maximum full compaction clearing soft references
[3.098s][info][gc,task        ] GC(34) Using 2 workers of 4 for full compaction
[3.098s][info][gc,start       ] GC(34) Pause Full (G1 Compaction Pause)
[3.098s][info][gc,phases,start] GC(34) Phase 1: Mark live objects
[3.129s][info][gc,phases      ] GC(34) Phase 1: Mark live objects 31.371ms
[3.129s][info][gc,phases,start] GC(34) Phase 2: Prepare for compaction
[3.137s][info][gc,phases      ] GC(34) Phase 2: Prepare for compaction 7.939ms
[3.137s][info][gc,phases,start] GC(34) Phase 3: Adjust pointers
[3.151s][info][gc,phases      ] GC(34) Phase 3: Adjust pointers 13.655ms
[3.151s][info][gc,phases,start] GC(34) Phase 4: Compact heap
[3.159s][info][gc,phases      ] GC(34) Phase 4: Compact heap 7.584ms
[3.161s][info][gc,heap        ] GC(34) Eden regions: 0->0(2)
[3.161s][info][gc,heap        ] GC(34) Survivor regions: 0->0(0)
[3.161s][info][gc,heap        ] GC(34) Old regions: 46->45
[3.161s][info][gc,heap        ] GC(34) Archive regions: 0->0
[3.161s][info][gc,heap        ] GC(34) Humongous regions: 4->4
[3.161s][info][gc,metaspace   ] GC(34) Metaspace: 16698K(16960K)->16698K(16960K) NonClass: 14702K(14848K)->14702K(14848K) Class: 1995K(2112K)->1995K(2112K)
[3.161s][info][gc             ] GC(34) Pause Full (G1 Compaction Pause) 49M->48M(50M) 63.598ms
[3.161s][info][gc,cpu         ] GC(34) User=0.12s Sys=0.00s Real=0.06s
[3.164s][info][gc,start       ] GC(35) Pause Young (Concurrent Start) (G1 Evacuation Pause)
[3.164s][info][gc,task        ] GC(35) Using 4 workers of 4 for evacuation
[3.167s][info][gc             ] GC(35) To-space exhausted
[3.167s][info][gc,phases      ] GC(35)   Pre Evacuate Collection Set: 0.0ms
[3.167s][info][gc,phases      ] GC(35)   Merge Heap Roots: 0.0ms
[3.167s][info][gc,phases      ] GC(35)   Evacuate Collection Set: 1.0ms
[3.167s][info][gc,phases      ] GC(35)   Post Evacuate Collection Set: 1.3ms
[3.167s][info][gc,phases      ] GC(35)   Other: 0.2ms
[3.167s][info][gc,heap        ] GC(35) Eden regions: 1->0(2)
[3.167s][info][gc,heap        ] GC(35) Survivor regions: 0->0(0)
[3.167s][info][gc,heap        ] GC(35) Old regions: 45->46
[3.167s][info][gc,heap        ] GC(35) Archive regions: 0->0
[3.167s][info][gc,heap        ] GC(35) Humongous regions: 4->4
[3.167s][info][gc,metaspace   ] GC(35) Metaspace: 16698K(16960K)->16698K(16960K) NonClass: 14702K(14848K)->14702K(14848K) Class: 1995K(2112K)->1995K(2112K)
[3.167s][info][gc             ] GC(35) Pause Young (Concurrent Start) (G1 Evacuation Pause) 49M->49M(50M) 2.750ms
[3.167s][info][gc,cpu         ] GC(35) User=0.00s Sys=0.00s Real=0.00s
[3.167s][info][gc,ergo        ] Attempting full compaction
[3.167s][info][gc             ] GC(36) Concurrent Mark Cycle
[3.167s][info][gc,task        ] GC(37) Using 3 workers of 4 for full compaction
[3.167s][info][gc,marking     ] GC(36) Concurrent Clear Claimed Marks
[3.167s][info][gc,marking     ] GC(36) Concurrent Clear Claimed Marks 0.055ms
[3.167s][info][gc,marking     ] GC(36) Concurrent Scan Root Regions
[3.167s][info][gc,marking     ] GC(36) Concurrent Scan Root Regions 0.008ms
[3.167s][info][gc,marking     ] GC(36) Concurrent Mark
[3.167s][info][gc,marking     ] GC(36) Concurrent Mark From Roots
[3.167s][info][gc,task        ] GC(36) Using 1 workers of 1 for marking
[3.167s][info][gc,start       ] GC(37) Pause Full (G1 Compaction Pause)
[3.168s][info][gc,phases,start] GC(37) Phase 1: Mark live objects
[3.189s][info][gc,phases      ] GC(37) Phase 1: Mark live objects 21.069ms
[3.189s][info][gc,phases,start] GC(37) Phase 2: Prepare for compaction
[3.189s][info][gc,phases      ] GC(37) Phase 2: Prepare for compaction 0.398ms
[3.189s][info][gc,phases,start] GC(37) Phase 3: Adjust pointers
[3.196s][info][gc,phases      ] GC(37) Phase 3: Adjust pointers 6.378ms
[3.196s][info][gc,phases,start] GC(37) Phase 4: Compact heap
[3.196s][info][gc,phases      ] GC(37) Phase 4: Compact heap 0.410ms
[3.199s][info][gc,heap        ] GC(37) Eden regions: 0->0(2)
[3.199s][info][gc,heap        ] GC(37) Survivor regions: 0->0(0)
[3.199s][info][gc,heap        ] GC(37) Old regions: 46->46
[3.199s][info][gc,heap        ] GC(37) Archive regions: 0->0
[3.199s][info][gc,heap        ] GC(37) Humongous regions: 4->4
[3.199s][info][gc,metaspace   ] GC(37) Metaspace: 16698K(16960K)->16698K(16960K) NonClass: 14702K(14848K)->14702K(14848K) Class: 1995K(2112K)->1995K(2112K)
[3.199s][info][gc             ] GC(37) Pause Full (G1 Compaction Pause) 49M->49M(50M) 31.404ms
[3.199s][info][gc,cpu         ] GC(37) User=0.09s Sys=0.00s Real=0.03s
[3.199s][info][gc,ergo        ] Attempting maximum full compaction clearing soft references
[3.199s][info][gc,task        ] GC(38) Using 2 workers of 4 for full compaction
[3.199s][info][gc,start       ] GC(38) Pause Full (G1 Compaction Pause)
[3.199s][info][gc,phases,start] GC(38) Phase 1: Mark live objects
[3.231s][info][gc,phases      ] GC(38) Phase 1: Mark live objects 31.906ms
[3.231s][info][gc,phases,start] GC(38) Phase 2: Prepare for compaction
[3.238s][info][gc,phases      ] GC(38) Phase 2: Prepare for compaction 7.233ms
[3.238s][info][gc,phases,start] GC(38) Phase 3: Adjust pointers
[3.251s][info][gc,phases      ] GC(38) Phase 3: Adjust pointers 12.502ms
[3.251s][info][gc,phases,start] GC(38) Phase 4: Compact heap
[3.257s][info][gc,phases      ] GC(38) Phase 4: Compact heap 5.988ms
[3.260s][info][gc,heap        ] GC(38) Eden regions: 0->0(2)
[3.260s][info][gc,heap        ] GC(38) Survivor regions: 0->0(0)
[3.260s][info][gc,heap        ] GC(38) Old regions: 46->46
[3.260s][info][gc,heap        ] GC(38) Archive regions: 0->0
[3.260s][info][gc,heap        ] GC(38) Humongous regions: 4->4
[3.260s][info][gc,metaspace   ] GC(38) Metaspace: 16698K(16960K)->16698K(16960K) NonClass: 14702K(14848K)->14702K(14848K) Class: 1995K(2112K)->1995K(2112K)
[3.260s][info][gc             ] GC(38) Pause Full (G1 Compaction Pause) 49M->49M(50M) 60.592ms
[3.260s][info][gc,cpu         ] GC(38) User=0.12s Sys=0.00s Real=0.06s
[3.260s][info][gc,marking     ] GC(36) Concurrent Mark From Roots 92.478ms
[3.260s][info][gc,start       ] GC(39) Pause Young (Normal) (G1 Evacuation Pause)
[3.260s][info][gc,task        ] GC(39) Using 4 workers of 4 for evacuation
[3.260s][info][gc,phases      ] GC(39)   Pre Evacuate Collection Set: 0.0ms
[3.261s][info][gc,phases      ] GC(39)   Merge Heap Roots: 0.0ms
[3.261s][info][gc,phases      ] GC(39)   Evacuate Collection Set: 0.1ms
[3.261s][info][gc,phases      ] GC(39)   Post Evacuate Collection Set: 0.2ms
[3.261s][info][gc,phases      ] GC(39)   Other: 0.1ms
[3.261s][info][gc,heap        ] GC(39) Eden regions: 0->0(2)
[3.261s][info][gc,heap        ] GC(39) Survivor regions: 0->0(0)
[3.261s][info][gc,heap        ] GC(39) Old regions: 46->46
[3.261s][info][gc,heap        ] GC(39) Archive regions: 0->0
[3.261s][info][gc,heap        ] GC(39) Humongous regions: 4->4
[3.261s][info][gc,metaspace   ] GC(39) Metaspace: 16698K(16960K)->16698K(16960K) NonClass: 14702K(14848K)->14702K(14848K) Class: 1995K(2112K)->1995K(2112K)
[3.261s][info][gc             ] GC(39) Pause Young (Normal) (G1 Evacuation Pause) 49M->49M(50M) 0.503ms
[3.261s][info][gc,cpu         ] GC(39) User=0.00s Sys=0.00s Real=0.00s
[3.261s][info][gc,ergo        ] Attempting full compaction
[3.261s][info][gc,task        ] GC(40) Using 3 workers of 4 for full compaction
[3.261s][info][gc,start       ] GC(40) Pause Full (G1 Compaction Pause)
[3.261s][info][gc,phases,start] GC(40) Phase 1: Mark live objects
[3.282s][info][gc,phases      ] GC(40) Phase 1: Mark live objects 21.721ms
[3.283s][info][gc,phases,start] GC(40) Phase 2: Prepare for compaction
[3.283s][info][gc,phases      ] GC(40) Phase 2: Prepare for compaction 0.375ms
[3.283s][info][gc,phases,start] GC(40) Phase 3: Adjust pointers
[3.289s][info][gc,phases      ] GC(40) Phase 3: Adjust pointers 6.350ms
[3.289s][info][gc,phases,start] GC(40) Phase 4: Compact heap
[3.290s][info][gc,phases      ] GC(40) Phase 4: Compact heap 0.408ms
[3.292s][info][gc,heap        ] GC(40) Eden regions: 0->0(2)
[3.292s][info][gc,heap        ] GC(40) Survivor regions: 0->0(0)
[3.292s][info][gc,heap        ] GC(40) Old regions: 46->46
[3.292s][info][gc,heap        ] GC(40) Archive regions: 0->0
[3.292s][info][gc,heap        ] GC(40) Humongous regions: 4->4
[3.292s][info][gc,metaspace   ] GC(40) Metaspace: 16698K(16960K)->16698K(16960K) NonClass: 14702K(14848K)->14702K(14848K) Class: 1995K(2112K)->1995K(2112K)
[3.292s][info][gc             ] GC(40) Pause Full (G1 Compaction Pause) 49M->49M(50M) 31.550ms
[3.292s][info][gc,cpu         ] GC(40) User=0.09s Sys=0.00s Real=0.03s
[3.292s][info][gc,ergo        ] Attempting maximum full compaction clearing soft references
[3.292s][info][gc,task        ] GC(41) Using 2 workers of 4 for full compaction
[3.292s][info][gc,start       ] GC(41) Pause Full (G1 Compaction Pause)
[3.292s][info][gc,phases,start] GC(41) Phase 1: Mark live objects
[3.324s][info][gc,phases      ] GC(41) Phase 1: Mark live objects 31.794ms
[3.324s][info][gc,phases,start] GC(41) Phase 2: Prepare for compaction
[3.331s][info][gc,phases      ] GC(41) Phase 2: Prepare for compaction 7.148ms
[3.332s][info][gc,phases,start] GC(41) Phase 3: Adjust pointers
[3.344s][info][gc,phases      ] GC(41) Phase 3: Adjust pointers 12.292ms
[3.344s][info][gc,phases,start] GC(41) Phase 4: Compact heap
[3.349s][info][gc,phases      ] GC(41) Phase 4: Compact heap 5.525ms
[3.352s][info][gc,heap        ] GC(41) Eden regions: 0->0(2)
[3.352s][info][gc,heap        ] GC(41) Survivor regions: 0->0(0)
[3.352s][info][gc,heap        ] GC(41) Old regions: 46->46
[3.352s][info][gc,heap        ] GC(41) Archive regions: 0->0
[3.352s][info][gc,heap        ] GC(41) Humongous regions: 4->4
[3.352s][info][gc,metaspace   ] GC(41) Metaspace: 16698K(16960K)->16698K(16960K) NonClass: 14702K(14848K)->14702K(14848K) Class: 1995K(2112K)->1995K(2112K)
[3.352s][info][gc             ] GC(41) Pause Full (G1 Compaction Pause) 49M->49M(50M) 59.537ms
[3.352s][info][gc,cpu         ] GC(41) User=0.11s Sys=0.00s Real=0.06s
[3.352s][info][gc,marking     ] GC(36) Concurrent Mark Abort
[3.352s][info][gc             ] GC(36) Concurrent Mark Cycle 184.913ms
[3.352s][info][gc,start       ] GC(42) Pause Young (Normal) (G1 Evacuation Pause)
[3.353s][info][gc,task        ] GC(42) Using 4 workers of 4 for evacuation
[3.353s][info][gc,phases      ] GC(42)   Pre Evacuate Collection Set: 0.0ms
[3.353s][info][gc,phases      ] GC(42)   Merge Heap Roots: 0.0ms
[3.353s][info][gc,phases      ] GC(42)   Evacuate Collection Set: 0.1ms
[3.353s][info][gc,phases      ] GC(42)   Post Evacuate Collection Set: 0.2ms
[3.353s][info][gc,phases      ] GC(42)   Other: 0.1ms
[3.353s][info][gc,heap        ] GC(42) Eden regions: 0->0(2)
[3.353s][info][gc,heap        ] GC(42) Survivor regions: 0->0(0)
[3.353s][info][gc,heap        ] GC(42) Old regions: 46->46
[3.353s][info][gc,heap        ] GC(42) Archive regions: 0->0
[3.353s][info][gc,heap        ] GC(42) Humongous regions: 4->4
[3.353s][info][gc,metaspace   ] GC(42) Metaspace: 16698K(16960K)->16698K(16960K) NonClass: 14702K(14848K)->14702K(14848K) Class: 1995K(2112K)->1995K(2112K)
[3.353s][info][gc             ] GC(42) Pause Young (Normal) (G1 Evacuation Pause) 49M->49M(50M) 0.659ms
[3.353s][info][gc,cpu         ] GC(42) User=0.00s Sys=0.00s Real=0.00s
[3.353s][info][gc,ergo        ] Attempting full compaction
[3.353s][info][gc,task        ] GC(43) Using 3 workers of 4 for full compaction
[3.353s][info][gc,start       ] GC(43) Pause Full (G1 Compaction Pause)
[3.353s][info][gc,phases,start] GC(43) Phase 1: Mark live objects
[3.375s][info][gc,phases      ] GC(43) Phase 1: Mark live objects 21.350ms
[3.375s][info][gc,phases,start] GC(43) Phase 2: Prepare for compaction
[3.375s][info][gc,phases      ] GC(43) Phase 2: Prepare for compaction 0.364ms
[3.375s][info][gc,phases,start] GC(43) Phase 3: Adjust pointers
[3.381s][info][gc,phases      ] GC(43) Phase 3: Adjust pointers 6.334ms
[3.381s][info][gc,phases,start] GC(43) Phase 4: Compact heap
[3.382s][info][gc,phases      ] GC(43) Phase 4: Compact heap 0.192ms
[3.384s][info][gc,heap        ] GC(43) Eden regions: 0->0(2)
[3.384s][info][gc,heap        ] GC(43) Survivor regions: 0->0(0)
[3.384s][info][gc,heap        ] GC(43) Old regions: 46->46
[3.384s][info][gc,heap        ] GC(43) Archive regions: 0->0
[3.384s][info][gc,heap        ] GC(43) Humongous regions: 4->4
[3.384s][info][gc,metaspace   ] GC(43) Metaspace: 16698K(16960K)->16698K(16960K) NonClass: 14702K(14848K)->14702K(14848K) Class: 1995K(2112K)->1995K(2112K)
[3.384s][info][gc             ] GC(43) Pause Full (G1 Compaction Pause) 49M->49M(50M) 30.846ms
[3.384s][info][gc,cpu         ] GC(43) User=0.09s Sys=0.00s Real=0.03s
[3.384s][info][gc,ergo        ] Attempting maximum full compaction clearing soft references
[3.384s][info][gc,task        ] GC(44) Using 2 workers of 4 for full compaction
[3.384s][info][gc,start       ] GC(44) Pause Full (G1 Compaction Pause)
[3.384s][info][gc,phases,start] GC(44) Phase 1: Mark live objects
[3.416s][info][gc,phases      ] GC(44) Phase 1: Mark live objects 31.984ms
[3.416s][info][gc,phases,start] GC(44) Phase 2: Prepare for compaction
[3.424s][info][gc,phases      ] GC(44) Phase 2: Prepare for compaction 7.783ms
[3.424s][info][gc,phases,start] GC(44) Phase 3: Adjust pointers
[3.438s][info][gc,phases      ] GC(44) Phase 3: Adjust pointers 13.837ms
[3.438s][info][gc,phases,start] GC(44) Phase 4: Compact heap
[3.445s][info][gc,phases      ] GC(44) Phase 4: Compact heap 6.518ms
[3.447s][info][gc,heap        ] GC(44) Eden regions: 0->0(2)
[3.447s][info][gc,heap        ] GC(44) Survivor regions: 0->0(0)
[3.447s][info][gc,heap        ] GC(44) Old regions: 46->46
[3.447s][info][gc,heap        ] GC(44) Archive regions: 0->0
[3.447s][info][gc,heap        ] GC(44) Humongous regions: 4->4
[3.447s][info][gc,metaspace   ] GC(44) Metaspace: 16698K(16960K)->16698K(16960K) NonClass: 14702K(14848K)->14702K(14848K) Class: 1995K(2112K)->1995K(2112K)
[3.447s][info][gc             ] GC(44) Pause Full (G1 Compaction Pause) 49M->49M(50M) 63.221ms
[3.448s][info][gc,cpu         ] GC(44) User=0.12s Sys=0.00s Real=0.06s
[3.448s][info][gc,start       ] GC(45) Pause Young (Concurrent Start) (G1 Evacuation Pause)
[3.448s][info][gc,task        ] GC(45) Using 4 workers of 4 for evacuation
[3.450s][info][gc,phases      ] GC(45)   Pre Evacuate Collection Set: 0.0ms
[3.450s][info][gc,phases      ] GC(45)   Merge Heap Roots: 0.0ms
[3.450s][info][gc,phases      ] GC(45)   Evacuate Collection Set: 1.3ms
[3.450s][info][gc,phases      ] GC(45)   Post Evacuate Collection Set: 0.2ms
[3.450s][info][gc,phases      ] GC(45)   Other: 0.1ms
[3.450s][info][gc,heap        ] GC(45) Eden regions: 0->0(2)
[3.450s][info][gc,heap        ] GC(45) Survivor regions: 0->0(0)
[3.450s][info][gc,heap        ] GC(45) Old regions: 46->46
[3.450s][info][gc,heap        ] GC(45) Archive regions: 0->0
[3.450s][info][gc,heap        ] GC(45) Humongous regions: 4->4
[3.450s][info][gc,metaspace   ] GC(45) Metaspace: 16698K(16960K)->16698K(16960K) NonClass: 14702K(14848K)->14702K(14848K) Class: 1995K(2112K)->1995K(2112K)
[3.450s][info][gc             ] GC(45) Pause Young (Concurrent Start) (G1 Evacuation Pause) 49M->49M(50M) 1.752ms
[3.450s][info][gc,cpu         ] GC(45) User=0.00s Sys=0.00s Real=0.00s
[3.450s][info][gc,ergo        ] Attempting full compaction
[3.450s][info][gc,task        ] GC(46) Using 3 workers of 4 for full compaction
[3.450s][info][gc             ] GC(47) Concurrent Mark Cycle
[3.450s][info][gc,marking     ] GC(47) Concurrent Clear Claimed Marks
[3.450s][info][gc,start       ] GC(46) Pause Full (G1 Compaction Pause)
[3.450s][info][gc,marking     ] GC(47) Concurrent Clear Claimed Marks 0.017ms
[3.450s][info][gc,marking     ] GC(47) Concurrent Scan Root Regions
[3.450s][info][gc,marking     ] GC(47) Concurrent Scan Root Regions 0.008ms
[3.450s][info][gc,marking     ] GC(47) Concurrent Mark
[3.450s][info][gc,marking     ] GC(47) Concurrent Mark From Roots
[3.450s][info][gc,task        ] GC(47) Using 1 workers of 1 for marking
[3.450s][info][gc,phases,start] GC(46) Phase 1: Mark live objects
[3.486s][info][gc,phases      ] GC(46) Phase 1: Mark live objects 35.944ms
[3.486s][info][gc,phases,start] GC(46) Phase 2: Prepare for compaction
[3.487s][info][gc,phases      ] GC(46) Phase 2: Prepare for compaction 0.375ms
[3.487s][info][gc,phases,start] GC(46) Phase 3: Adjust pointers
[3.515s][info][gc,phases      ] GC(46) Phase 3: Adjust pointers 28.530ms
[3.515s][info][gc,phases,start] GC(46) Phase 4: Compact heap
[3.515s][info][gc,phases      ] GC(46) Phase 4: Compact heap 0.198ms
[3.518s][info][gc,heap        ] GC(46) Eden regions: 0->0(2)
[3.518s][info][gc,heap        ] GC(46) Survivor regions: 0->0(0)
[3.518s][info][gc,heap        ] GC(46) Old regions: 46->46
[3.518s][info][gc,heap        ] GC(46) Archive regions: 0->0
[3.518s][info][gc,heap        ] GC(46) Humongous regions: 4->4
[3.518s][info][gc,metaspace   ] GC(46) Metaspace: 16698K(16960K)->16698K(16960K) NonClass: 14702K(14848K)->14702K(14848K) Class: 1995K(2112K)->1995K(2112K)
[3.518s][info][gc             ] GC(46) Pause Full (G1 Compaction Pause) 49M->49M(50M) 67.913ms
[3.518s][info][gc,cpu         ] GC(46) User=0.14s Sys=0.00s Real=0.07s
[3.518s][info][gc,ergo        ] Attempting maximum full compaction clearing soft references
[3.518s][info][gc,task        ] GC(48) Using 2 workers of 4 for full compaction
[3.518s][info][gc,start       ] GC(48) Pause Full (G1 Compaction Pause)
[3.518s][info][gc,phases,start] GC(48) Phase 1: Mark live objects
[3.566s][info][gc,phases      ] GC(48) Phase 1: Mark live objects 47.596ms
[3.566s][info][gc,phases,start] GC(48) Phase 2: Prepare for compaction
[3.573s][info][gc,phases      ] GC(48) Phase 2: Prepare for compaction 7.342ms
[3.573s][info][gc,phases,start] GC(48) Phase 3: Adjust pointers
[3.586s][info][gc,phases      ] GC(48) Phase 3: Adjust pointers 13.020ms
[3.586s][info][gc,phases,start] GC(48) Phase 4: Compact heap
[3.591s][info][gc,phases      ] GC(48) Phase 4: Compact heap 5.036ms
[3.594s][info][gc,heap        ] GC(48) Eden regions: 0->0(2)
[3.594s][info][gc,heap        ] GC(48) Survivor regions: 0->0(0)
[3.594s][info][gc,heap        ] GC(48) Old regions: 46->46
[3.594s][info][gc,heap        ] GC(48) Archive regions: 0->0
[3.594s][info][gc,heap        ] GC(48) Humongous regions: 4->4
[3.594s][info][gc,metaspace   ] GC(48) Metaspace: 16698K(16960K)->16698K(16960K) NonClass: 14702K(14848K)->14702K(14848K) Class: 1995K(2112K)->1995K(2112K)
[3.594s][info][gc             ] GC(48) Pause Full (G1 Compaction Pause) 49M->49M(50M) 75.785ms
[3.594s][info][gc,cpu         ] GC(48) User=0.08s Sys=0.02s Real=0.08s
[3.654s][info][gc,marking     ] GC(47) Concurrent Mark From Roots 203.800ms
[3.654s][info][gc,marking     ] GC(47) Concurrent Mark Abort
[3.654s][info][gc             ] GC(47) Concurrent Mark Cycle 203.970ms
[3.654s][info][gc,start       ] GC(49) Pause Young (Normal) (G1 Evacuation Pause)
[3.654s][info][gc,task        ] GC(49) Using 4 workers of 4 for evacuation
[3.655s][info][gc,phases      ] GC(49)   Pre Evacuate Collection Set: 0.0ms
[3.655s][info][gc,phases      ] GC(49)   Merge Heap Roots: 0.0ms
[3.655s][info][gc,phases      ] GC(49)   Evacuate Collection Set: 0.1ms
[3.655s][info][gc,phases      ] GC(49)   Post Evacuate Collection Set: 0.1ms
[3.655s][info][gc,phases      ] GC(49)   Other: 0.1ms
[3.655s][info][gc,heap        ] GC(49) Eden regions: 0->0(2)
[3.655s][info][gc,heap        ] GC(49) Survivor regions: 0->0(0)
[3.655s][info][gc,heap        ] GC(49) Old regions: 46->46
[3.655s][info][gc,heap        ] GC(49) Archive regions: 0->0
[3.655s][info][gc,heap        ] GC(49) Humongous regions: 4->4
[3.655s][info][gc,metaspace   ] GC(49) Metaspace: 16698K(16960K)->16698K(16960K) NonClass: 14702K(14848K)->14702K(14848K) Class: 1995K(2112K)->1995K(2112K)
[3.655s][info][gc             ] GC(49) Pause Young (Normal) (G1 Evacuation Pause) 49M->49M(50M) 0.529ms
[3.655s][info][gc,cpu         ] GC(49) User=0.00s Sys=0.00s Real=0.00s
[3.655s][info][gc,ergo        ] Attempting full compaction
[3.655s][info][gc,task        ] GC(50) Using 3 workers of 4 for full compaction
[3.655s][info][gc,start       ] GC(50) Pause Full (G1 Compaction Pause)
[3.655s][info][gc,phases,start] GC(50) Phase 1: Mark live objects
[3.684s][info][gc,phases      ] GC(50) Phase 1: Mark live objects 28.903ms
[3.684s][info][gc,phases,start] GC(50) Phase 2: Prepare for compaction
[3.684s][info][gc,phases      ] GC(50) Phase 2: Prepare for compaction 0.438ms
[3.685s][info][gc,phases,start] GC(50) Phase 3: Adjust pointers
[3.697s][info][gc,phases      ] GC(50) Phase 3: Adjust pointers 12.453ms
[3.697s][info][gc,phases,start] GC(50) Phase 4: Compact heap
[3.697s][info][gc,phases      ] GC(50) Phase 4: Compact heap 0.203ms
[3.700s][info][gc,heap        ] GC(50) Eden regions: 0->0(2)
[3.700s][info][gc,heap        ] GC(50) Survivor regions: 0->0(0)
[3.700s][info][gc,heap        ] GC(50) Old regions: 46->46
[3.700s][info][gc,heap        ] GC(50) Archive regions: 0->0
[3.700s][info][gc,heap        ] GC(50) Humongous regions: 4->4
[3.700s][info][gc,metaspace   ] GC(50) Metaspace: 16698K(16960K)->16698K(16960K) NonClass: 14702K(14848K)->14702K(14848K) Class: 1995K(2112K)->1995K(2112K)
[3.700s][info][gc             ] GC(50) Pause Full (G1 Compaction Pause) 49M->49M(50M) 44.811ms
[3.700s][info][gc,cpu         ] GC(50) User=0.12s Sys=0.00s Real=0.05s
[3.700s][info][gc,ergo        ] Attempting maximum full compaction clearing soft references
[3.700s][info][gc,task        ] GC(51) Using 2 workers of 4 for full compaction
[3.700s][info][gc,start       ] GC(51) Pause Full (G1 Compaction Pause)
[3.700s][info][gc,phases,start] GC(51) Phase 1: Mark live objects
[3.767s][info][gc,phases      ] GC(51) Phase 1: Mark live objects 67.188ms
[3.767s][info][gc,phases,start] GC(51) Phase 2: Prepare for compaction
[3.775s][info][gc,phases      ] GC(51) Phase 2: Prepare for compaction 7.799ms
[3.775s][info][gc,phases,start] GC(51) Phase 3: Adjust pointers
[3.789s][info][gc,phases      ] GC(51) Phase 3: Adjust pointers 13.952ms
[3.789s][info][gc,phases,start] GC(51) Phase 4: Compact heap
[3.795s][info][gc,phases      ] GC(51) Phase 4: Compact heap 5.460ms
[3.797s][info][gc,heap        ] GC(51) Eden regions: 0->0(2)
[3.797s][info][gc,heap        ] GC(51) Survivor regions: 0->0(0)
[3.798s][info][gc,heap        ] GC(51) Old regions: 46->46
[3.798s][info][gc,heap        ] GC(51) Archive regions: 0->0
[3.798s][info][gc,heap        ] GC(51) Humongous regions: 4->4
[3.798s][info][gc,metaspace   ] GC(51) Metaspace: 16698K(16960K)->16698K(16960K) NonClass: 14702K(14848K)->14702K(14848K) Class: 1995K(2112K)->1995K(2112K)
[3.798s][info][gc             ] GC(51) Pause Full (G1 Compaction Pause) 49M->49M(50M) 97.492ms
[3.798s][info][gc,cpu         ] GC(51) User=0.14s Sys=0.00s Real=0.10s
[3.821s][info][gc,start       ] GC(52) Pause Young (Concurrent Start) (G1 Evacuation Pause)
[3.821s][info][gc,task        ] GC(52) Using 4 workers of 4 for evacuation
[3.823s][info][gc,phases      ] GC(52)   Pre Evacuate Collection Set: 0.1ms
[3.823s][info][gc,phases      ] GC(52)   Merge Heap Roots: 0.0ms
[3.823s][info][gc,phases      ] GC(52)   Evacuate Collection Set: 0.6ms
[3.823s][info][gc,phases      ] GC(52)   Post Evacuate Collection Set: 0.3ms
[3.823s][info][gc,phases      ] GC(52)   Other: 0.2ms
[3.823s][info][gc,heap        ] GC(52) Eden regions: 0->0(2)
[3.823s][info][gc,heap        ] GC(52) Survivor regions: 0->0(0)
[3.823s][info][gc,heap        ] GC(52) Old regions: 46->46
[3.823s][info][gc,heap        ] GC(52) Archive regions: 0->0
[3.823s][info][gc,heap        ] GC(52) Humongous regions: 4->4
[3.823s][info][gc,metaspace   ] GC(52) Metaspace: 16698K(16960K)->16698K(16960K) NonClass: 14702K(14848K)->14702K(14848K) Class: 1995K(2112K)->1995K(2112K)
[3.823s][info][gc             ] GC(52) Pause Young (Concurrent Start) (G1 Evacuation Pause) 49M->49M(50M) 1.394ms
[3.823s][info][gc,cpu         ] GC(52) User=0.00s Sys=0.00s Real=0.00s
[3.823s][info][gc,ergo        ] Attempting full compaction
[3.823s][info][gc,task        ] GC(53) Using 3 workers of 4 for full compaction
[3.823s][info][gc,start       ] GC(53) Pause Full (G1 Compaction Pause)
[3.823s][info][gc             ] GC(54) Concurrent Mark Cycle
[3.823s][info][gc,marking     ] GC(54) Concurrent Clear Claimed Marks
[3.823s][info][gc,marking     ] GC(54) Concurrent Clear Claimed Marks 0.027ms
[3.823s][info][gc,marking     ] GC(54) Concurrent Scan Root Regions
[3.823s][info][gc,marking     ] GC(54) Concurrent Scan Root Regions 0.009ms
[3.823s][info][gc,marking     ] GC(54) Concurrent Mark
[3.823s][info][gc,marking     ] GC(54) Concurrent Mark From Roots
[3.823s][info][gc,task        ] GC(54) Using 1 workers of 1 for marking
[3.824s][info][gc,phases,start] GC(53) Phase 1: Mark live objects
[3.851s][info][gc,phases      ] GC(53) Phase 1: Mark live objects 26.771ms
[3.851s][info][gc,phases,start] GC(53) Phase 2: Prepare for compaction
[3.851s][info][gc,phases      ] GC(53) Phase 2: Prepare for compaction 0.569ms
[3.851s][info][gc,phases,start] GC(53) Phase 3: Adjust pointers
[3.864s][info][gc,phases      ] GC(53) Phase 3: Adjust pointers 12.496ms
[3.864s][info][gc,phases,start] GC(53) Phase 4: Compact heap
[3.864s][info][gc,phases      ] GC(53) Phase 4: Compact heap 0.228ms
[3.867s][info][gc,heap        ] GC(53) Eden regions: 0->0(2)
[3.867s][info][gc,heap        ] GC(53) Survivor regions: 0->0(0)
[3.867s][info][gc,heap        ] GC(53) Old regions: 46->46
[3.867s][info][gc,heap        ] GC(53) Archive regions: 0->0
[3.867s][info][gc,heap        ] GC(53) Humongous regions: 4->4
[3.867s][info][gc,metaspace   ] GC(53) Metaspace: 16698K(16960K)->16698K(16960K) NonClass: 14702K(14848K)->14702K(14848K) Class: 1995K(2112K)->1995K(2112K)
[3.867s][info][gc             ] GC(53) Pause Full (G1 Compaction Pause) 49M->49M(50M) 44.183ms
[3.867s][info][gc,cpu         ] GC(53) User=0.12s Sys=0.00s Real=0.05s
[3.867s][info][gc,ergo        ] Attempting maximum full compaction clearing soft references
[3.867s][info][gc,task        ] GC(55) Using 2 workers of 4 for full compaction
[3.867s][info][gc,start       ] GC(55) Pause Full (G1 Compaction Pause)
[3.867s][info][gc,phases,start] GC(55) Phase 1: Mark live objects
[3.911s][info][gc,phases      ] GC(55) Phase 1: Mark live objects 43.672ms
[3.911s][info][gc,phases,start] GC(55) Phase 2: Prepare for compaction
[3.919s][info][gc,phases      ] GC(55) Phase 2: Prepare for compaction 8.129ms
[3.919s][info][gc,phases,start] GC(55) Phase 3: Adjust pointers
[3.933s][info][gc,phases      ] GC(55) Phase 3: Adjust pointers 14.134ms
[3.934s][info][gc,phases,start] GC(55) Phase 4: Compact heap
[3.940s][info][gc,phases      ] GC(55) Phase 4: Compact heap 6.058ms
[3.942s][info][gc,heap        ] GC(55) Eden regions: 0->0(2)
[3.942s][info][gc,heap        ] GC(55) Survivor regions: 0->0(0)
[3.942s][info][gc,heap        ] GC(55) Old regions: 46->46
[3.942s][info][gc,heap        ] GC(55) Archive regions: 0->0
[3.942s][info][gc,heap        ] GC(55) Humongous regions: 4->4
[3.942s][info][gc,metaspace   ] GC(55) Metaspace: 16698K(16960K)->16698K(16960K) NonClass: 14702K(14848K)->14702K(14848K) Class: 1995K(2112K)->1995K(2112K)
[3.942s][info][gc             ] GC(55) Pause Full (G1 Compaction Pause) 49M->49M(50M) 74.972ms
[3.942s][info][gc,cpu         ] GC(55) User=0.14s Sys=0.00s Real=0.07s
[3.942s][info][gc,marking     ] GC(54) Concurrent Mark From Roots 119.104ms
[3.943s][info][gc,marking     ] GC(54) Concurrent Mark Abort
[3.943s][info][gc             ] GC(54) Concurrent Mark Cycle 119.318ms
[3.943s][info][gc,start       ] GC(56) Pause Young (Normal) (G1 Evacuation Pause)
[3.943s][info][gc,task        ] GC(56) Using 4 workers of 4 for evacuation
[3.943s][info][gc,phases      ] GC(56)   Pre Evacuate Collection Set: 0.0ms
[3.943s][info][gc,phases      ] GC(56)   Merge Heap Roots: 0.0ms
[3.943s][info][gc,phases      ] GC(56)   Evacuate Collection Set: 0.1ms
[3.943s][info][gc,phases      ] GC(56)   Post Evacuate Collection Set: 0.2ms
[3.943s][info][gc,phases      ] GC(56)   Other: 0.1ms
[3.943s][info][gc,heap        ] GC(56) Eden regions: 0->0(2)
[3.943s][info][gc,heap        ] GC(56) Survivor regions: 0->0(0)
[3.943s][info][gc,heap        ] GC(56) Old regions: 46->46
[3.943s][info][gc,heap        ] GC(56) Archive regions: 0->0
[3.943s][info][gc,heap        ] GC(56) Humongous regions: 4->4
[3.943s][info][gc,metaspace   ] GC(56) Metaspace: 16698K(16960K)->16698K(16960K) NonClass: 14702K(14848K)->14702K(14848K) Class: 1995K(2112K)->1995K(2112K)
[3.943s][info][gc             ] GC(56) Pause Young (Normal) (G1 Evacuation Pause) 49M->49M(50M) 0.559ms
[3.943s][info][gc,cpu         ] GC(56) User=0.00s Sys=0.00s Real=0.00s
[3.943s][info][gc,ergo        ] Attempting full compaction
[3.943s][info][gc,task        ] GC(57) Using 3 workers of 4 for full compaction
[3.944s][info][gc,start       ] GC(57) Pause Full (G1 Compaction Pause)
[3.944s][info][gc,phases,start] GC(57) Phase 1: Mark live objects
[3.971s][info][gc,phases      ] GC(57) Phase 1: Mark live objects 27.201ms
[3.971s][info][gc,phases,start] GC(57) Phase 2: Prepare for compaction
[3.971s][info][gc,phases      ] GC(57) Phase 2: Prepare for compaction 0.455ms
[3.971s][info][gc,phases,start] GC(57) Phase 3: Adjust pointers
[3.979s][info][gc,phases      ] GC(57) Phase 3: Adjust pointers 7.222ms
[3.979s][info][gc,phases,start] GC(57) Phase 4: Compact heap
[3.979s][info][gc,phases      ] GC(57) Phase 4: Compact heap 0.217ms
[3.982s][info][gc,heap        ] GC(57) Eden regions: 0->0(2)
[3.982s][info][gc,heap        ] GC(57) Survivor regions: 0->0(0)
[3.982s][info][gc,heap        ] GC(57) Old regions: 46->46
[3.982s][info][gc,heap        ] GC(57) Archive regions: 0->0
[3.982s][info][gc,heap        ] GC(57) Humongous regions: 4->4
[3.982s][info][gc,metaspace   ] GC(57) Metaspace: 16698K(16960K)->16698K(16960K) NonClass: 14702K(14848K)->14702K(14848K) Class: 1995K(2112K)->1995K(2112K)
[3.982s][info][gc             ] GC(57) Pause Full (G1 Compaction Pause) 49M->49M(50M) 38.712ms
[3.982s][info][gc,cpu         ] GC(57) User=0.09s Sys=0.00s Real=0.04s
[3.982s][info][gc,ergo        ] Attempting maximum full compaction clearing soft references
[3.982s][info][gc,task        ] GC(58) Using 2 workers of 4 for full compaction
[3.982s][info][gc,start       ] GC(58) Pause Full (G1 Compaction Pause)
[3.983s][info][gc,phases,start] GC(58) Phase 1: Mark live objects
[4.018s][info][gc,phases      ] GC(58) Phase 1: Mark live objects 35.606ms
[4.018s][info][gc,phases,start] GC(58) Phase 2: Prepare for compaction
[4.026s][info][gc,phases      ] GC(58) Phase 2: Prepare for compaction 7.730ms
[4.026s][info][gc,phases,start] GC(58) Phase 3: Adjust pointers
[4.040s][info][gc,phases      ] GC(58) Phase 3: Adjust pointers 14.214ms
[4.040s][info][gc,phases,start] GC(58) Phase 4: Compact heap
[4.048s][info][gc,phases      ] GC(58) Phase 4: Compact heap 7.900ms
[4.051s][info][gc,heap        ] GC(58) Eden regions: 0->0(2)
[4.051s][info][gc,heap        ] GC(58) Survivor regions: 0->0(0)
[4.051s][info][gc,heap        ] GC(58) Old regions: 46->46
[4.051s][info][gc,heap        ] GC(58) Archive regions: 0->0
[4.051s][info][gc,heap        ] GC(58) Humongous regions: 4->4
[4.051s][info][gc,metaspace   ] GC(58) Metaspace: 16698K(16960K)->16698K(16960K) NonClass: 14702K(14848K)->14702K(14848K) Class: 1995K(2112K)->1995K(2112K)
[4.051s][info][gc             ] GC(58) Pause Full (G1 Compaction Pause) 49M->49M(50M) 68.266ms
[4.051s][info][gc,cpu         ] GC(58) User=0.14s Sys=0.00s Real=0.07s
[4.051s][info][gc,start       ] GC(59) Pause Young (Concurrent Start) (G1 Evacuation Pause)
[4.051s][info][gc,task        ] GC(59) Using 4 workers of 4 for evacuation
[4.051s][info][gc,phases      ] GC(59)   Pre Evacuate Collection Set: 0.0ms
[4.051s][info][gc,phases      ] GC(59)   Merge Heap Roots: 0.0ms
[4.051s][info][gc,phases      ] GC(59)   Evacuate Collection Set: 0.2ms
[4.051s][info][gc,phases      ] GC(59)   Post Evacuate Collection Set: 0.1ms
[4.051s][info][gc,phases      ] GC(59)   Other: 0.1ms
[4.051s][info][gc,heap        ] GC(59) Eden regions: 0->0(2)
[4.051s][info][gc,heap        ] GC(59) Survivor regions: 0->0(0)
[4.051s][info][gc,heap        ] GC(59) Old regions: 46->46
[4.051s][info][gc,heap        ] GC(59) Archive regions: 0->0
[4.052s][info][gc,heap        ] GC(59) Humongous regions: 4->4
[4.052s][info][gc,metaspace   ] GC(59) Metaspace: 16698K(16960K)->16698K(16960K) NonClass: 14702K(14848K)->14702K(14848K) Class: 1995K(2112K)->1995K(2112K)
[4.052s][info][gc             ] GC(59) Pause Young (Concurrent Start) (G1 Evacuation Pause) 49M->49M(50M) 0.579ms
[4.052s][info][gc,cpu         ] GC(59) User=0.00s Sys=0.00s Real=0.00s
[4.052s][info][gc,ergo        ] Attempting full compaction
[4.052s][info][gc             ] GC(60) Concurrent Mark Cycle
[4.052s][info][gc,task        ] GC(61) Using 3 workers of 4 for full compaction
[4.052s][info][gc,marking     ] GC(60) Concurrent Clear Claimed Marks
[4.052s][info][gc,marking     ] GC(60) Concurrent Clear Claimed Marks 0.049ms
[4.052s][info][gc,marking     ] GC(60) Concurrent Scan Root Regions
[4.052s][info][gc,start       ] GC(61) Pause Full (G1 Compaction Pause)
[4.052s][info][gc,marking     ] GC(60) Concurrent Scan Root Regions 0.020ms
[4.052s][info][gc,marking     ] GC(60) Concurrent Mark
[4.052s][info][gc,marking     ] GC(60) Concurrent Mark From Roots
[4.052s][info][gc,task        ] GC(60) Using 1 workers of 1 for marking
[4.052s][info][gc,phases,start] GC(61) Phase 1: Mark live objects
[4.073s][info][gc,phases      ] GC(61) Phase 1: Mark live objects 21.290ms
[4.073s][info][gc,phases,start] GC(61) Phase 2: Prepare for compaction
[4.074s][info][gc,phases      ] GC(61) Phase 2: Prepare for compaction 0.364ms
[4.074s][info][gc,phases,start] GC(61) Phase 3: Adjust pointers
[4.080s][info][gc,phases      ] GC(61) Phase 3: Adjust pointers 6.633ms
[4.080s][info][gc,phases,start] GC(61) Phase 4: Compact heap
[4.080s][info][gc,phases      ] GC(61) Phase 4: Compact heap 0.184ms
[4.083s][info][gc,heap        ] GC(61) Eden regions: 0->0(2)
[4.083s][info][gc,heap        ] GC(61) Survivor regions: 0->0(0)
[4.083s][info][gc,heap        ] GC(61) Old regions: 46->46
[4.083s][info][gc,heap        ] GC(61) Archive regions: 0->0
[4.083s][info][gc,heap        ] GC(61) Humongous regions: 4->4
[4.083s][info][gc,metaspace   ] GC(61) Metaspace: 16698K(16960K)->16698K(16960K) NonClass: 14702K(14848K)->14702K(14848K) Class: 1995K(2112K)->1995K(2112K)
[4.083s][info][gc             ] GC(61) Pause Full (G1 Compaction Pause) 49M->49M(50M) 31.171ms
[4.083s][info][gc,cpu         ] GC(61) User=0.09s Sys=0.00s Real=0.03s
[4.083s][info][gc,ergo        ] Attempting maximum full compaction clearing soft references
[4.083s][info][gc,task        ] GC(62) Using 2 workers of 4 for full compaction
[4.083s][info][gc,start       ] GC(62) Pause Full (G1 Compaction Pause)
[4.083s][info][gc,phases,start] GC(62) Phase 1: Mark live objects
[4.114s][info][gc,phases      ] GC(62) Phase 1: Mark live objects 31.333ms
[4.114s][info][gc,phases,start] GC(62) Phase 2: Prepare for compaction
[4.122s][info][gc,phases      ] GC(62) Phase 2: Prepare for compaction 7.246ms
[4.122s][info][gc,phases,start] GC(62) Phase 3: Adjust pointers
[4.134s][info][gc,phases      ] GC(62) Phase 3: Adjust pointers 12.463ms
[4.134s][info][gc,phases,start] GC(62) Phase 4: Compact heap
[4.140s][info][gc,phases      ] GC(62) Phase 4: Compact heap 5.482ms
[4.142s][info][gc,heap        ] GC(62) Eden regions: 0->0(2)
[4.142s][info][gc,heap        ] GC(62) Survivor regions: 0->0(0)
[4.142s][info][gc,heap        ] GC(62) Old regions: 46->46
[4.142s][info][gc,heap        ] GC(62) Archive regions: 0->0
[4.142s][info][gc,heap        ] GC(62) Humongous regions: 4->4
[4.142s][info][gc,metaspace   ] GC(62) Metaspace: 16698K(16960K)->16698K(16960K) NonClass: 14702K(14848K)->14702K(14848K) Class: 1995K(2112K)->1995K(2112K)
[4.142s][info][gc             ] GC(62) Pause Full (G1 Compaction Pause) 49M->49M(50M) 59.205ms
[4.142s][info][gc,cpu         ] GC(62) User=0.11s Sys=0.00s Real=0.06s
[4.142s][info][gc,marking     ] GC(60) Concurrent Mark From Roots 90.646ms
[4.143s][info][gc,start       ] GC(63) Pause Young (Normal) (G1 Evacuation Pause)
[4.143s][info][gc,task        ] GC(63) Using 4 workers of 4 for evacuation
[4.143s][info][gc,phases      ] GC(63)   Pre Evacuate Collection Set: 0.1ms
[4.143s][info][gc,phases      ] GC(63)   Merge Heap Roots: 0.0ms
[4.143s][info][gc,phases      ] GC(63)   Evacuate Collection Set: 0.1ms
[4.143s][info][gc,phases      ] GC(63)   Post Evacuate Collection Set: 0.2ms
[4.143s][info][gc,phases      ] GC(63)   Other: 0.1ms
[4.143s][info][gc,heap        ] GC(63) Eden regions: 0->0(2)
[4.143s][info][gc,heap        ] GC(63) Survivor regions: 0->0(0)
[4.143s][info][gc,heap        ] GC(63) Old regions: 46->46
[4.143s][info][gc,heap        ] GC(63) Archive regions: 0->0
[4.143s][info][gc,heap        ] GC(63) Humongous regions: 4->4
[4.143s][info][gc,metaspace   ] GC(63) Metaspace: 16698K(16960K)->16698K(16960K) NonClass: 14702K(14848K)->14702K(14848K) Class: 1995K(2112K)->1995K(2112K)
[4.143s][info][gc             ] GC(63) Pause Young (Normal) (G1 Evacuation Pause) 49M->49M(50M) 0.613ms
[4.143s][info][gc,cpu         ] GC(63) User=0.00s Sys=0.00s Real=0.00s
[4.143s][info][gc,ergo        ] Attempting full compaction
[4.143s][info][gc,task        ] GC(64) Using 3 workers of 4 for full compaction
[4.143s][info][gc,start       ] GC(64) Pause Full (G1 Compaction Pause)
[4.143s][info][gc,phases,start] GC(64) Phase 1: Mark live objects
[4.165s][info][gc,phases      ] GC(64) Phase 1: Mark live objects 21.566ms
[4.165s][info][gc,phases,start] GC(64) Phase 2: Prepare for compaction
[4.165s][info][gc,phases      ] GC(64) Phase 2: Prepare for compaction 0.382ms
[4.165s][info][gc,phases,start] GC(64) Phase 3: Adjust pointers
[4.172s][info][gc,phases      ] GC(64) Phase 3: Adjust pointers 6.594ms
[4.172s][info][gc,phases,start] GC(64) Phase 4: Compact heap
[4.172s][info][gc,phases      ] GC(64) Phase 4: Compact heap 0.204ms
[4.174s][info][gc,heap        ] GC(64) Eden regions: 0->0(2)
[4.175s][info][gc,heap        ] GC(64) Survivor regions: 0->0(0)
[4.175s][info][gc,heap        ] GC(64) Old regions: 46->46
[4.175s][info][gc,heap        ] GC(64) Archive regions: 0->0
[4.175s][info][gc,heap        ] GC(64) Humongous regions: 4->4
[4.175s][info][gc,metaspace   ] GC(64) Metaspace: 16698K(16960K)->16698K(16960K) NonClass: 14702K(14848K)->14702K(14848K) Class: 1995K(2112K)->1995K(2112K)
[4.175s][info][gc             ] GC(64) Pause Full (G1 Compaction Pause) 49M->49M(50M) 31.338ms
[4.175s][info][gc,cpu         ] GC(64) User=0.06s Sys=0.00s Real=0.03s
[4.175s][info][gc,ergo        ] Attempting maximum full compaction clearing soft references
[4.175s][info][gc,task        ] GC(65) Using 2 workers of 4 for full compaction
[4.175s][info][gc,start       ] GC(65) Pause Full (G1 Compaction Pause)
[4.175s][info][gc,phases,start] GC(65) Phase 1: Mark live objects
[4.208s][info][gc,phases      ] GC(65) Phase 1: Mark live objects 33.368ms
[4.208s][info][gc,phases,start] GC(65) Phase 2: Prepare for compaction
[4.215s][info][gc,phases      ] GC(65) Phase 2: Prepare for compaction 7.234ms
[4.216s][info][gc,phases,start] GC(65) Phase 3: Adjust pointers
[4.228s][info][gc,phases      ] GC(65) Phase 3: Adjust pointers 12.342ms
[4.228s][info][gc,phases,start] GC(65) Phase 4: Compact heap
[4.234s][info][gc,phases      ] GC(65) Phase 4: Compact heap 5.951ms
[4.237s][info][gc,heap        ] GC(65) Eden regions: 0->0(2)
[4.237s][info][gc,heap        ] GC(65) Survivor regions: 0->0(0)
[4.237s][info][gc,heap        ] GC(65) Old regions: 46->46
[4.237s][info][gc,heap        ] GC(65) Archive regions: 0->0
[4.237s][info][gc,heap        ] GC(65) Humongous regions: 4->4
[4.237s][info][gc,metaspace   ] GC(65) Metaspace: 16698K(16960K)->16698K(16960K) NonClass: 14702K(14848K)->14702K(14848K) Class: 1995K(2112K)->1995K(2112K)
[4.237s][info][gc             ] GC(65) Pause Full (G1 Compaction Pause) 49M->49M(50M) 61.905ms
[4.237s][info][gc,cpu         ] GC(65) User=0.09s Sys=0.00s Real=0.06s
[4.237s][info][gc,marking     ] GC(60) Concurrent Mark Abort
[4.237s][info][gc             ] GC(60) Concurrent Mark Cycle 185.289ms
[4.237s][info][gc,start       ] GC(66) Pause Young (Normal) (G1 Evacuation Pause)
[4.237s][info][gc,task        ] GC(66) Using 4 workers of 4 for evacuation
[4.237s][info][gc,phases      ] GC(66)   Pre Evacuate Collection Set: 0.1ms
[4.237s][info][gc,phases      ] GC(66)   Merge Heap Roots: 0.0ms
[4.237s][info][gc,phases      ] GC(66)   Evacuate Collection Set: 0.1ms
[4.237s][info][gc,phases      ] GC(66)   Post Evacuate Collection Set: 0.2ms
[4.237s][info][gc,phases      ] GC(66)   Other: 0.1ms
[4.237s][info][gc,heap        ] GC(66) Eden regions: 0->0(2)
[4.237s][info][gc,heap        ] GC(66) Survivor regions: 0->0(0)
[4.237s][info][gc,heap        ] GC(66) Old regions: 46->46
[4.237s][info][gc,heap        ] GC(66) Archive regions: 0->0
[4.237s][info][gc,heap        ] GC(66) Humongous regions: 4->4
[4.237s][info][gc,metaspace   ] GC(66) Metaspace: 16698K(16960K)->16698K(16960K) NonClass: 14702K(14848K)->14702K(14848K) Class: 1995K(2112K)->1995K(2112K)
[4.237s][info][gc             ] GC(66) Pause Young (Normal) (G1 Evacuation Pause) 49M->49M(50M) 0.555ms
[4.237s][info][gc,cpu         ] GC(66) User=0.00s Sys=0.00s Real=0.00s
[4.237s][info][gc,ergo        ] Attempting full compaction
[4.238s][info][gc,task        ] GC(67) Using 3 workers of 4 for full compaction
[4.238s][info][gc,start       ] GC(67) Pause Full (G1 Compaction Pause)
[4.238s][info][gc,phases,start] GC(67) Phase 1: Mark live objects
[4.259s][info][gc,phases      ] GC(67) Phase 1: Mark live objects 21.277ms
[4.259s][info][gc,phases,start] GC(67) Phase 2: Prepare for compaction
[4.259s][info][gc,phases      ] GC(67) Phase 2: Prepare for compaction 0.422ms
[4.259s][info][gc,phases,start] GC(67) Phase 3: Adjust pointers
[4.266s][info][gc,phases      ] GC(67) Phase 3: Adjust pointers 6.478ms
[4.266s][info][gc,phases,start] GC(67) Phase 4: Compact heap
[4.266s][info][gc,phases      ] GC(67) Phase 4: Compact heap 0.384ms
[4.269s][info][gc,heap        ] GC(67) Eden regions: 0->0(2)
[4.269s][info][gc,heap        ] GC(67) Survivor regions: 0->0(0)
[4.269s][info][gc,heap        ] GC(67) Old regions: 46->46
[4.269s][info][gc,heap        ] GC(67) Archive regions: 0->0
[4.269s][info][gc,heap        ] GC(67) Humongous regions: 4->4
[4.269s][info][gc,metaspace   ] GC(67) Metaspace: 16698K(16960K)->16698K(16960K) NonClass: 14702K(14848K)->14702K(14848K) Class: 1995K(2112K)->1995K(2112K)
[4.269s][info][gc             ] GC(67) Pause Full (G1 Compaction Pause) 49M->49M(50M) 31.414ms
[4.269s][info][gc,cpu         ] GC(67) User=0.06s Sys=0.00s Real=0.03s
[4.269s][info][gc,ergo        ] Attempting maximum full compaction clearing soft references
[4.269s][info][gc,task        ] GC(68) Using 2 workers of 4 for full compaction
[4.269s][info][gc,start       ] GC(68) Pause Full (G1 Compaction Pause)
[4.269s][info][gc,phases,start] GC(68) Phase 1: Mark live objects
[4.302s][info][gc,phases      ] GC(68) Phase 1: Mark live objects 32.595ms
[4.302s][info][gc,phases,start] GC(68) Phase 2: Prepare for compaction
[4.309s][info][gc,phases      ] GC(68) Phase 2: Prepare for compaction 7.531ms
[4.309s][info][gc,phases,start] GC(68) Phase 3: Adjust pointers
[4.322s][info][gc,phases      ] GC(68) Phase 3: Adjust pointers 12.857ms
[4.322s][info][gc,phases,start] GC(68) Phase 4: Compact heap
[4.328s][info][gc,phases      ] GC(68) Phase 4: Compact heap 5.652ms
[4.330s][info][gc,heap        ] GC(68) Eden regions: 0->0(2)
[4.331s][info][gc,heap        ] GC(68) Survivor regions: 0->0(0)
[4.331s][info][gc,heap        ] GC(68) Old regions: 46->46
[4.331s][info][gc,heap        ] GC(68) Archive regions: 0->0
[4.331s][info][gc,heap        ] GC(68) Humongous regions: 4->4
[4.331s][info][gc,metaspace   ] GC(68) Metaspace: 16698K(16960K)->16698K(16960K) NonClass: 14702K(14848K)->14702K(14848K) Class: 1995K(2112K)->1995K(2112K)
[4.331s][info][gc             ] GC(68) Pause Full (G1 Compaction Pause) 49M->49M(50M) 61.393ms
[4.331s][info][gc,cpu         ] GC(68) User=0.11s Sys=0.00s Real=0.06s
[4.331s][info][gc,start       ] GC(69) Pause Young (Concurrent Start) (G1 Evacuation Pause)
[4.331s][info][gc,task        ] GC(69) Using 4 workers of 4 for evacuation
[4.331s][info][gc,phases      ] GC(69)   Pre Evacuate Collection Set: 0.1ms
[4.332s][info][gc,phases      ] GC(69)   Merge Heap Roots: 0.1ms
[4.332s][info][gc,phases      ] GC(69)   Evacuate Collection Set: 0.2ms
[4.332s][info][gc,phases      ] GC(69)   Post Evacuate Collection Set: 0.2ms
[4.332s][info][gc,phases      ] GC(69)   Other: 0.1ms
[4.332s][info][gc,heap        ] GC(69) Eden regions: 0->0(2)
[4.332s][info][gc,heap        ] GC(69) Survivor regions: 0->0(0)
[4.332s][info][gc,heap        ] GC(69) Old regions: 46->46
[4.332s][info][gc,heap        ] GC(69) Archive regions: 0->0
[4.332s][info][gc,heap        ] GC(69) Humongous regions: 4->4
[4.332s][info][gc,metaspace   ] GC(69) Metaspace: 16698K(16960K)->16698K(16960K) NonClass: 14702K(14848K)->14702K(14848K) Class: 1995K(2112K)->1995K(2112K)
[4.332s][info][gc             ] GC(69) Pause Young (Concurrent Start) (G1 Evacuation Pause) 49M->49M(50M) 0.744ms
[4.332s][info][gc,cpu         ] GC(69) User=0.00s Sys=0.00s Real=0.00s
[4.332s][info][gc,ergo        ] Attempting full compaction
[4.332s][info][gc,task        ] GC(70) Using 3 workers of 4 for full compaction
[4.332s][info][gc             ] GC(71) Concurrent Mark Cycle
[4.332s][info][gc,marking     ] GC(71) Concurrent Clear Claimed Marks
[4.332s][info][gc,start       ] GC(70) Pause Full (G1 Compaction Pause)
[4.332s][info][gc,marking     ] GC(71) Concurrent Clear Claimed Marks 0.028ms
[4.332s][info][gc,marking     ] GC(71) Concurrent Scan Root Regions
[4.332s][info][gc,marking     ] GC(71) Concurrent Scan Root Regions 0.018ms
[4.332s][info][gc,marking     ] GC(71) Concurrent Mark
[4.332s][info][gc,marking     ] GC(71) Concurrent Mark From Roots
[4.332s][info][gc,phases,start] GC(70) Phase 1: Mark live objects
[4.332s][info][gc,task        ] GC(71) Using 1 workers of 1 for marking
[4.354s][info][gc,phases      ] GC(70) Phase 1: Mark live objects 22.318ms
[4.354s][info][gc,phases,start] GC(70) Phase 2: Prepare for compaction
[4.355s][info][gc,phases      ] GC(70) Phase 2: Prepare for compaction 0.386ms
[4.355s][info][gc,phases,start] GC(70) Phase 3: Adjust pointers
[4.361s][info][gc,phases      ] GC(70) Phase 3: Adjust pointers 6.679ms
[4.361s][info][gc,phases,start] GC(70) Phase 4: Compact heap
[4.362s][info][gc,phases      ] GC(70) Phase 4: Compact heap 0.397ms
[4.365s][info][gc,heap        ] GC(70) Eden regions: 0->0(2)
[4.365s][info][gc,heap        ] GC(70) Survivor regions: 0->0(0)
[4.365s][info][gc,heap        ] GC(70) Old regions: 46->46
[4.365s][info][gc,heap        ] GC(70) Archive regions: 0->0
[4.365s][info][gc,heap        ] GC(70) Humongous regions: 4->4
[4.365s][info][gc,metaspace   ] GC(70) Metaspace: 16698K(16960K)->16698K(16960K) NonClass: 14702K(14848K)->14702K(14848K) Class: 1995K(2112K)->1995K(2112K)
[4.365s][info][gc             ] GC(70) Pause Full (G1 Compaction Pause) 49M->49M(50M) 32.973ms
[4.365s][info][gc,cpu         ] GC(70) User=0.09s Sys=0.00s Real=0.03s
[4.365s][info][gc,ergo        ] Attempting maximum full compaction clearing soft references
[4.365s][info][gc,task        ] GC(72) Using 2 workers of 4 for full compaction
[4.365s][info][gc,start       ] GC(72) Pause Full (G1 Compaction Pause)
[4.365s][info][gc,phases,start] GC(72) Phase 1: Mark live objects
[4.397s][info][gc,phases      ] GC(72) Phase 1: Mark live objects 32.137ms
[4.397s][info][gc,phases,start] GC(72) Phase 2: Prepare for compaction
[4.404s][info][gc,phases      ] GC(72) Phase 2: Prepare for compaction 7.071ms
[4.404s][info][gc,phases,start] GC(72) Phase 3: Adjust pointers
[4.417s][info][gc,phases      ] GC(72) Phase 3: Adjust pointers 12.394ms
[4.417s][info][gc,phases,start] GC(72) Phase 4: Compact heap
[4.422s][info][gc,phases      ] GC(72) Phase 4: Compact heap 5.077ms
[4.424s][info][gc,heap        ] GC(72) Eden regions: 0->0(2)
[4.424s][info][gc,heap        ] GC(72) Survivor regions: 0->0(0)
[4.424s][info][gc,heap        ] GC(72) Old regions: 46->46
[4.424s][info][gc,heap        ] GC(72) Archive regions: 0->0
[4.424s][info][gc,heap        ] GC(72) Humongous regions: 4->4
[4.424s][info][gc,metaspace   ] GC(72) Metaspace: 16698K(16960K)->16698K(16960K) NonClass: 14702K(14848K)->14702K(14848K) Class: 1995K(2112K)->1995K(2112K)
[4.425s][info][gc             ] GC(72) Pause Full (G1 Compaction Pause) 49M->49M(50M) 59.624ms
[4.425s][info][gc,cpu         ] GC(72) User=0.11s Sys=0.00s Real=0.06s
[4.425s][info][gc,marking     ] GC(71) Concurrent Mark From Roots 92.812ms
[4.425s][info][gc,start       ] GC(73) Pause Young (Normal) (G1 Evacuation Pause)
[4.425s][info][gc,task        ] GC(73) Using 4 workers of 4 for evacuation
[4.425s][info][gc,phases      ] GC(73)   Pre Evacuate Collection Set: 0.0ms
[4.425s][info][gc,phases      ] GC(73)   Merge Heap Roots: 0.0ms
[4.425s][info][gc,phases      ] GC(73)   Evacuate Collection Set: 0.1ms
[4.425s][info][gc,phases      ] GC(73)   Post Evacuate Collection Set: 0.1ms
[4.425s][info][gc,phases      ] GC(73)   Other: 0.1ms
[4.425s][info][gc,heap        ] GC(73) Eden regions: 0->0(2)
[4.425s][info][gc,heap        ] GC(73) Survivor regions: 0->0(0)
[4.425s][info][gc,heap        ] GC(73) Old regions: 46->46
[4.425s][info][gc,heap        ] GC(73) Archive regions: 0->0
[4.425s][info][gc,heap        ] GC(73) Humongous regions: 4->4
[4.425s][info][gc,metaspace   ] GC(73) Metaspace: 16698K(16960K)->16698K(16960K) NonClass: 14702K(14848K)->14702K(14848K) Class: 1995K(2112K)->1995K(2112K)
[4.425s][info][gc             ] GC(73) Pause Young (Normal) (G1 Evacuation Pause) 49M->49M(50M) 0.446ms
[4.425s][info][gc,cpu         ] GC(73) User=0.00s Sys=0.00s Real=0.00s
[4.425s][info][gc,ergo        ] Attempting full compaction
[4.425s][info][gc,task        ] GC(74) Using 3 workers of 4 for full compaction
[4.425s][info][gc,start       ] GC(74) Pause Full (G1 Compaction Pause)
[4.425s][info][gc,phases,start] GC(74) Phase 1: Mark live objects
[4.447s][info][gc,phases      ] GC(74) Phase 1: Mark live objects 21.206ms
[4.447s][info][gc,phases,start] GC(74) Phase 2: Prepare for compaction
[4.447s][info][gc,phases      ] GC(74) Phase 2: Prepare for compaction 0.651ms
[4.447s][info][gc,phases,start] GC(74) Phase 3: Adjust pointers
[4.454s][info][gc,phases      ] GC(74) Phase 3: Adjust pointers 6.465ms
[4.454s][info][gc,phases,start] GC(74) Phase 4: Compact heap
[4.454s][info][gc,phases      ] GC(74) Phase 4: Compact heap 0.207ms
[4.456s][info][gc,heap        ] GC(74) Eden regions: 0->0(2)
[4.456s][info][gc,heap        ] GC(74) Survivor regions: 0->0(0)
[4.456s][info][gc,heap        ] GC(74) Old regions: 46->46
[4.456s][info][gc,heap        ] GC(74) Archive regions: 0->0
[4.456s][info][gc,heap        ] GC(74) Humongous regions: 4->4
[4.456s][info][gc,metaspace   ] GC(74) Metaspace: 16698K(16960K)->16698K(16960K) NonClass: 14702K(14848K)->14702K(14848K) Class: 1995K(2112K)->1995K(2112K)
[4.456s][info][gc             ] GC(74) Pause Full (G1 Compaction Pause) 49M->49M(50M) 31.160ms
[4.457s][info][gc,cpu         ] GC(74) User=0.09s Sys=0.00s Real=0.03s
[4.457s][info][gc,ergo        ] Attempting maximum full compaction clearing soft references
[4.457s][info][gc,task        ] GC(75) Using 2 workers of 4 for full compaction
[4.457s][info][gc,start       ] GC(75) Pause Full (G1 Compaction Pause)
[4.457s][info][gc,phases,start] GC(75) Phase 1: Mark live objects
[4.488s][info][gc,phases      ] GC(75) Phase 1: Mark live objects 31.764ms
[4.489s][info][gc,phases,start] GC(75) Phase 2: Prepare for compaction
[4.496s][info][gc,phases      ] GC(75) Phase 2: Prepare for compaction 7.916ms
[4.496s][info][gc,phases,start] GC(75) Phase 3: Adjust pointers
[4.509s][info][gc,phases      ] GC(75) Phase 3: Adjust pointers 12.810ms
[4.509s][info][gc,phases,start] GC(75) Phase 4: Compact heap
[4.516s][info][gc,phases      ] GC(75) Phase 4: Compact heap 7.092ms
[4.519s][info][gc,heap        ] GC(75) Eden regions: 0->0(2)
[4.519s][info][gc,heap        ] GC(75) Survivor regions: 0->0(0)
[4.519s][info][gc,heap        ] GC(75) Old regions: 46->46
[4.519s][info][gc,heap        ] GC(75) Archive regions: 0->0
[4.519s][info][gc,heap        ] GC(75) Humongous regions: 4->4
[4.519s][info][gc,metaspace   ] GC(75) Metaspace: 16698K(16960K)->16698K(16960K) NonClass: 14702K(14848K)->14702K(14848K) Class: 1995K(2112K)->1995K(2112K)
[4.519s][info][gc             ] GC(75) Pause Full (G1 Compaction Pause) 49M->49M(50M) 62.405ms
[4.519s][info][gc,cpu         ] GC(75) User=0.11s Sys=0.00s Real=0.06s
[4.519s][info][gc,marking     ] GC(71) Concurrent Mark Abort
[4.519s][info][gc             ] GC(71) Concurrent Mark Cycle 187.576ms
[4.519s][info][gc,start       ] GC(76) Pause Young (Normal) (G1 Evacuation Pause)
[4.519s][info][gc,task        ] GC(76) Using 4 workers of 4 for evacuation
[4.520s][info][gc,phases      ] GC(76)   Pre Evacuate Collection Set: 0.1ms
[4.520s][info][gc,phases      ] GC(76)   Merge Heap Roots: 0.0ms
[4.520s][info][gc,phases      ] GC(76)   Evacuate Collection Set: 0.1ms
[4.520s][info][gc,phases      ] GC(76)   Post Evacuate Collection Set: 0.2ms
[4.520s][info][gc,phases      ] GC(76)   Other: 0.1ms
[4.520s][info][gc,heap        ] GC(76) Eden regions: 0->0(2)
[4.520s][info][gc,heap        ] GC(76) Survivor regions: 0->0(0)
[4.520s][info][gc,heap        ] GC(76) Old regions: 46->46
[4.520s][info][gc,heap        ] GC(76) Archive regions: 0->0
[4.520s][info][gc,heap        ] GC(76) Humongous regions: 4->4
[4.520s][info][gc,metaspace   ] GC(76) Metaspace: 16698K(16960K)->16698K(16960K) NonClass: 14702K(14848K)->14702K(14848K) Class: 1995K(2112K)->1995K(2112K)
[4.520s][info][gc             ] GC(76) Pause Young (Normal) (G1 Evacuation Pause) 49M->49M(50M) 0.572ms
[4.520s][info][gc,cpu         ] GC(76) User=0.00s Sys=0.00s Real=0.00s
[4.520s][info][gc,ergo        ] Attempting full compaction
[4.520s][info][gc,task        ] GC(77) Using 3 workers of 4 for full compaction
[4.520s][info][gc,start       ] GC(77) Pause Full (G1 Compaction Pause)
[4.520s][info][gc,phases,start] GC(77) Phase 1: Mark live objects
[4.542s][info][gc,phases      ] GC(77) Phase 1: Mark live objects 22.126ms
[4.542s][info][gc,phases,start] GC(77) Phase 2: Prepare for compaction
[4.543s][info][gc,phases      ] GC(77) Phase 2: Prepare for compaction 0.382ms
[4.543s][info][gc,phases,start] GC(77) Phase 3: Adjust pointers
[4.549s][info][gc,phases      ] GC(77) Phase 3: Adjust pointers 6.561ms
[4.549s][info][gc,phases,start] GC(77) Phase 4: Compact heap
[4.549s][info][gc,phases      ] GC(77) Phase 4: Compact heap 0.199ms
[4.552s][info][gc,heap        ] GC(77) Eden regions: 0->0(2)
[4.552s][info][gc,heap        ] GC(77) Survivor regions: 0->0(0)
[4.552s][info][gc,heap        ] GC(77) Old regions: 46->46
[4.552s][info][gc,heap        ] GC(77) Archive regions: 0->0
[4.552s][info][gc,heap        ] GC(77) Humongous regions: 4->4
[4.552s][info][gc,metaspace   ] GC(77) Metaspace: 16698K(16960K)->16698K(16960K) NonClass: 14702K(14848K)->14702K(14848K) Class: 1995K(2112K)->1995K(2112K)
[4.552s][info][gc             ] GC(77) Pause Full (G1 Compaction Pause) 49M->49M(50M) 31.843ms
[4.552s][info][gc,cpu         ] GC(77) User=0.09s Sys=0.00s Real=0.03s
[4.552s][info][gc,ergo        ] Attempting maximum full compaction clearing soft references
[4.552s][info][gc,task        ] GC(78) Using 2 workers of 4 for full compaction
[4.552s][info][gc,start       ] GC(78) Pause Full (G1 Compaction Pause)
[4.552s][info][gc,phases,start] GC(78) Phase 1: Mark live objects
[4.583s][info][gc,phases      ] GC(78) Phase 1: Mark live objects 31.336ms
[4.584s][info][gc,phases,start] GC(78) Phase 2: Prepare for compaction
[4.591s][info][gc,phases      ] GC(78) Phase 2: Prepare for compaction 7.003ms
[4.591s][info][gc,phases,start] GC(78) Phase 3: Adjust pointers
[4.603s][info][gc,phases      ] GC(78) Phase 3: Adjust pointers 12.256ms
[4.603s][info][gc,phases,start] GC(78) Phase 4: Compact heap
[4.608s][info][gc,phases      ] GC(78) Phase 4: Compact heap 5.163ms
[4.611s][info][gc,heap        ] GC(78) Eden regions: 0->0(2)
[4.611s][info][gc,heap        ] GC(78) Survivor regions: 0->0(0)
[4.611s][info][gc,heap        ] GC(78) Old regions: 46->46
[4.611s][info][gc,heap        ] GC(78) Archive regions: 0->0
[4.611s][info][gc,heap        ] GC(78) Humongous regions: 4->4
[4.611s][info][gc,metaspace   ] GC(78) Metaspace: 16698K(16960K)->16698K(16960K) NonClass: 14702K(14848K)->14702K(14848K) Class: 1995K(2112K)->1995K(2112K)
[4.611s][info][gc             ] GC(78) Pause Full (G1 Compaction Pause) 49M->49M(50M) 58.663ms
[4.611s][info][gc,cpu         ] GC(78) User=0.11s Sys=0.00s Real=0.06s
[4.611s][info][gc,start       ] GC(79) Pause Young (Concurrent Start) (G1 Evacuation Pause)
[4.611s][info][gc,task        ] GC(79) Using 4 workers of 4 for evacuation
[4.612s][info][gc,phases      ] GC(79)   Pre Evacuate Collection Set: 0.1ms
[4.612s][info][gc,phases      ] GC(79)   Merge Heap Roots: 0.1ms
[4.612s][info][gc,phases      ] GC(79)   Evacuate Collection Set: 0.3ms
[4.612s][info][gc,phases      ] GC(79)   Post Evacuate Collection Set: 0.2ms
[4.612s][info][gc,phases      ] GC(79)   Other: 0.1ms
[4.612s][info][gc,heap        ] GC(79) Eden regions: 0->0(2)
[4.612s][info][gc,heap        ] GC(79) Survivor regions: 0->0(0)
[4.612s][info][gc,heap        ] GC(79) Old regions: 46->46
[4.612s][info][gc,heap        ] GC(79) Archive regions: 0->0
[4.612s][info][gc,heap        ] GC(79) Humongous regions: 4->4
[4.612s][info][gc,metaspace   ] GC(79) Metaspace: 16698K(16960K)->16698K(16960K) NonClass: 14702K(14848K)->14702K(14848K) Class: 1995K(2112K)->1995K(2112K)
[4.612s][info][gc             ] GC(79) Pause Young (Concurrent Start) (G1 Evacuation Pause) 49M->49M(50M) 0.818ms
[4.612s][info][gc,cpu         ] GC(79) User=0.00s Sys=0.00s Real=0.00s
[4.612s][info][gc,ergo        ] Attempting full compaction
[4.612s][info][gc             ] GC(80) Concurrent Mark Cycle
[4.612s][info][gc,task        ] GC(81) Using 3 workers of 4 for full compaction
[4.612s][info][gc,marking     ] GC(80) Concurrent Clear Claimed Marks
[4.612s][info][gc,marking     ] GC(80) Concurrent Clear Claimed Marks 0.061ms
[4.612s][info][gc,marking     ] GC(80) Concurrent Scan Root Regions
[4.612s][info][gc,start       ] GC(81) Pause Full (G1 Compaction Pause)
[4.612s][info][gc,marking     ] GC(80) Concurrent Scan Root Regions 0.020ms
[4.612s][info][gc,marking     ] GC(80) Concurrent Mark
[4.612s][info][gc,marking     ] GC(80) Concurrent Mark From Roots
[4.612s][info][gc,task        ] GC(80) Using 1 workers of 1 for marking
[4.612s][info][gc,phases,start] GC(81) Phase 1: Mark live objects
[4.634s][info][gc,phases      ] GC(81) Phase 1: Mark live objects 21.652ms
[4.634s][info][gc,phases,start] GC(81) Phase 2: Prepare for compaction
[4.634s][info][gc,phases      ] GC(81) Phase 2: Prepare for compaction 0.371ms
[4.634s][info][gc,phases,start] GC(81) Phase 3: Adjust pointers
[4.641s][info][gc,phases      ] GC(81) Phase 3: Adjust pointers 6.936ms
[4.641s][info][gc,phases,start] GC(81) Phase 4: Compact heap
[4.641s][info][gc,phases      ] GC(81) Phase 4: Compact heap 0.216ms
[4.644s][info][gc,heap        ] GC(81) Eden regions: 0->0(2)
[4.644s][info][gc,heap        ] GC(81) Survivor regions: 0->0(0)
[4.644s][info][gc,heap        ] GC(81) Old regions: 46->46
[4.644s][info][gc,heap        ] GC(81) Archive regions: 0->0
[4.644s][info][gc,heap        ] GC(81) Humongous regions: 4->4
[4.644s][info][gc,metaspace   ] GC(81) Metaspace: 16698K(16960K)->16698K(16960K) NonClass: 14702K(14848K)->14702K(14848K) Class: 1995K(2112K)->1995K(2112K)
[4.644s][info][gc             ] GC(81) Pause Full (G1 Compaction Pause) 49M->49M(50M) 31.905ms
[4.644s][info][gc,cpu         ] GC(81) User=0.06s Sys=0.00s Real=0.03s
[4.644s][info][gc,ergo        ] Attempting maximum full compaction clearing soft references
[4.644s][info][gc,task        ] GC(82) Using 2 workers of 4 for full compaction
[4.644s][info][gc,start       ] GC(82) Pause Full (G1 Compaction Pause)
[4.644s][info][gc,phases,start] GC(82) Phase 1: Mark live objects
[4.675s][info][gc,phases      ] GC(82) Phase 1: Mark live objects 31.451ms
[4.676s][info][gc,phases,start] GC(82) Phase 2: Prepare for compaction
[4.683s][info][gc,phases      ] GC(82) Phase 2: Prepare for compaction 7.707ms
[4.683s][info][gc,phases,start] GC(82) Phase 3: Adjust pointers
[4.696s][info][gc,phases      ] GC(82) Phase 3: Adjust pointers 12.807ms
[4.696s][info][gc,phases,start] GC(82) Phase 4: Compact heap
[4.702s][info][gc,phases      ] GC(82) Phase 4: Compact heap 5.641ms
[4.704s][info][gc,heap        ] GC(82) Eden regions: 0->0(2)
[4.704s][info][gc,heap        ] GC(82) Survivor regions: 0->0(0)
[4.704s][info][gc,heap        ] GC(82) Old regions: 46->46
[4.704s][info][gc,heap        ] GC(82) Archive regions: 0->0
[4.704s][info][gc,heap        ] GC(82) Humongous regions: 4->4
[4.704s][info][gc,metaspace   ] GC(82) Metaspace: 16698K(16960K)->16698K(16960K) NonClass: 14702K(14848K)->14702K(14848K) Class: 1995K(2112K)->1995K(2112K)
[4.704s][info][gc             ] GC(82) Pause Full (G1 Compaction Pause) 49M->49M(50M) 60.419ms
[4.704s][info][gc,cpu         ] GC(82) User=0.11s Sys=0.00s Real=0.06s
[4.705s][info][gc,marking     ] GC(80) Concurrent Mark From Roots 92.577ms
[4.705s][info][gc,start       ] GC(83) Pause Young (Normal) (G1 Evacuation Pause)
[4.705s][info][gc,task        ] GC(83) Using 4 workers of 4 for evacuation
[4.705s][info][gc,phases      ] GC(83)   Pre Evacuate Collection Set: 0.0ms
[4.705s][info][gc,phases      ] GC(83)   Merge Heap Roots: 0.0ms
[4.705s][info][gc,phases      ] GC(83)   Evacuate Collection Set: 0.1ms
[4.705s][info][gc,phases      ] GC(83)   Post Evacuate Collection Set: 0.2ms
[4.705s][info][gc,phases      ] GC(83)   Other: 0.1ms
[4.705s][info][gc,heap        ] GC(83) Eden regions: 0->0(2)
[4.705s][info][gc,heap        ] GC(83) Survivor regions: 0->0(0)
[4.705s][info][gc,heap        ] GC(83) Old regions: 46->46
[4.705s][info][gc,heap        ] GC(83) Archive regions: 0->0
[4.705s][info][gc,heap        ] GC(83) Humongous regions: 4->4
[4.705s][info][gc,metaspace   ] GC(83) Metaspace: 16698K(16960K)->16698K(16960K) NonClass: 14702K(14848K)->14702K(14848K) Class: 1995K(2112K)->1995K(2112K)
[4.705s][info][gc             ] GC(83) Pause Young (Normal) (G1 Evacuation Pause) 49M->49M(50M) 0.443ms
[4.705s][info][gc,cpu         ] GC(83) User=0.00s Sys=0.00s Real=0.00s
[4.705s][info][gc,ergo        ] Attempting full compaction
[4.705s][info][gc,task        ] GC(84) Using 3 workers of 4 for full compaction
[4.705s][info][gc,start       ] GC(84) Pause Full (G1 Compaction Pause)
[4.705s][info][gc,phases,start] GC(84) Phase 1: Mark live objects
[4.727s][info][gc,phases      ] GC(84) Phase 1: Mark live objects 21.686ms
[4.727s][info][gc,phases,start] GC(84) Phase 2: Prepare for compaction
[4.727s][info][gc,phases      ] GC(84) Phase 2: Prepare for compaction 0.391ms
[4.727s][info][gc,phases,start] GC(84) Phase 3: Adjust pointers
[4.734s][info][gc,phases      ] GC(84) Phase 3: Adjust pointers 6.716ms
[4.734s][info][gc,phases,start] GC(84) Phase 4: Compact heap
[4.734s][info][gc,phases      ] GC(84) Phase 4: Compact heap 0.189ms
[4.737s][info][gc,heap        ] GC(84) Eden regions: 0->0(2)
[4.737s][info][gc,heap        ] GC(84) Survivor regions: 0->0(0)
[4.737s][info][gc,heap        ] GC(84) Old regions: 46->46
[4.737s][info][gc,heap        ] GC(84) Archive regions: 0->0
[4.737s][info][gc,heap        ] GC(84) Humongous regions: 4->4
[4.737s][info][gc,metaspace   ] GC(84) Metaspace: 16698K(16960K)->16698K(16960K) NonClass: 14702K(14848K)->14702K(14848K) Class: 1995K(2112K)->1995K(2112K)
[4.737s][info][gc             ] GC(84) Pause Full (G1 Compaction Pause) 49M->49M(50M) 31.636ms
[4.737s][info][gc,cpu         ] GC(84) User=0.06s Sys=0.00s Real=0.03s
[4.737s][info][gc,ergo        ] Attempting maximum full compaction clearing soft references
[4.737s][info][gc,task        ] GC(85) Using 2 workers of 4 for full compaction
[4.737s][info][gc,start       ] GC(85) Pause Full (G1 Compaction Pause)
[4.737s][info][gc,phases,start] GC(85) Phase 1: Mark live objects
[4.771s][info][gc,phases      ] GC(85) Phase 1: Mark live objects 33.720ms
[4.771s][info][gc,phases,start] GC(85) Phase 2: Prepare for compaction
[4.778s][info][gc,phases      ] GC(85) Phase 2: Prepare for compaction 7.277ms
[4.778s][info][gc,phases,start] GC(85) Phase 3: Adjust pointers
[4.790s][info][gc,phases      ] GC(85) Phase 3: Adjust pointers 11.936ms
[4.790s][info][gc,phases,start] GC(85) Phase 4: Compact heap
[4.795s][info][gc,phases      ] GC(85) Phase 4: Compact heap 4.833ms
[4.798s][info][gc,heap        ] GC(85) Eden regions: 0->0(2)
[4.798s][info][gc,heap        ] GC(85) Survivor regions: 0->0(0)
[4.798s][info][gc,heap        ] GC(85) Old regions: 46->46
[4.798s][info][gc,heap        ] GC(85) Archive regions: 0->0
[4.798s][info][gc,heap        ] GC(85) Humongous regions: 4->4
[4.798s][info][gc,metaspace   ] GC(85) Metaspace: 16698K(16960K)->16698K(16960K) NonClass: 14702K(14848K)->14702K(14848K) Class: 1995K(2112K)->1995K(2112K)
[4.798s][info][gc             ] GC(85) Pause Full (G1 Compaction Pause) 49M->49M(50M) 61.146ms
[4.798s][info][gc,cpu         ] GC(85) User=0.14s Sys=0.00s Real=0.06s
[4.798s][info][gc,marking     ] GC(80) Concurrent Mark Abort
[4.798s][info][gc             ] GC(80) Concurrent Mark Cycle 186.543ms
[4.798s][info][gc,start       ] GC(86) Pause Young (Normal) (G1 Evacuation Pause)
[4.798s][info][gc,task        ] GC(86) Using 4 workers of 4 for evacuation
[4.799s][info][gc,phases      ] GC(86)   Pre Evacuate Collection Set: 0.0ms
[4.799s][info][gc,phases      ] GC(86)   Merge Heap Roots: 0.0ms
[4.799s][info][gc,phases      ] GC(86)   Evacuate Collection Set: 0.1ms
[4.799s][info][gc,phases      ] GC(86)   Post Evacuate Collection Set: 0.1ms
[4.799s][info][gc,phases      ] GC(86)   Other: 0.1ms
[4.799s][info][gc,heap        ] GC(86) Eden regions: 0->0(2)
[4.799s][info][gc,heap        ] GC(86) Survivor regions: 0->0(0)
[4.799s][info][gc,heap        ] GC(86) Old regions: 46->46
[4.799s][info][gc,heap        ] GC(86) Archive regions: 0->0
[4.799s][info][gc,heap        ] GC(86) Humongous regions: 4->4
[4.799s][info][gc,metaspace   ] GC(86) Metaspace: 16698K(16960K)->16698K(16960K) NonClass: 14702K(14848K)->14702K(14848K) Class: 1995K(2112K)->1995K(2112K)
[4.799s][info][gc             ] GC(86) Pause Young (Normal) (G1 Evacuation Pause) 49M->49M(50M) 0.429ms
[4.799s][info][gc,cpu         ] GC(86) User=0.00s Sys=0.00s Real=0.00s
[4.799s][info][gc,ergo        ] Attempting full compaction
[4.799s][info][gc,task        ] GC(87) Using 3 workers of 4 for full compaction
[4.799s][info][gc,start       ] GC(87) Pause Full (G1 Compaction Pause)
[4.799s][info][gc,phases,start] GC(87) Phase 1: Mark live objects
[4.821s][info][gc,phases      ] GC(87) Phase 1: Mark live objects 22.136ms
[4.821s][info][gc,phases,start] GC(87) Phase 2: Prepare for compaction
[4.821s][info][gc,phases      ] GC(87) Phase 2: Prepare for compaction 0.355ms
[4.821s][info][gc,phases,start] GC(87) Phase 3: Adjust pointers
[4.828s][info][gc,phases      ] GC(87) Phase 3: Adjust pointers 6.755ms
[4.828s][info][gc,phases,start] GC(87) Phase 4: Compact heap
[4.829s][info][gc,phases      ] GC(87) Phase 4: Compact heap 0.215ms
[4.831s][info][gc,heap        ] GC(87) Eden regions: 0->0(2)
[4.831s][info][gc,heap        ] GC(87) Survivor regions: 0->0(0)
[4.831s][info][gc,heap        ] GC(87) Old regions: 46->46
[4.831s][info][gc,heap        ] GC(87) Archive regions: 0->0
[4.831s][info][gc,heap        ] GC(87) Humongous regions: 4->4
[4.831s][info][gc,metaspace   ] GC(87) Metaspace: 16698K(16960K)->16698K(16960K) NonClass: 14702K(14848K)->14702K(14848K) Class: 1995K(2112K)->1995K(2112K)
[4.831s][info][gc             ] GC(87) Pause Full (G1 Compaction Pause) 49M->49M(50M) 32.253ms
[4.831s][info][gc,cpu         ] GC(87) User=0.06s Sys=0.00s Real=0.03s
[4.831s][info][gc,ergo        ] Attempting maximum full compaction clearing soft references
[4.831s][info][gc,task        ] GC(88) Using 2 workers of 4 for full compaction
[4.831s][info][gc,start       ] GC(88) Pause Full (G1 Compaction Pause)
[4.831s][info][gc,phases,start] GC(88) Phase 1: Mark live objects
[4.863s][info][gc,phases      ] GC(88) Phase 1: Mark live objects 31.421ms
[4.863s][info][gc,phases,start] GC(88) Phase 2: Prepare for compaction
[4.870s][info][gc,phases      ] GC(88) Phase 2: Prepare for compaction 7.540ms
[4.870s][info][gc,phases,start] GC(88) Phase 3: Adjust pointers
[4.884s][info][gc,phases      ] GC(88) Phase 3: Adjust pointers 13.319ms
[4.884s][info][gc,phases,start] GC(88) Phase 4: Compact heap
[4.890s][info][gc,phases      ] GC(88) Phase 4: Compact heap 6.159ms
[4.892s][info][gc,heap        ] GC(88) Eden regions: 0->0(2)
[4.893s][info][gc,heap        ] GC(88) Survivor regions: 0->0(0)
[4.893s][info][gc,heap        ] GC(88) Old regions: 46->46
[4.893s][info][gc,heap        ] GC(88) Archive regions: 0->0
[4.893s][info][gc,heap        ] GC(88) Humongous regions: 4->4
[4.893s][info][gc,metaspace   ] GC(88) Metaspace: 16698K(16960K)->16698K(16960K) NonClass: 14702K(14848K)->14702K(14848K) Class: 1995K(2112K)->1995K(2112K)
[4.893s][info][gc             ] GC(88) Pause Full (G1 Compaction Pause) 49M->49M(50M) 61.309ms
[4.893s][info][gc,cpu         ] GC(88) User=0.11s Sys=0.00s Real=0.06s
[4.893s][info][gc,start       ] GC(89) Pause Young (Concurrent Start) (G1 Evacuation Pause)
[4.893s][info][gc,task        ] GC(89) Using 4 workers of 4 for evacuation
[4.893s][info][gc,phases      ] GC(89)   Pre Evacuate Collection Set: 0.1ms
[4.893s][info][gc,phases      ] GC(89)   Merge Heap Roots: 0.1ms
[4.893s][info][gc,phases      ] GC(89)   Evacuate Collection Set: 0.2ms
[4.893s][info][gc,phases      ] GC(89)   Post Evacuate Collection Set: 0.2ms
[4.893s][info][gc,phases      ] GC(89)   Other: 0.1ms
[4.893s][info][gc,heap        ] GC(89) Eden regions: 0->0(2)
[4.893s][info][gc,heap        ] GC(89) Survivor regions: 0->0(0)
[4.893s][info][gc,heap        ] GC(89) Old regions: 46->46
[4.893s][info][gc,heap        ] GC(89) Archive regions: 0->0
[4.893s][info][gc,heap        ] GC(89) Humongous regions: 4->4
[4.893s][info][gc,metaspace   ] GC(89) Metaspace: 16698K(16960K)->16698K(16960K) NonClass: 14702K(14848K)->14702K(14848K) Class: 1995K(2112K)->1995K(2112K)
[4.894s][info][gc             ] GC(89) Pause Young (Concurrent Start) (G1 Evacuation Pause) 49M->49M(50M) 0.715ms
[4.894s][info][gc,cpu         ] GC(89) User=0.00s Sys=0.00s Real=0.00s
[4.894s][info][gc,ergo        ] Attempting full compaction
[4.894s][info][gc             ] GC(90) Concurrent Mark Cycle
[4.894s][info][gc,task        ] GC(91) Using 3 workers of 4 for full compaction
[4.894s][info][gc,marking     ] GC(90) Concurrent Clear Claimed Marks
[4.894s][info][gc,marking     ] GC(90) Concurrent Clear Claimed Marks 0.061ms
[4.894s][info][gc,marking     ] GC(90) Concurrent Scan Root Regions
[4.894s][info][gc,start       ] GC(91) Pause Full (G1 Compaction Pause)
[4.894s][info][gc,marking     ] GC(90) Concurrent Scan Root Regions 0.031ms
[4.894s][info][gc,marking     ] GC(90) Concurrent Mark
[4.894s][info][gc,marking     ] GC(90) Concurrent Mark From Roots
[4.894s][info][gc,task        ] GC(90) Using 1 workers of 1 for marking
[4.894s][info][gc,phases,start] GC(91) Phase 1: Mark live objects
[4.915s][info][gc,phases      ] GC(91) Phase 1: Mark live objects 21.130ms
[4.915s][info][gc,phases,start] GC(91) Phase 2: Prepare for compaction
[4.915s][info][gc,phases      ] GC(91) Phase 2: Prepare for compaction 0.375ms
[4.915s][info][gc,phases,start] GC(91) Phase 3: Adjust pointers
[4.922s][info][gc,phases      ] GC(91) Phase 3: Adjust pointers 6.722ms
[4.922s][info][gc,phases,start] GC(91) Phase 4: Compact heap
[4.922s][info][gc,phases      ] GC(91) Phase 4: Compact heap 0.188ms
[4.925s][info][gc,heap        ] GC(91) Eden regions: 0->0(2)
[4.925s][info][gc,heap        ] GC(91) Survivor regions: 0->0(0)
[4.925s][info][gc,heap        ] GC(91) Old regions: 46->46
[4.925s][info][gc,heap        ] GC(91) Archive regions: 0->0
[4.925s][info][gc,heap        ] GC(91) Humongous regions: 4->4
[4.925s][info][gc,metaspace   ] GC(91) Metaspace: 16698K(16960K)->16698K(16960K) NonClass: 14702K(14848K)->14702K(14848K) Class: 1995K(2112K)->1995K(2112K)
[4.925s][info][gc             ] GC(91) Pause Full (G1 Compaction Pause) 49M->49M(50M) 31.194ms
[4.925s][info][gc,cpu         ] GC(91) User=0.06s Sys=0.00s Real=0.03s
[4.925s][info][gc,ergo        ] Attempting maximum full compaction clearing soft references
[4.925s][info][gc,task        ] GC(92) Using 2 workers of 4 for full compaction
[4.925s][info][gc,start       ] GC(92) Pause Full (G1 Compaction Pause)
[4.925s][info][gc,phases,start] GC(92) Phase 1: Mark live objects
[4.957s][info][gc,phases      ] GC(92) Phase 1: Mark live objects 31.989ms
[4.957s][info][gc,phases,start] GC(92) Phase 2: Prepare for compaction
[4.965s][info][gc,phases      ] GC(92) Phase 2: Prepare for compaction 8.175ms
[4.965s][info][gc,phases,start] GC(92) Phase 3: Adjust pointers
[4.980s][info][gc,phases      ] GC(92) Phase 3: Adjust pointers 14.435ms
[4.980s][info][gc,phases,start] GC(92) Phase 4: Compact heap
[4.987s][info][gc,phases      ] GC(92) Phase 4: Compact heap 6.900ms
[4.990s][info][gc,heap        ] GC(92) Eden regions: 0->0(2)
[4.990s][info][gc,heap        ] GC(92) Survivor regions: 0->0(0)
[4.990s][info][gc,heap        ] GC(92) Old regions: 46->46
[4.990s][info][gc,heap        ] GC(92) Archive regions: 0->0
[4.990s][info][gc,heap        ] GC(92) Humongous regions: 4->4
[4.990s][info][gc,metaspace   ] GC(92) Metaspace: 16698K(16960K)->16698K(16960K) NonClass: 14702K(14848K)->14702K(14848K) Class: 1995K(2112K)->1995K(2112K)
[4.990s][info][gc             ] GC(92) Pause Full (G1 Compaction Pause) 49M->49M(50M) 64.574ms
[4.990s][info][gc,cpu         ] GC(92) User=0.12s Sys=0.00s Real=0.06s
[4.990s][info][gc,marking     ] GC(90) Concurrent Mark From Roots 96.023ms
[4.990s][info][gc,start       ] GC(93) Pause Young (Normal) (G1 Evacuation Pause)
[4.990s][info][gc,task        ] GC(93) Using 4 workers of 4 for evacuation
[4.990s][info][gc,phases      ] GC(93)   Pre Evacuate Collection Set: 0.0ms
[4.990s][info][gc,phases      ] GC(93)   Merge Heap Roots: 0.0ms
[4.990s][info][gc,phases      ] GC(93)   Evacuate Collection Set: 0.1ms
[4.990s][info][gc,phases      ] GC(93)   Post Evacuate Collection Set: 0.1ms
[4.990s][info][gc,phases      ] GC(93)   Other: 0.1ms
[4.990s][info][gc,heap        ] GC(93) Eden regions: 0->0(2)
[4.990s][info][gc,heap        ] GC(93) Survivor regions: 0->0(0)
[4.990s][info][gc,heap        ] GC(93) Old regions: 46->46
[4.990s][info][gc,heap        ] GC(93) Archive regions: 0->0
[4.990s][info][gc,heap        ] GC(93) Humongous regions: 4->4
[4.990s][info][gc,metaspace   ] GC(93) Metaspace: 16698K(16960K)->16698K(16960K) NonClass: 14702K(14848K)->14702K(14848K) Class: 1995K(2112K)->1995K(2112K)
[4.990s][info][gc             ] GC(93) Pause Young (Normal) (G1 Evacuation Pause) 49M->49M(50M) 0.483ms
[4.990s][info][gc,cpu         ] GC(93) User=0.00s Sys=0.00s Real=0.00s
[4.990s][info][gc,ergo        ] Attempting full compaction
[4.990s][info][gc,task        ] GC(94) Using 3 workers of 4 for full compaction
[4.990s][info][gc,start       ] GC(94) Pause Full (G1 Compaction Pause)
[4.990s][info][gc,phases,start] GC(94) Phase 1: Mark live objects
[5.013s][info][gc,phases      ] GC(94) Phase 1: Mark live objects 22.205ms
[5.013s][info][gc,phases,start] GC(94) Phase 2: Prepare for compaction
[5.013s][info][gc,phases      ] GC(94) Phase 2: Prepare for compaction 0.408ms
[5.013s][info][gc,phases,start] GC(94) Phase 3: Adjust pointers
[5.020s][info][gc,phases      ] GC(94) Phase 3: Adjust pointers 6.802ms
[5.020s][info][gc,phases,start] GC(94) Phase 4: Compact heap
[5.020s][info][gc,phases      ] GC(94) Phase 4: Compact heap 0.190ms
[5.023s][info][gc,heap        ] GC(94) Eden regions: 0->0(2)
[5.023s][info][gc,heap        ] GC(94) Survivor regions: 0->0(0)
[5.023s][info][gc,heap        ] GC(94) Old regions: 46->46
[5.023s][info][gc,heap        ] GC(94) Archive regions: 0->0
[5.023s][info][gc,heap        ] GC(94) Humongous regions: 4->4
[5.023s][info][gc,metaspace   ] GC(94) Metaspace: 16698K(16960K)->16698K(16960K) NonClass: 14702K(14848K)->14702K(14848K) Class: 1995K(2112K)->1995K(2112K)
[5.023s][info][gc             ] GC(94) Pause Full (G1 Compaction Pause) 49M->49M(50M) 32.261ms
[5.023s][info][gc,cpu         ] GC(94) User=0.09s Sys=0.00s Real=0.03s
[5.023s][info][gc,ergo        ] Attempting maximum full compaction clearing soft references
[5.023s][info][gc,task        ] GC(95) Using 2 workers of 4 for full compaction
[5.023s][info][gc,start       ] GC(95) Pause Full (G1 Compaction Pause)
[5.023s][info][gc,phases,start] GC(95) Phase 1: Mark live objects
[5.055s][info][gc,phases      ] GC(95) Phase 1: Mark live objects 31.832ms
[5.055s][info][gc,phases,start] GC(95) Phase 2: Prepare for compaction
[5.063s][info][gc,phases      ] GC(95) Phase 2: Prepare for compaction 7.769ms
[5.063s][info][gc,phases,start] GC(95) Phase 3: Adjust pointers
[5.075s][info][gc,phases      ] GC(95) Phase 3: Adjust pointers 12.574ms
[5.075s][info][gc,phases,start] GC(95) Phase 4: Compact heap
[5.082s][info][gc,phases      ] GC(95) Phase 4: Compact heap 6.221ms
[5.084s][info][gc,heap        ] GC(95) Eden regions: 0->0(2)
[5.085s][info][gc,heap        ] GC(95) Survivor regions: 0->0(0)
[5.085s][info][gc,heap        ] GC(95) Old regions: 46->46
[5.085s][info][gc,heap        ] GC(95) Archive regions: 0->0
[5.085s][info][gc,heap        ] GC(95) Humongous regions: 4->4
[5.085s][info][gc,metaspace   ] GC(95) Metaspace: 16698K(16960K)->16698K(16960K) NonClass: 14702K(14848K)->14702K(14848K) Class: 1995K(2112K)->1995K(2112K)
[5.085s][info][gc             ] GC(95) Pause Full (G1 Compaction Pause) 49M->49M(50M) 61.657ms
[5.085s][info][gc,cpu         ] GC(95) User=0.12s Sys=0.00s Real=0.06s
[5.085s][info][gc,marking     ] GC(90) Concurrent Mark Abort
[5.085s][info][gc             ] GC(90) Concurrent Mark Cycle 191.208ms
[5.085s][info][gc,start       ] GC(96) Pause Young (Normal) (G1 Evacuation Pause)
[5.085s][info][gc,task        ] GC(96) Using 4 workers of 4 for evacuation
[5.085s][info][gc,phases      ] GC(96)   Pre Evacuate Collection Set: 0.0ms
[5.085s][info][gc,phases      ] GC(96)   Merge Heap Roots: 0.0ms
[5.085s][info][gc,phases      ] GC(96)   Evacuate Collection Set: 0.1ms
[5.085s][info][gc,phases      ] GC(96)   Post Evacuate Collection Set: 0.2ms
[5.085s][info][gc,phases      ] GC(96)   Other: 0.1ms
[5.085s][info][gc,heap        ] GC(96) Eden regions: 0->0(2)
[5.085s][info][gc,heap        ] GC(96) Survivor regions: 0->0(0)
[5.085s][info][gc,heap        ] GC(96) Old regions: 46->46
[5.085s][info][gc,heap        ] GC(96) Archive regions: 0->0
[5.085s][info][gc,heap        ] GC(96) Humongous regions: 4->4
[5.085s][info][gc,metaspace   ] GC(96) Metaspace: 16698K(16960K)->16698K(16960K) NonClass: 14702K(14848K)->14702K(14848K) Class: 1995K(2112K)->1995K(2112K)
[5.085s][info][gc             ] GC(96) Pause Young (Normal) (G1 Evacuation Pause) 49M->49M(50M) 0.491ms
[5.085s][info][gc,cpu         ] GC(96) User=0.00s Sys=0.00s Real=0.00s
[5.085s][info][gc,ergo        ] Attempting full compaction
[5.085s][info][gc,task        ] GC(97) Using 3 workers of 4 for full compaction
[5.085s][info][gc,start       ] GC(97) Pause Full (G1 Compaction Pause)
[5.085s][info][gc,phases,start] GC(97) Phase 1: Mark live objects
[5.108s][info][gc,phases      ] GC(97) Phase 1: Mark live objects 22.893ms
[5.108s][info][gc,phases,start] GC(97) Phase 2: Prepare for compaction
[5.109s][info][gc,phases      ] GC(97) Phase 2: Prepare for compaction 0.378ms
[5.109s][info][gc,phases,start] GC(97) Phase 3: Adjust pointers
[5.115s][info][gc,phases      ] GC(97) Phase 3: Adjust pointers 6.388ms
[5.115s][info][gc,phases,start] GC(97) Phase 4: Compact heap
[5.115s][info][gc,phases      ] GC(97) Phase 4: Compact heap 0.211ms
[5.118s][info][gc,heap        ] GC(97) Eden regions: 0->0(2)
[5.118s][info][gc,heap        ] GC(97) Survivor regions: 0->0(0)
[5.118s][info][gc,heap        ] GC(97) Old regions: 46->46
[5.118s][info][gc,heap        ] GC(97) Archive regions: 0->0
[5.118s][info][gc,heap        ] GC(97) Humongous regions: 4->4
[5.118s][info][gc,metaspace   ] GC(97) Metaspace: 16698K(16960K)->16698K(16960K) NonClass: 14702K(14848K)->14702K(14848K) Class: 1995K(2112K)->1995K(2112K)
[5.118s][info][gc             ] GC(97) Pause Full (G1 Compaction Pause) 49M->49M(50M) 32.530ms
[5.118s][info][gc,cpu         ] GC(97) User=0.09s Sys=0.02s Real=0.03s
[5.118s][info][gc,ergo        ] Attempting maximum full compaction clearing soft references
[5.118s][info][gc,task        ] GC(98) Using 2 workers of 4 for full compaction
[5.118s][info][gc,start       ] GC(98) Pause Full (G1 Compaction Pause)
[5.118s][info][gc,phases,start] GC(98) Phase 1: Mark live objects
[5.150s][info][gc,phases      ] GC(98) Phase 1: Mark live objects 31.558ms
[5.150s][info][gc,phases,start] GC(98) Phase 2: Prepare for compaction
[5.157s][info][gc,phases      ] GC(98) Phase 2: Prepare for compaction 7.036ms
[5.157s][info][gc,phases,start] GC(98) Phase 3: Adjust pointers
[5.169s][info][gc,phases      ] GC(98) Phase 3: Adjust pointers 11.964ms
[5.169s][info][gc,phases,start] GC(98) Phase 4: Compact heap
[5.174s][info][gc,phases      ] GC(98) Phase 4: Compact heap 5.134ms
[5.176s][info][gc,heap        ] GC(98) Eden regions: 0->0(2)
[5.176s][info][gc,heap        ] GC(98) Survivor regions: 0->0(0)
[5.176s][info][gc,heap        ] GC(98) Old regions: 46->46
[5.176s][info][gc,heap        ] GC(98) Archive regions: 0->0
[5.176s][info][gc,heap        ] GC(98) Humongous regions: 4->4
[5.176s][info][gc,metaspace   ] GC(98) Metaspace: 16698K(16960K)->16698K(16960K) NonClass: 14702K(14848K)->14702K(14848K) Class: 1995K(2112K)->1995K(2112K)
[5.177s][info][gc             ] GC(98) Pause Full (G1 Compaction Pause) 49M->49M(50M) 58.360ms
[5.177s][info][gc,cpu         ] GC(98) User=0.12s Sys=0.00s Real=0.06s
[5.177s][info][gc,start       ] GC(99) Pause Young (Concurrent Start) (G1 Evacuation Pause)
[5.177s][info][gc,task        ] GC(99) Using 4 workers of 4 for evacuation
[5.177s][info][gc,phases      ] GC(99)   Pre Evacuate Collection Set: 0.1ms
[5.177s][info][gc,phases      ] GC(99)   Merge Heap Roots: 0.1ms
[5.177s][info][gc,phases      ] GC(99)   Evacuate Collection Set: 0.3ms
[5.177s][info][gc,phases      ] GC(99)   Post Evacuate Collection Set: 0.2ms
[5.177s][info][gc,phases      ] GC(99)   Other: 0.1ms
[5.177s][info][gc,heap        ] GC(99) Eden regions: 0->0(2)
[5.177s][info][gc,heap        ] GC(99) Survivor regions: 0->0(0)
[5.177s][info][gc,heap        ] GC(99) Old regions: 46->46
[5.177s][info][gc,heap        ] GC(99) Archive regions: 0->0
[5.177s][info][gc,heap        ] GC(99) Humongous regions: 4->4
[5.177s][info][gc,metaspace   ] GC(99) Metaspace: 16698K(16960K)->16698K(16960K) NonClass: 14702K(14848K)->14702K(14848K) Class: 1995K(2112K)->1995K(2112K)
[5.178s][info][gc             ] GC(99) Pause Young (Concurrent Start) (G1 Evacuation Pause) 49M->49M(50M) 0.809ms
[5.178s][info][gc,cpu         ] GC(99) User=0.00s Sys=0.00s Real=0.00s
[5.178s][info][gc,ergo        ] Attempting full compaction
[5.178s][info][gc,task        ] GC(100) Using 3 workers of 4 for full compaction
[5.178s][info][gc             ] GC(101) Concurrent Mark Cycle
[5.178s][info][gc,marking     ] GC(101) Concurrent Clear Claimed Marks
[5.178s][info][gc,start       ] GC(100) Pause Full (G1 Compaction Pause)
[5.178s][info][gc,marking     ] GC(101) Concurrent Clear Claimed Marks 0.028ms
[5.178s][info][gc,marking     ] GC(101) Concurrent Scan Root Regions
[5.178s][info][gc,marking     ] GC(101) Concurrent Scan Root Regions 0.018ms
[5.178s][info][gc,marking     ] GC(101) Concurrent Mark
[5.178s][info][gc,marking     ] GC(101) Concurrent Mark From Roots
[5.178s][info][gc,phases,start] GC(100) Phase 1: Mark live objects
[5.178s][info][gc,task        ] GC(101) Using 1 workers of 1 for marking
[5.199s][info][gc,phases      ] GC(100) Phase 1: Mark live objects 21.318ms
[5.199s][info][gc,phases,start] GC(100) Phase 2: Prepare for compaction
[5.200s][info][gc,phases      ] GC(100) Phase 2: Prepare for compaction 0.386ms
[5.200s][info][gc,phases,start] GC(100) Phase 3: Adjust pointers
[5.206s][info][gc,phases      ] GC(100) Phase 3: Adjust pointers 6.537ms
[5.206s][info][gc,phases,start] GC(100) Phase 4: Compact heap
[5.206s][info][gc,phases      ] GC(100) Phase 4: Compact heap 0.210ms
[5.209s][info][gc,heap        ] GC(100) Eden regions: 0->0(2)
[5.209s][info][gc,heap        ] GC(100) Survivor regions: 0->0(0)
[5.209s][info][gc,heap        ] GC(100) Old regions: 46->46
[5.209s][info][gc,heap        ] GC(100) Archive regions: 0->0
[5.209s][info][gc,heap        ] GC(100) Humongous regions: 4->4
[5.209s][info][gc,metaspace   ] GC(100) Metaspace: 16698K(16960K)->16698K(16960K) NonClass: 14702K(14848K)->14702K(14848K) Class: 1995K(2112K)->1995K(2112K)
[5.209s][info][gc             ] GC(100) Pause Full (G1 Compaction Pause) 49M->49M(50M) 31.246ms
[5.209s][info][gc,cpu         ] GC(100) User=0.09s Sys=0.00s Real=0.03s
[5.209s][info][gc,ergo        ] Attempting maximum full compaction clearing soft references
[5.209s][info][gc,task        ] GC(102) Using 2 workers of 4 for full compaction
[5.209s][info][gc,start       ] GC(102) Pause Full (G1 Compaction Pause)
[5.209s][info][gc,phases,start] GC(102) Phase 1: Mark live objects
[5.241s][info][gc,phases      ] GC(102) Phase 1: Mark live objects 31.982ms
[5.241s][info][gc,phases,start] GC(102) Phase 2: Prepare for compaction
[5.248s][info][gc,phases      ] GC(102) Phase 2: Prepare for compaction 7.183ms
[5.248s][info][gc,phases,start] GC(102) Phase 3: Adjust pointers
[5.260s][info][gc,phases      ] GC(102) Phase 3: Adjust pointers 12.035ms
[5.260s][info][gc,phases,start] GC(102) Phase 4: Compact heap
[5.266s][info][gc,phases      ] GC(102) Phase 4: Compact heap 5.533ms
[5.269s][info][gc,heap        ] GC(102) Eden regions: 0->0(2)
[5.269s][info][gc,heap        ] GC(102) Survivor regions: 0->0(0)
[5.269s][info][gc,heap        ] GC(102) Old regions: 46->46
[5.269s][info][gc,heap        ] GC(102) Archive regions: 0->0
[5.269s][info][gc,heap        ] GC(102) Humongous regions: 4->4
[5.269s][info][gc,metaspace   ] GC(102) Metaspace: 16698K(16960K)->16698K(16960K) NonClass: 14702K(14848K)->14702K(14848K) Class: 1995K(2112K)->1995K(2112K)
[5.269s][info][gc             ] GC(102) Pause Full (G1 Compaction Pause) 49M->49M(50M) 59.604ms
[5.269s][info][gc,cpu         ] GC(102) User=0.11s Sys=0.00s Real=0.06s
[5.269s][info][gc,marking     ] GC(101) Concurrent Mark From Roots 91.065ms
[5.269s][info][gc,marking     ] GC(101) Concurrent Mark Abort
[5.269s][info][gc             ] GC(101) Concurrent Mark Cycle 91.270ms
[5.269s][info][gc,start       ] GC(103) Pause Young (Normal) (G1 Evacuation Pause)
[5.269s][info][gc,task        ] GC(103) Using 4 workers of 4 for evacuation
[5.269s][info][gc,phases      ] GC(103)   Pre Evacuate Collection Set: 0.0ms
[5.269s][info][gc,phases      ] GC(103)   Merge Heap Roots: 0.0ms
[5.269s][info][gc,phases      ] GC(103)   Evacuate Collection Set: 0.1ms
[5.269s][info][gc,phases      ] GC(103)   Post Evacuate Collection Set: 0.1ms
[5.269s][info][gc,phases      ] GC(103)   Other: 0.1ms
[5.269s][info][gc,heap        ] GC(103) Eden regions: 0->0(2)
[5.269s][info][gc,heap        ] GC(103) Survivor regions: 0->0(0)
[5.269s][info][gc,heap        ] GC(103) Old regions: 46->46
[5.269s][info][gc,heap        ] GC(103) Archive regions: 0->0
[5.269s][info][gc,heap        ] GC(103) Humongous regions: 4->4
[5.269s][info][gc,metaspace   ] GC(103) Metaspace: 16698K(16960K)->16698K(16960K) NonClass: 14702K(14848K)->14702K(14848K) Class: 1995K(2112K)->1995K(2112K)
[5.269s][info][gc             ] GC(103) Pause Young (Normal) (G1 Evacuation Pause) 49M->49M(50M) 0.447ms
[5.269s][info][gc,cpu         ] GC(103) User=0.00s Sys=0.00s Real=0.00s
[5.269s][info][gc,ergo        ] Attempting full compaction
[5.269s][info][gc,task        ] GC(104) Using 3 workers of 4 for full compaction
[5.269s][info][gc,start       ] GC(104) Pause Full (G1 Compaction Pause)
[5.269s][info][gc,phases,start] GC(104) Phase 1: Mark live objects
[5.290s][info][gc,phases      ] GC(104) Phase 1: Mark live objects 20.987ms
[5.291s][info][gc,phases,start] GC(104) Phase 2: Prepare for compaction
[5.291s][info][gc,phases      ] GC(104) Phase 2: Prepare for compaction 0.363ms
[5.291s][info][gc,phases,start] GC(104) Phase 3: Adjust pointers
[5.298s][info][gc,phases      ] GC(104) Phase 3: Adjust pointers 6.662ms
[5.298s][info][gc,phases,start] GC(104) Phase 4: Compact heap
[5.298s][info][gc,phases      ] GC(104) Phase 4: Compact heap 0.187ms
[5.300s][info][gc,heap        ] GC(104) Eden regions: 0->0(2)
[5.300s][info][gc,heap        ] GC(104) Survivor regions: 0->0(0)
[5.300s][info][gc,heap        ] GC(104) Old regions: 46->46
[5.300s][info][gc,heap        ] GC(104) Archive regions: 0->0
[5.300s][info][gc,heap        ] GC(104) Humongous regions: 4->4
[5.300s][info][gc,metaspace   ] GC(104) Metaspace: 16698K(16960K)->16698K(16960K) NonClass: 14702K(14848K)->14702K(14848K) Class: 1995K(2112K)->1995K(2112K)
[5.300s][info][gc             ] GC(104) Pause Full (G1 Compaction Pause) 49M->49M(50M) 30.848ms
[5.300s][info][gc,cpu         ] GC(104) User=0.05s Sys=0.00s Real=0.03s
[5.300s][info][gc,ergo        ] Attempting maximum full compaction clearing soft references
[5.301s][info][gc,task        ] GC(105) Using 2 workers of 4 for full compaction
[5.301s][info][gc,start       ] GC(105) Pause Full (G1 Compaction Pause)
[5.301s][info][gc,phases,start] GC(105) Phase 1: Mark live objects
[5.332s][info][gc,phases      ] GC(105) Phase 1: Mark live objects 31.450ms
[5.332s][info][gc,phases,start] GC(105) Phase 2: Prepare for compaction
[5.339s][info][gc,phases      ] GC(105) Phase 2: Prepare for compaction 7.132ms
[5.339s][info][gc,phases,start] GC(105) Phase 3: Adjust pointers
[5.352s][info][gc,phases      ] GC(105) Phase 3: Adjust pointers 12.504ms
[5.352s][info][gc,phases,start] GC(105) Phase 4: Compact heap
[5.358s][info][gc,phases      ] GC(105) Phase 4: Compact heap 5.967ms
[5.361s][info][gc,heap        ] GC(105) Eden regions: 0->0(2)
[5.361s][info][gc,heap        ] GC(105) Survivor regions: 0->0(0)
[5.361s][info][gc,heap        ] GC(105) Old regions: 46->46
[5.361s][info][gc,heap        ] GC(105) Archive regions: 0->0
[5.361s][info][gc,heap        ] GC(105) Humongous regions: 4->4
[5.361s][info][gc,metaspace   ] GC(105) Metaspace: 16698K(16960K)->16698K(16960K) NonClass: 14702K(14848K)->14702K(14848K) Class: 1995K(2112K)->1995K(2112K)
[5.361s][info][gc             ] GC(105) Pause Full (G1 Compaction Pause) 49M->49M(50M) 60.294ms
[5.361s][info][gc,cpu         ] GC(105) User=0.11s Sys=0.00s Real=0.06s
[5.361s][info][gc,start       ] GC(106) Pause Young (Concurrent Start) (G1 Evacuation Pause)
[5.361s][info][gc,task        ] GC(106) Using 4 workers of 4 for evacuation
[5.362s][info][gc,phases      ] GC(106)   Pre Evacuate Collection Set: 0.1ms
[5.362s][info][gc,phases      ] GC(106)   Merge Heap Roots: 0.1ms
[5.362s][info][gc,phases      ] GC(106)   Evacuate Collection Set: 0.4ms
[5.362s][info][gc,phases      ] GC(106)   Post Evacuate Collection Set: 0.2ms
[5.362s][info][gc,phases      ] GC(106)   Other: 0.3ms
[5.362s][info][gc,heap        ] GC(106) Eden regions: 0->0(2)
[5.362s][info][gc,heap        ] GC(106) Survivor regions: 0->0(0)
[5.362s][info][gc,heap        ] GC(106) Old regions: 46->46
[5.362s][info][gc,heap        ] GC(106) Archive regions: 0->0
[5.362s][info][gc,heap        ] GC(106) Humongous regions: 4->4
[5.362s][info][gc,metaspace   ] GC(106) Metaspace: 16698K(16960K)->16698K(16960K) NonClass: 14702K(14848K)->14702K(14848K) Class: 1995K(2112K)->1995K(2112K)
[5.362s][info][gc             ] GC(106) Pause Young (Concurrent Start) (G1 Evacuation Pause) 49M->49M(50M) 1.189ms
[5.363s][info][gc,cpu         ] GC(106) User=0.00s Sys=0.00s Real=0.00s
[5.363s][info][gc,ergo        ] Attempting full compaction
[5.363s][info][gc             ] GC(107) Concurrent Mark Cycle
[5.363s][info][gc,task        ] GC(108) Using 3 workers of 4 for full compaction
[5.363s][info][gc,marking     ] GC(107) Concurrent Clear Claimed Marks
[5.363s][info][gc,marking     ] GC(107) Concurrent Clear Claimed Marks 0.042ms
[5.363s][info][gc,marking     ] GC(107) Concurrent Scan Root Regions
[5.363s][info][gc,marking     ] GC(107) Concurrent Scan Root Regions 0.014ms
[5.363s][info][gc,marking     ] GC(107) Concurrent Mark
[5.363s][info][gc,marking     ] GC(107) Concurrent Mark From Roots
[5.363s][info][gc,task        ] GC(107) Using 1 workers of 1 for marking
[5.363s][info][gc,start       ] GC(108) Pause Full (G1 Compaction Pause)
[5.363s][info][gc,phases,start] GC(108) Phase 1: Mark live objects
[5.385s][info][gc,phases      ] GC(108) Phase 1: Mark live objects 22.244ms
[5.385s][info][gc,phases,start] GC(108) Phase 2: Prepare for compaction
[5.386s][info][gc,phases      ] GC(108) Phase 2: Prepare for compaction 0.415ms
[5.386s][info][gc,phases,start] GC(108) Phase 3: Adjust pointers
[5.392s][info][gc,phases      ] GC(108) Phase 3: Adjust pointers 6.567ms
[5.392s][info][gc,phases,start] GC(108) Phase 4: Compact heap
[5.392s][info][gc,phases      ] GC(108) Phase 4: Compact heap 0.187ms
[5.395s][info][gc,heap        ] GC(108) Eden regions: 0->0(2)
[5.395s][info][gc,heap        ] GC(108) Survivor regions: 0->0(0)
[5.395s][info][gc,heap        ] GC(108) Old regions: 46->46
[5.395s][info][gc,heap        ] GC(108) Archive regions: 0->0
[5.395s][info][gc,heap        ] GC(108) Humongous regions: 4->4
[5.395s][info][gc,metaspace   ] GC(108) Metaspace: 16698K(16960K)->16698K(16960K) NonClass: 14702K(14848K)->14702K(14848K) Class: 1995K(2112K)->1995K(2112K)
[5.395s][info][gc             ] GC(108) Pause Full (G1 Compaction Pause) 49M->49M(50M) 32.237ms
[5.395s][info][gc,cpu         ] GC(108) User=0.09s Sys=0.00s Real=0.03s
[5.395s][info][gc,ergo        ] Attempting maximum full compaction clearing soft references
[5.395s][info][gc,task        ] GC(109) Using 2 workers of 4 for full compaction
[5.395s][info][gc,start       ] GC(109) Pause Full (G1 Compaction Pause)
[5.395s][info][gc,phases,start] GC(109) Phase 1: Mark live objects
[5.428s][info][gc,phases      ] GC(109) Phase 1: Mark live objects 32.493ms
[5.428s][info][gc,phases,start] GC(109) Phase 2: Prepare for compaction
[5.435s][info][gc,phases      ] GC(109) Phase 2: Prepare for compaction 7.367ms
[5.435s][info][gc,phases,start] GC(109) Phase 3: Adjust pointers
[5.448s][info][gc,phases      ] GC(109) Phase 3: Adjust pointers 12.460ms
[5.448s][info][gc,phases,start] GC(109) Phase 4: Compact heap
[5.454s][info][gc,phases      ] GC(109) Phase 4: Compact heap 6.084ms
[5.456s][info][gc,heap        ] GC(109) Eden regions: 0->0(2)
[5.456s][info][gc,heap        ] GC(109) Survivor regions: 0->0(0)
[5.456s][info][gc,heap        ] GC(109) Old regions: 46->46
[5.456s][info][gc,heap        ] GC(109) Archive regions: 0->0
[5.456s][info][gc,heap        ] GC(109) Humongous regions: 4->4
[5.456s][info][gc,metaspace   ] GC(109) Metaspace: 16698K(16960K)->16698K(16960K) NonClass: 14702K(14848K)->14702K(14848K) Class: 1995K(2112K)->1995K(2112K)
[5.456s][info][gc             ] GC(109) Pause Full (G1 Compaction Pause) 49M->49M(50M) 61.255ms
[5.456s][info][gc,cpu         ] GC(109) User=0.09s Sys=0.00s Real=0.06s
[5.457s][info][gc,marking     ] GC(107) Concurrent Mark From Roots 93.811ms
[5.457s][info][gc,marking     ] GC(107) Concurrent Mark Abort
[5.457s][info][gc             ] GC(107) Concurrent Mark Cycle 93.985ms
[5.457s][info][gc,start       ] GC(110) Pause Young (Normal) (G1 Evacuation Pause)
[5.457s][info][gc,task        ] GC(110) Using 4 workers of 4 for evacuation
[5.457s][info][gc,phases      ] GC(110)   Pre Evacuate Collection Set: 0.0ms
[5.457s][info][gc,phases      ] GC(110)   Merge Heap Roots: 0.0ms
[5.457s][info][gc,phases      ] GC(110)   Evacuate Collection Set: 0.1ms
[5.457s][info][gc,phases      ] GC(110)   Post Evacuate Collection Set: 0.2ms
[5.457s][info][gc,phases      ] GC(110)   Other: 0.1ms
[5.457s][info][gc,heap        ] GC(110) Eden regions: 0->0(2)
[5.457s][info][gc,heap        ] GC(110) Survivor regions: 0->0(0)
[5.457s][info][gc,heap        ] GC(110) Old regions: 46->46
[5.457s][info][gc,heap        ] GC(110) Archive regions: 0->0
[5.457s][info][gc,heap        ] GC(110) Humongous regions: 4->4
[5.457s][info][gc,metaspace   ] GC(110) Metaspace: 16698K(16960K)->16698K(16960K) NonClass: 14702K(14848K)->14702K(14848K) Class: 1995K(2112K)->1995K(2112K)
[5.457s][info][gc             ] GC(110) Pause Young (Normal) (G1 Evacuation Pause) 49M->49M(50M) 0.612ms
[5.457s][info][gc,cpu         ] GC(110) User=0.00s Sys=0.00s Real=0.00s
[5.457s][info][gc,ergo        ] Attempting full compaction
[5.457s][info][gc,task        ] GC(111) Using 3 workers of 4 for full compaction
[5.457s][info][gc,start       ] GC(111) Pause Full (G1 Compaction Pause)
[5.457s][info][gc,phases,start] GC(111) Phase 1: Mark live objects
[5.478s][info][gc,phases      ] GC(111) Phase 1: Mark live objects 20.942ms
[5.478s][info][gc,phases,start] GC(111) Phase 2: Prepare for compaction
[5.479s][info][gc,phases      ] GC(111) Phase 2: Prepare for compaction 0.356ms
[5.479s][info][gc,phases,start] GC(111) Phase 3: Adjust pointers
[5.486s][info][gc,phases      ] GC(111) Phase 3: Adjust pointers 6.787ms
[5.486s][info][gc,phases,start] GC(111) Phase 4: Compact heap
[5.486s][info][gc,phases      ] GC(111) Phase 4: Compact heap 0.199ms
[5.488s][info][gc,heap        ] GC(111) Eden regions: 0->0(2)
[5.488s][info][gc,heap        ] GC(111) Survivor regions: 0->0(0)
[5.488s][info][gc,heap        ] GC(111) Old regions: 46->46
[5.488s][info][gc,heap        ] GC(111) Archive regions: 0->0
[5.488s][info][gc,heap        ] GC(111) Humongous regions: 4->4
[5.488s][info][gc,metaspace   ] GC(111) Metaspace: 16698K(16960K)->16698K(16960K) NonClass: 14702K(14848K)->14702K(14848K) Class: 1995K(2112K)->1995K(2112K)
[5.488s][info][gc             ] GC(111) Pause Full (G1 Compaction Pause) 49M->49M(50M) 30.981ms
[5.488s][info][gc,cpu         ] GC(111) User=0.09s Sys=0.00s Real=0.03s
[5.488s][info][gc,ergo        ] Attempting maximum full compaction clearing soft references
[5.488s][info][gc,task        ] GC(112) Using 2 workers of 4 for full compaction
[5.489s][info][gc,start       ] GC(112) Pause Full (G1 Compaction Pause)
[5.489s][info][gc,phases,start] GC(112) Phase 1: Mark live objects
[5.520s][info][gc,phases      ] GC(112) Phase 1: Mark live objects 31.322ms
[5.520s][info][gc,phases,start] GC(112) Phase 2: Prepare for compaction
[5.527s][info][gc,phases      ] GC(112) Phase 2: Prepare for compaction 7.338ms
[5.527s][info][gc,phases,start] GC(112) Phase 3: Adjust pointers
[5.539s][info][gc,phases      ] GC(112) Phase 3: Adjust pointers 12.017ms
[5.539s][info][gc,phases,start] GC(112) Phase 4: Compact heap
[5.545s][info][gc,phases      ] GC(112) Phase 4: Compact heap 5.364ms
[5.547s][info][gc,heap        ] GC(112) Eden regions: 0->0(2)
[5.547s][info][gc,heap        ] GC(112) Survivor regions: 0->0(0)
[5.547s][info][gc,heap        ] GC(112) Old regions: 46->46
[5.547s][info][gc,heap        ] GC(112) Archive regions: 0->0
[5.547s][info][gc,heap        ] GC(112) Humongous regions: 4->4
[5.547s][info][gc,metaspace   ] GC(112) Metaspace: 16698K(16960K)->16698K(16960K) NonClass: 14702K(14848K)->14702K(14848K) Class: 1995K(2112K)->1995K(2112K)
[5.547s][info][gc             ] GC(112) Pause Full (G1 Compaction Pause) 49M->49M(50M) 58.988ms
[5.548s][info][gc,cpu         ] GC(112) User=0.11s Sys=0.00s Real=0.06s
[5.548s][info][gc,start       ] GC(113) Pause Young (Concurrent Start) (G1 Evacuation Pause)
[5.548s][info][gc,task        ] GC(113) Using 4 workers of 4 for evacuation
[5.549s][info][gc,phases      ] GC(113)   Pre Evacuate Collection Set: 0.0ms
[5.549s][info][gc,phases      ] GC(113)   Merge Heap Roots: 0.0ms
[5.549s][info][gc,phases      ] GC(113)   Evacuate Collection Set: 0.2ms
[5.549s][info][gc,phases      ] GC(113)   Post Evacuate Collection Set: 0.3ms
[5.549s][info][gc,phases      ] GC(113)   Other: 0.1ms
[5.549s][info][gc,heap        ] GC(113) Eden regions: 0->0(2)
[5.549s][info][gc,heap        ] GC(113) Survivor regions: 0->0(0)
[5.549s][info][gc,heap        ] GC(113) Old regions: 46->46
[5.549s][info][gc,heap        ] GC(113) Archive regions: 0->0
[5.549s][info][gc,heap        ] GC(113) Humongous regions: 4->4
[5.549s][info][gc,metaspace   ] GC(113) Metaspace: 16698K(16960K)->16698K(16960K) NonClass: 14702K(14848K)->14702K(14848K) Class: 1995K(2112K)->1995K(2112K)
[5.549s][info][gc             ] GC(113) Pause Young (Concurrent Start) (G1 Evacuation Pause) 49M->49M(50M) 0.825ms
[5.549s][info][gc,cpu         ] GC(113) User=0.00s Sys=0.00s Real=0.00s
[5.549s][info][gc,ergo        ] Attempting full compaction
[5.549s][info][gc,task        ] GC(114) Using 3 workers of 4 for full compaction
[5.549s][info][gc             ] GC(115) Concurrent Mark Cycle
[5.549s][info][gc,marking     ] GC(115) Concurrent Clear Claimed Marks
[5.549s][info][gc,start       ] GC(114) Pause Full (G1 Compaction Pause)
[5.549s][info][gc,marking     ] GC(115) Concurrent Clear Claimed Marks 0.033ms
[5.549s][info][gc,marking     ] GC(115) Concurrent Scan Root Regions
[5.549s][info][gc,marking     ] GC(115) Concurrent Scan Root Regions 0.017ms
[5.549s][info][gc,marking     ] GC(115) Concurrent Mark
[5.549s][info][gc,marking     ] GC(115) Concurrent Mark From Roots
[5.549s][info][gc,task        ] GC(115) Using 1 workers of 1 for marking
[5.549s][info][gc,phases,start] GC(114) Phase 1: Mark live objects
[5.571s][info][gc,phases      ] GC(114) Phase 1: Mark live objects 21.865ms
[5.571s][info][gc,phases,start] GC(114) Phase 2: Prepare for compaction
[5.571s][info][gc,phases      ] GC(114) Phase 2: Prepare for compaction 0.348ms
[5.571s][info][gc,phases,start] GC(114) Phase 3: Adjust pointers
[5.578s][info][gc,phases      ] GC(114) Phase 3: Adjust pointers 6.378ms
[5.578s][info][gc,phases,start] GC(114) Phase 4: Compact heap
[5.578s][info][gc,phases      ] GC(114) Phase 4: Compact heap 0.180ms
[5.580s][info][gc,heap        ] GC(114) Eden regions: 0->0(2)
[5.580s][info][gc,heap        ] GC(114) Survivor regions: 0->0(0)
[5.580s][info][gc,heap        ] GC(114) Old regions: 46->46
[5.580s][info][gc,heap        ] GC(114) Archive regions: 0->0
[5.580s][info][gc,heap        ] GC(114) Humongous regions: 4->4
[5.580s][info][gc,metaspace   ] GC(114) Metaspace: 16698K(16960K)->16698K(16960K) NonClass: 14702K(14848K)->14702K(14848K) Class: 1995K(2112K)->1995K(2112K)
[5.580s][info][gc             ] GC(114) Pause Full (G1 Compaction Pause) 49M->49M(50M) 31.574ms
[5.581s][info][gc,cpu         ] GC(114) User=0.06s Sys=0.00s Real=0.03s
[5.581s][info][gc,ergo        ] Attempting maximum full compaction clearing soft references
[5.581s][info][gc,task        ] GC(116) Using 2 workers of 4 for full compaction
[5.581s][info][gc,start       ] GC(116) Pause Full (G1 Compaction Pause)
[5.581s][info][gc,phases,start] GC(116) Phase 1: Mark live objects
[5.613s][info][gc,phases      ] GC(116) Phase 1: Mark live objects 32.384ms
[5.613s][info][gc,phases,start] GC(116) Phase 2: Prepare for compaction
[5.620s][info][gc,phases      ] GC(116) Phase 2: Prepare for compaction 7.248ms
[5.620s][info][gc,phases,start] GC(116) Phase 3: Adjust pointers
[5.632s][info][gc,phases      ] GC(116) Phase 3: Adjust pointers 11.880ms
[5.632s][info][gc,phases,start] GC(116) Phase 4: Compact heap
[5.638s][info][gc,phases      ] GC(116) Phase 4: Compact heap 5.188ms
[5.640s][info][gc,heap        ] GC(116) Eden regions: 0->0(2)
[5.640s][info][gc,heap        ] GC(116) Survivor regions: 0->0(0)
[5.640s][info][gc,heap        ] GC(116) Old regions: 46->46
[5.640s][info][gc,heap        ] GC(116) Archive regions: 0->0
[5.640s][info][gc,heap        ] GC(116) Humongous regions: 4->4
[5.640s][info][gc,metaspace   ] GC(116) Metaspace: 16698K(16960K)->16698K(16960K) NonClass: 14702K(14848K)->14702K(14848K) Class: 1995K(2112K)->1995K(2112K)
[5.640s][info][gc             ] GC(116) Pause Full (G1 Compaction Pause) 49M->49M(50M) 59.451ms
[5.640s][info][gc,cpu         ] GC(116) User=0.09s Sys=0.00s Real=0.06s
[5.640s][info][gc,marking     ] GC(115) Concurrent Mark From Roots 91.222ms
[5.640s][info][gc,start       ] GC(117) Pause Young (Normal) (G1 Evacuation Pause)
[5.640s][info][gc,task        ] GC(117) Using 4 workers of 4 for evacuation
[5.641s][info][gc,phases      ] GC(117)   Pre Evacuate Collection Set: 0.0ms
[5.641s][info][gc,phases      ] GC(117)   Merge Heap Roots: 0.0ms
[5.641s][info][gc,phases      ] GC(117)   Evacuate Collection Set: 0.1ms
[5.641s][info][gc,phases      ] GC(117)   Post Evacuate Collection Set: 0.1ms
[5.641s][info][gc,phases      ] GC(117)   Other: 0.1ms
[5.641s][info][gc,heap        ] GC(117) Eden regions: 0->0(2)
[5.641s][info][gc,heap        ] GC(117) Survivor regions: 0->0(0)
[5.641s][info][gc,heap        ] GC(117) Old regions: 46->46
[5.641s][info][gc,heap        ] GC(117) Archive regions: 0->0
[5.641s][info][gc,heap        ] GC(117) Humongous regions: 4->4
[5.641s][info][gc,metaspace   ] GC(117) Metaspace: 16698K(16960K)->16698K(16960K) NonClass: 14702K(14848K)->14702K(14848K) Class: 1995K(2112K)->1995K(2112K)
[5.641s][info][gc             ] GC(117) Pause Young (Normal) (G1 Evacuation Pause) 49M->49M(50M) 0.476ms
[5.641s][info][gc,cpu         ] GC(117) User=0.00s Sys=0.00s Real=0.00s
[5.641s][info][gc,ergo        ] Attempting full compaction
[5.641s][info][gc,task        ] GC(118) Using 3 workers of 4 for full compaction
[5.641s][info][gc,start       ] GC(118) Pause Full (G1 Compaction Pause)
[5.641s][info][gc,phases,start] GC(118) Phase 1: Mark live objects
[5.663s][info][gc,phases      ] GC(118) Phase 1: Mark live objects 21.734ms
[5.663s][info][gc,phases,start] GC(118) Phase 2: Prepare for compaction
[5.663s][info][gc,phases      ] GC(118) Phase 2: Prepare for compaction 0.422ms
[5.663s][info][gc,phases,start] GC(118) Phase 3: Adjust pointers
[5.670s][info][gc,phases      ] GC(118) Phase 3: Adjust pointers 6.290ms
[5.670s][info][gc,phases,start] GC(118) Phase 4: Compact heap
[5.670s][info][gc,phases      ] GC(118) Phase 4: Compact heap 0.399ms
[5.673s][info][gc,heap        ] GC(118) Eden regions: 0->0(2)
[5.673s][info][gc,heap        ] GC(118) Survivor regions: 0->0(0)
[5.673s][info][gc,heap        ] GC(118) Old regions: 46->46
[5.673s][info][gc,heap        ] GC(118) Archive regions: 0->0
[5.673s][info][gc,heap        ] GC(118) Humongous regions: 4->4
[5.673s][info][gc,metaspace   ] GC(118) Metaspace: 16698K(16960K)->16698K(16960K) NonClass: 14702K(14848K)->14702K(14848K) Class: 1995K(2112K)->1995K(2112K)
[5.673s][info][gc             ] GC(118) Pause Full (G1 Compaction Pause) 49M->49M(50M) 31.695ms
[5.673s][info][gc,cpu         ] GC(118) User=0.06s Sys=0.00s Real=0.03s
[5.673s][info][gc,ergo        ] Attempting maximum full compaction clearing soft references
[5.673s][info][gc,task        ] GC(119) Using 2 workers of 4 for full compaction
[5.673s][info][gc,start       ] GC(119) Pause Full (G1 Compaction Pause)
[5.673s][info][gc,phases,start] GC(119) Phase 1: Mark live objects
[5.704s][info][gc,phases      ] GC(119) Phase 1: Mark live objects 31.568ms
[5.704s][info][gc,phases,start] GC(119) Phase 2: Prepare for compaction
[5.712s][info][gc,phases      ] GC(119) Phase 2: Prepare for compaction 7.343ms
[5.712s][info][gc,phases,start] GC(119) Phase 3: Adjust pointers
[5.725s][info][gc,phases      ] GC(119) Phase 3: Adjust pointers 12.696ms
[5.725s][info][gc,phases,start] GC(119) Phase 4: Compact heap
[5.730s][info][gc,phases      ] GC(119) Phase 4: Compact heap 5.432ms
[5.733s][info][gc,heap        ] GC(119) Eden regions: 0->0(2)
[5.733s][info][gc,heap        ] GC(119) Survivor regions: 0->0(0)
[5.733s][info][gc,heap        ] GC(119) Old regions: 46->46
[5.733s][info][gc,heap        ] GC(119) Archive regions: 0->0
[5.733s][info][gc,heap        ] GC(119) Humongous regions: 4->4
[5.733s][info][gc,metaspace   ] GC(119) Metaspace: 16698K(16960K)->16698K(16960K) NonClass: 14702K(14848K)->14702K(14848K) Class: 1995K(2112K)->1995K(2112K)
[5.733s][info][gc             ] GC(119) Pause Full (G1 Compaction Pause) 49M->49M(50M) 59.833ms
[5.733s][info][gc,cpu         ] GC(119) User=0.09s Sys=0.00s Real=0.06s
[5.733s][info][gc,marking     ] GC(115) Concurrent Mark Abort
[5.733s][info][gc             ] GC(115) Concurrent Mark Cycle 183.958ms
[5.733s][info][gc,start       ] GC(120) Pause Young (Normal) (G1 Evacuation Pause)
[5.733s][info][gc,task        ] GC(120) Using 4 workers of 4 for evacuation
[5.733s][info][gc,phases      ] GC(120)   Pre Evacuate Collection Set: 0.0ms
[5.733s][info][gc,phases      ] GC(120)   Merge Heap Roots: 0.0ms
[5.733s][info][gc,phases      ] GC(120)   Evacuate Collection Set: 0.1ms
[5.733s][info][gc,phases      ] GC(120)   Post Evacuate Collection Set: 0.2ms
[5.733s][info][gc,phases      ] GC(120)   Other: 0.1ms
[5.733s][info][gc,heap        ] GC(120) Eden regions: 0->0(2)
[5.733s][info][gc,heap        ] GC(120) Survivor regions: 0->0(0)
[5.733s][info][gc,heap        ] GC(120) Old regions: 46->46
[5.733s][info][gc,heap        ] GC(120) Archive regions: 0->0
[5.733s][info][gc,heap        ] GC(120) Humongous regions: 4->4
[5.733s][info][gc,metaspace   ] GC(120) Metaspace: 16698K(16960K)->16698K(16960K) NonClass: 14702K(14848K)->14702K(14848K) Class: 1995K(2112K)->1995K(2112K)
[5.733s][info][gc             ] GC(120) Pause Young (Normal) (G1 Evacuation Pause) 49M->49M(50M) 0.615ms
[5.733s][info][gc,cpu         ] GC(120) User=0.00s Sys=0.00s Real=0.00s
[5.734s][info][gc,ergo        ] Attempting full compaction
[5.734s][info][gc,task        ] GC(121) Using 3 workers of 4 for full compaction
[5.734s][info][gc,start       ] GC(121) Pause Full (G1 Compaction Pause)
[5.734s][info][gc,phases,start] GC(121) Phase 1: Mark live objects
[5.756s][info][gc,phases      ] GC(121) Phase 1: Mark live objects 21.829ms
[5.756s][info][gc,phases,start] GC(121) Phase 2: Prepare for compaction
[5.756s][info][gc,phases      ] GC(121) Phase 2: Prepare for compaction 0.414ms
[5.756s][info][gc,phases,start] GC(121) Phase 3: Adjust pointers
[5.763s][info][gc,phases      ] GC(121) Phase 3: Adjust pointers 7.115ms
[5.763s][info][gc,phases,start] GC(121) Phase 4: Compact heap
[5.763s][info][gc,phases      ] GC(121) Phase 4: Compact heap 0.223ms
[5.767s][info][gc,heap        ] GC(121) Eden regions: 0->0(2)
[5.767s][info][gc,heap        ] GC(121) Survivor regions: 0->0(0)
[5.767s][info][gc,heap        ] GC(121) Old regions: 46->46
[5.767s][info][gc,heap        ] GC(121) Archive regions: 0->0
[5.767s][info][gc,heap        ] GC(121) Humongous regions: 4->4
[5.767s][info][gc,metaspace   ] GC(121) Metaspace: 16698K(16960K)->16698K(16960K) NonClass: 14702K(14848K)->14702K(14848K) Class: 1995K(2112K)->1995K(2112K)
[5.767s][info][gc             ] GC(121) Pause Full (G1 Compaction Pause) 49M->49M(50M) 33.693ms
[5.767s][info][gc,cpu         ] GC(121) User=0.11s Sys=0.00s Real=0.03s
[5.768s][info][gc,ergo        ] Attempting maximum full compaction clearing soft references
[5.768s][info][gc,task        ] GC(122) Using 2 workers of 4 for full compaction
[5.768s][info][gc,start       ] GC(122) Pause Full (G1 Compaction Pause)
[5.768s][info][gc,phases,start] GC(122) Phase 1: Mark live objects
[5.799s][info][gc,phases      ] GC(122) Phase 1: Mark live objects 31.573ms
[5.799s][info][gc,phases,start] GC(122) Phase 2: Prepare for compaction
[5.808s][info][gc,phases      ] GC(122) Phase 2: Prepare for compaction 8.325ms
[5.808s][info][gc,phases,start] GC(122) Phase 3: Adjust pointers
[5.820s][info][gc,phases      ] GC(122) Phase 3: Adjust pointers 12.777ms
[5.821s][info][gc,phases,start] GC(122) Phase 4: Compact heap
[5.827s][info][gc,phases      ] GC(122) Phase 4: Compact heap 6.487ms
[5.830s][info][gc,heap        ] GC(122) Eden regions: 0->0(2)
[5.830s][info][gc,heap        ] GC(122) Survivor regions: 0->0(0)
[5.830s][info][gc,heap        ] GC(122) Old regions: 46->46
[5.830s][info][gc,heap        ] GC(122) Archive regions: 0->0
[5.830s][info][gc,heap        ] GC(122) Humongous regions: 4->4
[5.830s][info][gc,metaspace   ] GC(122) Metaspace: 16698K(16960K)->16698K(16960K) NonClass: 14702K(14848K)->14702K(14848K) Class: 1995K(2112K)->1995K(2112K)
[5.830s][info][gc             ] GC(122) Pause Full (G1 Compaction Pause) 49M->49M(50M) 62.132ms
[5.830s][info][gc,cpu         ] GC(122) User=0.11s Sys=0.00s Real=0.06s
[5.830s][info][gc,start       ] GC(123) Pause Young (Concurrent Start) (G1 Evacuation Pause)
[5.830s][info][gc,task        ] GC(123) Using 4 workers of 4 for evacuation
[5.831s][info][gc,phases      ] GC(123)   Pre Evacuate Collection Set: 0.0ms
[5.831s][info][gc,phases      ] GC(123)   Merge Heap Roots: 0.0ms
[5.831s][info][gc,phases      ] GC(123)   Evacuate Collection Set: 0.3ms
[5.831s][info][gc,phases      ] GC(123)   Post Evacuate Collection Set: 0.3ms
[5.831s][info][gc,phases      ] GC(123)   Other: 0.1ms
[5.831s][info][gc,heap        ] GC(123) Eden regions: 0->0(2)
[5.831s][info][gc,heap        ] GC(123) Survivor regions: 0->0(0)
[5.831s][info][gc,heap        ] GC(123) Old regions: 46->46
[5.831s][info][gc,heap        ] GC(123) Archive regions: 0->0
[5.831s][info][gc,heap        ] GC(123) Humongous regions: 4->4
[5.831s][info][gc,metaspace   ] GC(123) Metaspace: 16698K(16960K)->16698K(16960K) NonClass: 14702K(14848K)->14702K(14848K) Class: 1995K(2112K)->1995K(2112K)
[5.831s][info][gc             ] GC(123) Pause Young (Concurrent Start) (G1 Evacuation Pause) 49M->49M(50M) 1.076ms
[5.831s][info][gc,cpu         ] GC(123) User=0.00s Sys=0.00s Real=0.00s
[5.831s][info][gc,ergo        ] Attempting full compaction
[5.831s][info][gc             ] GC(124) Concurrent Mark Cycle
[5.831s][info][gc,task        ] GC(125) Using 3 workers of 4 for full compaction
[5.831s][info][gc,marking     ] GC(124) Concurrent Clear Claimed Marks
[5.831s][info][gc,marking     ] GC(124) Concurrent Clear Claimed Marks 0.106ms
[5.831s][info][gc,marking     ] GC(124) Concurrent Scan Root Regions
[5.831s][info][gc,marking     ] GC(124) Concurrent Scan Root Regions 0.017ms
[5.831s][info][gc,start       ] GC(125) Pause Full (G1 Compaction Pause)
[5.831s][info][gc,marking     ] GC(124) Concurrent Mark
[5.832s][info][gc,marking     ] GC(124) Concurrent Mark From Roots
[5.832s][info][gc,task        ] GC(124) Using 1 workers of 1 for marking
[5.832s][info][gc,phases,start] GC(125) Phase 1: Mark live objects
[5.854s][info][gc,phases      ] GC(125) Phase 1: Mark live objects 22.114ms
[5.854s][info][gc,phases,start] GC(125) Phase 2: Prepare for compaction
[5.854s][info][gc,phases      ] GC(125) Phase 2: Prepare for compaction 0.370ms
[5.854s][info][gc,phases,start] GC(125) Phase 3: Adjust pointers
[5.861s][info][gc,phases      ] GC(125) Phase 3: Adjust pointers 6.384ms
[5.861s][info][gc,phases,start] GC(125) Phase 4: Compact heap
[5.861s][info][gc,phases      ] GC(125) Phase 4: Compact heap 0.389ms
[5.864s][info][gc,heap        ] GC(125) Eden regions: 0->0(2)
[5.864s][info][gc,heap        ] GC(125) Survivor regions: 0->0(0)
[5.864s][info][gc,heap        ] GC(125) Old regions: 46->46
[5.864s][info][gc,heap        ] GC(125) Archive regions: 0->0
[5.864s][info][gc,heap        ] GC(125) Humongous regions: 4->4
[5.864s][info][gc,metaspace   ] GC(125) Metaspace: 16698K(16960K)->16698K(16960K) NonClass: 14702K(14848K)->14702K(14848K) Class: 1995K(2112K)->1995K(2112K)
[5.864s][info][gc             ] GC(125) Pause Full (G1 Compaction Pause) 49M->49M(50M) 32.433ms
[5.864s][info][gc,cpu         ] GC(125) User=0.09s Sys=0.00s Real=0.03s
[5.864s][info][gc,ergo        ] Attempting maximum full compaction clearing soft references
[5.864s][info][gc,task        ] GC(126) Using 2 workers of 4 for full compaction
[5.864s][info][gc,start       ] GC(126) Pause Full (G1 Compaction Pause)
[5.864s][info][gc,phases,start] GC(126) Phase 1: Mark live objects
[5.896s][info][gc,phases      ] GC(126) Phase 1: Mark live objects 31.505ms
[5.896s][info][gc,phases,start] GC(126) Phase 2: Prepare for compaction
[5.904s][info][gc,phases      ] GC(126) Phase 2: Prepare for compaction 7.958ms
[5.904s][info][gc,phases,start] GC(126) Phase 3: Adjust pointers
[5.917s][info][gc,phases      ] GC(126) Phase 3: Adjust pointers 13.220ms
[5.917s][info][gc,phases,start] GC(126) Phase 4: Compact heap
[5.924s][info][gc,phases      ] GC(126) Phase 4: Compact heap 7.279ms
[5.927s][info][gc,heap        ] GC(126) Eden regions: 0->0(2)
[5.927s][info][gc,heap        ] GC(126) Survivor regions: 0->0(0)
[5.927s][info][gc,heap        ] GC(126) Old regions: 46->46
[5.927s][info][gc,heap        ] GC(126) Archive regions: 0->0
[5.927s][info][gc,heap        ] GC(126) Humongous regions: 4->4
[5.927s][info][gc,metaspace   ] GC(126) Metaspace: 16698K(16960K)->16698K(16960K) NonClass: 14702K(14848K)->14702K(14848K) Class: 1995K(2112K)->1995K(2112K)
[5.927s][info][gc             ] GC(126) Pause Full (G1 Compaction Pause) 49M->49M(50M) 62.719ms
[5.927s][info][gc,cpu         ] GC(126) User=0.12s Sys=0.00s Real=0.06s
[5.927s][info][gc,marking     ] GC(124) Concurrent Mark From Roots 95.419ms
[5.927s][info][gc,start       ] GC(127) Pause Young (Normal) (G1 Evacuation Pause)
[5.927s][info][gc,task        ] GC(127) Using 4 workers of 4 for evacuation
[5.927s][info][gc,phases      ] GC(127)   Pre Evacuate Collection Set: 0.1ms
[5.928s][info][gc,phases      ] GC(127)   Merge Heap Roots: 0.0ms
[5.928s][info][gc,phases      ] GC(127)   Evacuate Collection Set: 0.1ms
[5.928s][info][gc,phases      ] GC(127)   Post Evacuate Collection Set: 0.2ms
[5.928s][info][gc,phases      ] GC(127)   Other: 0.1ms
[5.928s][info][gc,heap        ] GC(127) Eden regions: 0->0(2)
[5.928s][info][gc,heap        ] GC(127) Survivor regions: 0->0(0)
[5.928s][info][gc,heap        ] GC(127) Old regions: 46->46
[5.928s][info][gc,heap        ] GC(127) Archive regions: 0->0
[5.928s][info][gc,heap        ] GC(127) Humongous regions: 4->4
[5.928s][info][gc,metaspace   ] GC(127) Metaspace: 16698K(16960K)->16698K(16960K) NonClass: 14702K(14848K)->14702K(14848K) Class: 1995K(2112K)->1995K(2112K)
[5.928s][info][gc             ] GC(127) Pause Young (Normal) (G1 Evacuation Pause) 49M->49M(50M) 0.553ms
[5.928s][info][gc,cpu         ] GC(127) User=0.00s Sys=0.00s Real=0.00s
[5.928s][info][gc,ergo        ] Attempting full compaction
[5.928s][info][gc,task        ] GC(128) Using 3 workers of 4 for full compaction
[5.928s][info][gc,start       ] GC(128) Pause Full (G1 Compaction Pause)
[5.928s][info][gc,phases,start] GC(128) Phase 1: Mark live objects
[5.950s][info][gc,phases      ] GC(128) Phase 1: Mark live objects 22.002ms
[5.950s][info][gc,phases,start] GC(128) Phase 2: Prepare for compaction
[5.950s][info][gc,phases      ] GC(128) Phase 2: Prepare for compaction 0.398ms
[5.950s][info][gc,phases,start] GC(128) Phase 3: Adjust pointers
[5.957s][info][gc,phases      ] GC(128) Phase 3: Adjust pointers 6.316ms
[5.957s][info][gc,phases,start] GC(128) Phase 4: Compact heap
[5.957s][info][gc,phases      ] GC(128) Phase 4: Compact heap 0.426ms
[5.960s][info][gc,heap        ] GC(128) Eden regions: 0->0(2)
[5.960s][info][gc,heap        ] GC(128) Survivor regions: 0->0(0)
[5.960s][info][gc,heap        ] GC(128) Old regions: 46->46
[5.960s][info][gc,heap        ] GC(128) Archive regions: 0->0
[5.960s][info][gc,heap        ] GC(128) Humongous regions: 4->4
[5.960s][info][gc,metaspace   ] GC(128) Metaspace: 16698K(16960K)->16698K(16960K) NonClass: 14702K(14848K)->14702K(14848K) Class: 1995K(2112K)->1995K(2112K)
[5.960s][info][gc             ] GC(128) Pause Full (G1 Compaction Pause) 49M->49M(50M) 32.055ms
[5.960s][info][gc,cpu         ] GC(128) User=0.09s Sys=0.00s Real=0.03s
[5.960s][info][gc,ergo        ] Attempting maximum full compaction clearing soft references
[5.960s][info][gc,task        ] GC(129) Using 2 workers of 4 for full compaction
[5.960s][info][gc,start       ] GC(129) Pause Full (G1 Compaction Pause)
[5.960s][info][gc,phases,start] GC(129) Phase 1: Mark live objects
[5.992s][info][gc,phases      ] GC(129) Phase 1: Mark live objects 32.203ms
[5.992s][info][gc,phases,start] GC(129) Phase 2: Prepare for compaction
[6.000s][info][gc,phases      ] GC(129) Phase 2: Prepare for compaction 7.706ms
[6.000s][info][gc,phases,start] GC(129) Phase 3: Adjust pointers
[6.013s][info][gc,phases      ] GC(129) Phase 3: Adjust pointers 13.115ms
[6.013s][info][gc,phases,start] GC(129) Phase 4: Compact heap
[6.020s][info][gc,phases      ] GC(129) Phase 4: Compact heap 6.942ms
[6.023s][info][gc,heap        ] GC(129) Eden regions: 0->0(2)
[6.023s][info][gc,heap        ] GC(129) Survivor regions: 0->0(0)
[6.023s][info][gc,heap        ] GC(129) Old regions: 46->46
[6.023s][info][gc,heap        ] GC(129) Archive regions: 0->0
[6.023s][info][gc,heap        ] GC(129) Humongous regions: 4->4
[6.023s][info][gc,metaspace   ] GC(129) Metaspace: 16698K(16960K)->16698K(16960K) NonClass: 14702K(14848K)->14702K(14848K) Class: 1995K(2112K)->1995K(2112K)
[6.023s][info][gc             ] GC(129) Pause Full (G1 Compaction Pause) 49M->49M(50M) 63.113ms
[6.023s][info][gc,cpu         ] GC(129) User=0.09s Sys=0.02s Real=0.06s
[6.023s][info][gc,marking     ] GC(124) Concurrent Mark Abort
[6.023s][info][gc             ] GC(124) Concurrent Mark Cycle 191.974ms
[6.023s][info][gc,start       ] GC(130) Pause Young (Normal) (G1 Evacuation Pause)
[6.024s][info][gc,task        ] GC(130) Using 4 workers of 4 for evacuation
[6.024s][info][gc,phases      ] GC(130)   Pre Evacuate Collection Set: 0.1ms
[6.024s][info][gc,phases      ] GC(130)   Merge Heap Roots: 0.0ms
[6.024s][info][gc,phases      ] GC(130)   Evacuate Collection Set: 0.1ms
[6.024s][info][gc,phases      ] GC(130)   Post Evacuate Collection Set: 0.2ms
[6.024s][info][gc,phases      ] GC(130)   Other: 0.1ms
[6.024s][info][gc,heap        ] GC(130) Eden regions: 0->0(2)
[6.024s][info][gc,heap        ] GC(130) Survivor regions: 0->0(0)
[6.024s][info][gc,heap        ] GC(130) Old regions: 46->46
[6.024s][info][gc,heap        ] GC(130) Archive regions: 0->0
[6.024s][info][gc,heap        ] GC(130) Humongous regions: 4->4
[6.024s][info][gc,metaspace   ] GC(130) Metaspace: 16698K(16960K)->16698K(16960K) NonClass: 14702K(14848K)->14702K(14848K) Class: 1995K(2112K)->1995K(2112K)
[6.024s][info][gc             ] GC(130) Pause Young (Normal) (G1 Evacuation Pause) 49M->49M(50M) 0.885ms
[6.024s][info][gc,cpu         ] GC(130) User=0.00s Sys=0.00s Real=0.00s
[6.024s][info][gc,ergo        ] Attempting full compaction
[6.024s][info][gc,task        ] GC(131) Using 3 workers of 4 for full compaction
[6.025s][info][gc,start       ] GC(131) Pause Full (G1 Compaction Pause)
[6.025s][info][gc,phases,start] GC(131) Phase 1: Mark live objects
[6.047s][info][gc,phases      ] GC(131) Phase 1: Mark live objects 21.941ms
[6.047s][info][gc,phases,start] GC(131) Phase 2: Prepare for compaction
[6.047s][info][gc,phases      ] GC(131) Phase 2: Prepare for compaction 0.363ms
[6.047s][info][gc,phases,start] GC(131) Phase 3: Adjust pointers
[6.054s][info][gc,phases      ] GC(131) Phase 3: Adjust pointers 6.754ms
[6.054s][info][gc,phases,start] GC(131) Phase 4: Compact heap
[6.054s][info][gc,phases      ] GC(131) Phase 4: Compact heap 0.191ms
[6.056s][info][gc,heap        ] GC(131) Eden regions: 0->0(2)
[6.056s][info][gc,heap        ] GC(131) Survivor regions: 0->0(0)
[6.056s][info][gc,heap        ] GC(131) Old regions: 46->46
[6.056s][info][gc,heap        ] GC(131) Archive regions: 0->0
[6.056s][info][gc,heap        ] GC(131) Humongous regions: 4->4
[6.056s][info][gc,metaspace   ] GC(131) Metaspace: 16698K(16960K)->16698K(16960K) NonClass: 14702K(14848K)->14702K(14848K) Class: 1995K(2112K)->1995K(2112K)
[6.056s][info][gc             ] GC(131) Pause Full (G1 Compaction Pause) 49M->49M(50M) 31.849ms
[6.057s][info][gc,cpu         ] GC(131) User=0.08s Sys=0.00s Real=0.03s
[6.057s][info][gc,ergo        ] Attempting maximum full compaction clearing soft references
[6.057s][info][gc,task        ] GC(132) Using 2 workers of 4 for full compaction
[6.057s][info][gc,start       ] GC(132) Pause Full (G1 Compaction Pause)
[6.057s][info][gc,phases,start] GC(132) Phase 1: Mark live objects
[6.088s][info][gc,phases      ] GC(132) Phase 1: Mark live objects 31.713ms
[6.088s][info][gc,phases,start] GC(132) Phase 2: Prepare for compaction
[6.096s][info][gc,phases      ] GC(132) Phase 2: Prepare for compaction 7.923ms
[6.096s][info][gc,phases,start] GC(132) Phase 3: Adjust pointers
[6.110s][info][gc,phases      ] GC(132) Phase 3: Adjust pointers 13.606ms
[6.110s][info][gc,phases,start] GC(132) Phase 4: Compact heap
[6.117s][info][gc,phases      ] GC(132) Phase 4: Compact heap 6.472ms
[6.119s][info][gc,heap        ] GC(132) Eden regions: 0->0(2)
[6.119s][info][gc,heap        ] GC(132) Survivor regions: 0->0(0)
[6.119s][info][gc,heap        ] GC(132) Old regions: 46->46
[6.119s][info][gc,heap        ] GC(132) Archive regions: 0->0
[6.119s][info][gc,heap        ] GC(132) Humongous regions: 4->4
[6.119s][info][gc,metaspace   ] GC(132) Metaspace: 16698K(16960K)->16698K(16960K) NonClass: 14702K(14848K)->14702K(14848K) Class: 1995K(2112K)->1995K(2112K)
[6.119s][info][gc             ] GC(132) Pause Full (G1 Compaction Pause) 49M->49M(50M) 62.677ms
[6.119s][info][gc,cpu         ] GC(132) User=0.11s Sys=0.00s Real=0.06s
[6.120s][info][gc,start       ] GC(133) Pause Young (Concurrent Start) (G1 Evacuation Pause)
[6.120s][info][gc,task        ] GC(133) Using 4 workers of 4 for evacuation
[6.120s][info][gc,phases      ] GC(133)   Pre Evacuate Collection Set: 0.0ms
[6.120s][info][gc,phases      ] GC(133)   Merge Heap Roots: 0.0ms
[6.120s][info][gc,phases      ] GC(133)   Evacuate Collection Set: 0.3ms
[6.120s][info][gc,phases      ] GC(133)   Post Evacuate Collection Set: 0.1ms
[6.120s][info][gc,phases      ] GC(133)   Other: 0.1ms
[6.120s][info][gc,heap        ] GC(133) Eden regions: 0->0(2)
[6.120s][info][gc,heap        ] GC(133) Survivor regions: 0->0(0)
[6.120s][info][gc,heap        ] GC(133) Old regions: 46->46
[6.120s][info][gc,heap        ] GC(133) Archive regions: 0->0
[6.120s][info][gc,heap        ] GC(133) Humongous regions: 4->4
[6.120s][info][gc,metaspace   ] GC(133) Metaspace: 16698K(16960K)->16698K(16960K) NonClass: 14702K(14848K)->14702K(14848K) Class: 1995K(2112K)->1995K(2112K)
[6.120s][info][gc             ] GC(133) Pause Young (Concurrent Start) (G1 Evacuation Pause) 49M->49M(50M) 0.623ms
[6.120s][info][gc,cpu         ] GC(133) User=0.00s Sys=0.00s Real=0.00s
[6.120s][info][gc,ergo        ] Attempting full compaction
[6.120s][info][gc             ] GC(134) Concurrent Mark Cycle
[6.120s][info][gc,task        ] GC(135) Using 3 workers of 4 for full compaction
[6.120s][info][gc,marking     ] GC(134) Concurrent Clear Claimed Marks
[6.120s][info][gc,marking     ] GC(134) Concurrent Clear Claimed Marks 0.063ms
[6.120s][info][gc,marking     ] GC(134) Concurrent Scan Root Regions
[6.120s][info][gc,start       ] GC(135) Pause Full (G1 Compaction Pause)
[6.120s][info][gc,marking     ] GC(134) Concurrent Scan Root Regions 0.020ms
[6.120s][info][gc,marking     ] GC(134) Concurrent Mark
[6.120s][info][gc,marking     ] GC(134) Concurrent Mark From Roots
[6.120s][info][gc,task        ] GC(134) Using 1 workers of 1 for marking
[6.120s][info][gc,phases,start] GC(135) Phase 1: Mark live objects
[6.142s][info][gc,phases      ] GC(135) Phase 1: Mark live objects 21.409ms
[6.142s][info][gc,phases,start] GC(135) Phase 2: Prepare for compaction
[6.142s][info][gc,phases      ] GC(135) Phase 2: Prepare for compaction 0.336ms
[6.142s][info][gc,phases,start] GC(135) Phase 3: Adjust pointers
[6.149s][info][gc,phases      ] GC(135) Phase 3: Adjust pointers 6.469ms
[6.149s][info][gc,phases,start] GC(135) Phase 4: Compact heap
[6.149s][info][gc,phases      ] GC(135) Phase 4: Compact heap 0.388ms
[6.152s][info][gc,heap        ] GC(135) Eden regions: 0->0(2)
[6.152s][info][gc,heap        ] GC(135) Survivor regions: 0->0(0)
[6.152s][info][gc,heap        ] GC(135) Old regions: 46->46
[6.152s][info][gc,heap        ] GC(135) Archive regions: 0->0
[6.152s][info][gc,heap        ] GC(135) Humongous regions: 4->4
[6.152s][info][gc,metaspace   ] GC(135) Metaspace: 16698K(16960K)->16698K(16960K) NonClass: 14702K(14848K)->14702K(14848K) Class: 1995K(2112K)->1995K(2112K)
[6.152s][info][gc             ] GC(135) Pause Full (G1 Compaction Pause) 49M->49M(50M) 31.342ms
[6.152s][info][gc,cpu         ] GC(135) User=0.09s Sys=0.00s Real=0.03s
[6.152s][info][gc,ergo        ] Attempting maximum full compaction clearing soft references
[6.152s][info][gc,task        ] GC(136) Using 2 workers of 4 for full compaction
[6.152s][info][gc,start       ] GC(136) Pause Full (G1 Compaction Pause)
[6.152s][info][gc,phases,start] GC(136) Phase 1: Mark live objects
[6.184s][info][gc,phases      ] GC(136) Phase 1: Mark live objects 31.786ms
[6.184s][info][gc,phases,start] GC(136) Phase 2: Prepare for compaction
[6.192s][info][gc,phases      ] GC(136) Phase 2: Prepare for compaction 8.102ms
[6.192s][info][gc,phases,start] GC(136) Phase 3: Adjust pointers
[6.205s][info][gc,phases      ] GC(136) Phase 3: Adjust pointers 13.064ms
[6.205s][info][gc,phases,start] GC(136) Phase 4: Compact heap
[6.213s][info][gc,phases      ] GC(136) Phase 4: Compact heap 7.793ms
[6.216s][info][gc,heap        ] GC(136) Eden regions: 0->0(2)
[6.216s][info][gc,heap        ] GC(136) Survivor regions: 0->0(0)
[6.216s][info][gc,heap        ] GC(136) Old regions: 46->46
[6.216s][info][gc,heap        ] GC(136) Archive regions: 0->0
[6.216s][info][gc,heap        ] GC(136) Humongous regions: 4->4
[6.216s][info][gc,metaspace   ] GC(136) Metaspace: 16698K(16960K)->16698K(16960K) NonClass: 14702K(14848K)->14702K(14848K) Class: 1995K(2112K)->1995K(2112K)
[6.216s][info][gc             ] GC(136) Pause Full (G1 Compaction Pause) 49M->49M(50M) 63.830ms
[6.216s][info][gc,cpu         ] GC(136) User=0.12s Sys=0.00s Real=0.06s
[6.216s][info][gc,marking     ] GC(134) Concurrent Mark From Roots 95.410ms
[6.216s][info][gc,marking     ] GC(134) Concurrent Mark Abort
[6.216s][info][gc             ] GC(134) Concurrent Mark Cycle 95.705ms
[6.216s][info][gc,start       ] GC(137) Pause Young (Normal) (G1 Evacuation Pause)
[6.216s][info][gc,task        ] GC(137) Using 4 workers of 4 for evacuation
[6.216s][info][gc,phases      ] GC(137)   Pre Evacuate Collection Set: 0.0ms
[6.216s][info][gc,phases      ] GC(137)   Merge Heap Roots: 0.0ms
[6.216s][info][gc,phases      ] GC(137)   Evacuate Collection Set: 0.1ms
[6.216s][info][gc,phases      ] GC(137)   Post Evacuate Collection Set: 0.2ms
[6.216s][info][gc,phases      ] GC(137)   Other: 0.1ms
[6.216s][info][gc,heap        ] GC(137) Eden regions: 0->0(2)
[6.216s][info][gc,heap        ] GC(137) Survivor regions: 0->0(0)
[6.216s][info][gc,heap        ] GC(137) Old regions: 46->46
[6.216s][info][gc,heap        ] GC(137) Archive regions: 0->0
[6.216s][info][gc,heap        ] GC(137) Humongous regions: 4->4
[6.216s][info][gc,metaspace   ] GC(137) Metaspace: 16698K(16960K)->16698K(16960K) NonClass: 14702K(14848K)->14702K(14848K) Class: 1995K(2112K)->1995K(2112K)
[6.216s][info][gc             ] GC(137) Pause Young (Normal) (G1 Evacuation Pause) 49M->49M(50M) 0.444ms
[6.216s][info][gc,cpu         ] GC(137) User=0.00s Sys=0.00s Real=0.00s
[6.216s][info][gc,ergo        ] Attempting full compaction
[6.216s][info][gc,task        ] GC(138) Using 3 workers of 4 for full compaction
[6.216s][info][gc,start       ] GC(138) Pause Full (G1 Compaction Pause)
[6.217s][info][gc,phases,start] GC(138) Phase 1: Mark live objects
[6.238s][info][gc,phases      ] GC(138) Phase 1: Mark live objects 21.491ms
[6.238s][info][gc,phases,start] GC(138) Phase 2: Prepare for compaction
[6.238s][info][gc,phases      ] GC(138) Phase 2: Prepare for compaction 0.366ms
[6.238s][info][gc,phases,start] GC(138) Phase 3: Adjust pointers
[6.245s][info][gc,phases      ] GC(138) Phase 3: Adjust pointers 6.666ms
[6.245s][info][gc,phases,start] GC(138) Phase 4: Compact heap
[6.245s][info][gc,phases      ] GC(138) Phase 4: Compact heap 0.183ms
[6.248s][info][gc,heap        ] GC(138) Eden regions: 0->0(2)
[6.248s][info][gc,heap        ] GC(138) Survivor regions: 0->0(0)
[6.248s][info][gc,heap        ] GC(138) Old regions: 46->46
[6.248s][info][gc,heap        ] GC(138) Archive regions: 0->0
[6.248s][info][gc,heap        ] GC(138) Humongous regions: 4->4
[6.248s][info][gc,metaspace   ] GC(138) Metaspace: 16698K(16960K)->16698K(16960K) NonClass: 14702K(14848K)->14702K(14848K) Class: 1995K(2112K)->1995K(2112K)
[6.248s][info][gc             ] GC(138) Pause Full (G1 Compaction Pause) 49M->49M(50M) 31.323ms
[6.248s][info][gc,cpu         ] GC(138) User=0.09s Sys=0.00s Real=0.03s
[6.248s][info][gc,ergo        ] Attempting maximum full compaction clearing soft references
[6.248s][info][gc,task        ] GC(139) Using 2 workers of 4 for full compaction
[6.248s][info][gc,start       ] GC(139) Pause Full (G1 Compaction Pause)
[6.248s][info][gc,phases,start] GC(139) Phase 1: Mark live objects
[6.280s][info][gc,phases      ] GC(139) Phase 1: Mark live objects 31.783ms
[6.280s][info][gc,phases,start] GC(139) Phase 2: Prepare for compaction
[6.288s][info][gc,phases      ] GC(139) Phase 2: Prepare for compaction 7.923ms
[6.288s][info][gc,phases,start] GC(139) Phase 3: Adjust pointers
[6.301s][info][gc,phases      ] GC(139) Phase 3: Adjust pointers 13.110ms
[6.301s][info][gc,phases,start] GC(139) Phase 4: Compact heap
[6.308s][info][gc,phases      ] GC(139) Phase 4: Compact heap 6.756ms
[6.310s][info][gc,heap        ] GC(139) Eden regions: 0->0(2)
[6.310s][info][gc,heap        ] GC(139) Survivor regions: 0->0(0)
[6.310s][info][gc,heap        ] GC(139) Old regions: 46->46
[6.310s][info][gc,heap        ] GC(139) Archive regions: 0->0
[6.310s][info][gc,heap        ] GC(139) Humongous regions: 4->4
[6.310s][info][gc,metaspace   ] GC(139) Metaspace: 16698K(16960K)->16698K(16960K) NonClass: 14702K(14848K)->14702K(14848K) Class: 1995K(2112K)->1995K(2112K)
[6.310s][info][gc             ] GC(139) Pause Full (G1 Compaction Pause) 49M->49M(50M) 62.483ms
[6.311s][info][gc,cpu         ] GC(139) User=0.11s Sys=0.02s Real=0.06s
[6.311s][info][gc,start       ] GC(140) Pause Young (Concurrent Start) (G1 Evacuation Pause)
[6.311s][info][gc,task        ] GC(140) Using 4 workers of 4 for evacuation
[6.311s][info][gc,phases      ] GC(140)   Pre Evacuate Collection Set: 0.0ms
[6.311s][info][gc,phases      ] GC(140)   Merge Heap Roots: 0.0ms
[6.311s][info][gc,phases      ] GC(140)   Evacuate Collection Set: 0.2ms
[6.311s][info][gc,phases      ] GC(140)   Post Evacuate Collection Set: 0.1ms
[6.311s][info][gc,phases      ] GC(140)   Other: 0.1ms
[6.311s][info][gc,heap        ] GC(140) Eden regions: 0->0(2)
[6.311s][info][gc,heap        ] GC(140) Survivor regions: 0->0(0)
[6.311s][info][gc,heap        ] GC(140) Old regions: 46->46
[6.311s][info][gc,heap        ] GC(140) Archive regions: 0->0
[6.311s][info][gc,heap        ] GC(140) Humongous regions: 4->4
[6.311s][info][gc,metaspace   ] GC(140) Metaspace: 16698K(16960K)->16698K(16960K) NonClass: 14702K(14848K)->14702K(14848K) Class: 1995K(2112K)->1995K(2112K)
[6.311s][info][gc             ] GC(140) Pause Young (Concurrent Start) (G1 Evacuation Pause) 49M->49M(50M) 0.570ms
[6.311s][info][gc,cpu         ] GC(140) User=0.00s Sys=0.00s Real=0.00s
[6.311s][info][gc,ergo        ] Attempting full compaction
[6.311s][info][gc             ] GC(141) Concurrent Mark Cycle
[6.311s][info][gc,task        ] GC(142) Using 3 workers of 4 for full compaction
[6.311s][info][gc,marking     ] GC(141) Concurrent Clear Claimed Marks
[6.311s][info][gc,marking     ] GC(141) Concurrent Clear Claimed Marks 0.037ms
[6.311s][info][gc,marking     ] GC(141) Concurrent Scan Root Regions
[6.311s][info][gc,marking     ] GC(141) Concurrent Scan Root Regions 0.008ms
[6.311s][info][gc,marking     ] GC(141) Concurrent Mark
[6.311s][info][gc,marking     ] GC(141) Concurrent Mark From Roots
[6.311s][info][gc,task        ] GC(141) Using 1 workers of 1 for marking
[6.311s][info][gc,start       ] GC(142) Pause Full (G1 Compaction Pause)
[6.312s][info][gc,phases,start] GC(142) Phase 1: Mark live objects
[6.334s][info][gc,phases      ] GC(142) Phase 1: Mark live objects 22.332ms
[6.334s][info][gc,phases,start] GC(142) Phase 2: Prepare for compaction
[6.334s][info][gc,phases      ] GC(142) Phase 2: Prepare for compaction 0.343ms
[6.334s][info][gc,phases,start] GC(142) Phase 3: Adjust pointers
[6.341s][info][gc,phases      ] GC(142) Phase 3: Adjust pointers 7.137ms
[6.341s][info][gc,phases,start] GC(142) Phase 4: Compact heap
[6.342s][info][gc,phases      ] GC(142) Phase 4: Compact heap 0.190ms
[6.344s][info][gc,heap        ] GC(142) Eden regions: 0->0(2)
[6.344s][info][gc,heap        ] GC(142) Survivor regions: 0->0(0)
[6.344s][info][gc,heap        ] GC(142) Old regions: 46->46
[6.344s][info][gc,heap        ] GC(142) Archive regions: 0->0
[6.344s][info][gc,heap        ] GC(142) Humongous regions: 4->4
[6.344s][info][gc,metaspace   ] GC(142) Metaspace: 16698K(16960K)->16698K(16960K) NonClass: 14702K(14848K)->14702K(14848K) Class: 1995K(2112K)->1995K(2112K)
[6.344s][info][gc             ] GC(142) Pause Full (G1 Compaction Pause) 49M->49M(50M) 32.999ms
[6.344s][info][gc,cpu         ] GC(142) User=0.11s Sys=0.00s Real=0.03s
[6.345s][info][gc,ergo        ] Attempting maximum full compaction clearing soft references
[6.345s][info][gc,task        ] GC(143) Using 2 workers of 4 for full compaction
[6.345s][info][gc,start       ] GC(143) Pause Full (G1 Compaction Pause)
[6.345s][info][gc,phases,start] GC(143) Phase 1: Mark live objects
[6.379s][info][gc,phases      ] GC(143) Phase 1: Mark live objects 33.971ms
[6.379s][info][gc,phases,start] GC(143) Phase 2: Prepare for compaction
[6.385s][info][gc,phases      ] GC(143) Phase 2: Prepare for compaction 6.732ms
[6.385s][info][gc,phases,start] GC(143) Phase 3: Adjust pointers
[6.399s][info][gc,phases      ] GC(143) Phase 3: Adjust pointers 13.619ms
[6.399s][info][gc,phases,start] GC(143) Phase 4: Compact heap
[6.404s][info][gc,phases      ] GC(143) Phase 4: Compact heap 5.026ms
[6.407s][info][gc,heap        ] GC(143) Eden regions: 0->0(2)
[6.407s][info][gc,heap        ] GC(143) Survivor regions: 0->0(0)
[6.407s][info][gc,heap        ] GC(143) Old regions: 46->46
[6.407s][info][gc,heap        ] GC(143) Archive regions: 0->0
[6.407s][info][gc,heap        ] GC(143) Humongous regions: 4->4
[6.407s][info][gc,metaspace   ] GC(143) Metaspace: 16698K(16960K)->16698K(16960K) NonClass: 14702K(14848K)->14702K(14848K) Class: 1995K(2112K)->1995K(2112K)
[6.407s][info][gc             ] GC(143) Pause Full (G1 Compaction Pause) 49M->49M(50M) 62.166ms
[6.407s][info][gc,cpu         ] GC(143) User=0.09s Sys=0.00s Real=0.06s
[6.407s][info][gc,marking     ] GC(141) Concurrent Mark From Roots 95.496ms
[6.407s][info][gc,marking     ] GC(141) Concurrent Mark Abort
[6.407s][info][gc             ] GC(141) Concurrent Mark Cycle 95.681ms
[7.719s][info][gc,start       ] GC(144) Pause Young (Normal) (G1 Evacuation Pause)
[7.719s][info][gc,task        ] GC(144) Using 4 workers of 4 for evacuation
[7.719s][info][gc,phases      ] GC(144)   Pre Evacuate Collection Set: 0.0ms
[7.719s][info][gc,phases      ] GC(144)   Merge Heap Roots: 0.0ms
[7.719s][info][gc,phases      ] GC(144)   Evacuate Collection Set: 0.2ms
[7.719s][info][gc,phases      ] GC(144)   Post Evacuate Collection Set: 0.3ms
[7.719s][info][gc,phases      ] GC(144)   Other: 0.2ms
[7.719s][info][gc,heap        ] GC(144) Eden regions: 0->0(2)
[7.719s][info][gc,heap        ] GC(144) Survivor regions: 0->0(0)
[7.719s][info][gc,heap        ] GC(144) Old regions: 46->46
[7.719s][info][gc,heap        ] GC(144) Archive regions: 0->0
[7.719s][info][gc,heap        ] GC(144) Humongous regions: 4->4
[7.719s][info][gc,metaspace   ] GC(144) Metaspace: 16698K(16960K)->16698K(16960K) NonClass: 14702K(14848K)->14702K(14848K) Class: 1995K(2112K)->1995K(2112K)
[7.719s][info][gc             ] GC(144) Pause Young (Normal) (G1 Evacuation Pause) 49M->49M(50M) 0.761ms
[7.719s][info][gc,cpu         ] GC(144) User=0.00s Sys=0.00s Real=0.00s
[7.719s][info][gc,ergo        ] Attempting full compaction
[7.719s][info][gc,task        ] GC(145) Using 3 workers of 4 for full compaction
[7.719s][info][gc,start       ] GC(145) Pause Full (G1 Compaction Pause)
[7.719s][info][gc,phases,start] GC(145) Phase 1: Mark live objects
[7.741s][info][gc,phases      ] GC(145) Phase 1: Mark live objects 21.340ms
[7.741s][info][gc,phases,start] GC(145) Phase 2: Prepare for compaction
[7.741s][info][gc,phases      ] GC(145) Phase 2: Prepare for compaction 0.393ms
[7.741s][info][gc,phases,start] GC(145) Phase 3: Adjust pointers
[7.748s][info][gc,phases      ] GC(145) Phase 3: Adjust pointers 6.683ms
[7.748s][info][gc,phases,start] GC(145) Phase 4: Compact heap
[7.748s][info][gc,phases      ] GC(145) Phase 4: Compact heap 0.193ms
[7.751s][info][gc,heap        ] GC(145) Eden regions: 0->0(2)
[7.751s][info][gc,heap        ] GC(145) Survivor regions: 0->0(0)
[7.751s][info][gc,heap        ] GC(145) Old regions: 46->46
[7.751s][info][gc,heap        ] GC(145) Archive regions: 0->0
[7.751s][info][gc,heap        ] GC(145) Humongous regions: 4->4
[7.751s][info][gc,metaspace   ] GC(145) Metaspace: 16698K(16960K)->16698K(16960K) NonClass: 14702K(14848K)->14702K(14848K) Class: 1995K(2112K)->1995K(2112K)
[7.751s][info][gc             ] GC(145) Pause Full (G1 Compaction Pause) 49M->49M(50M) 31.351ms
[7.751s][info][gc,cpu         ] GC(145) User=0.06s Sys=0.00s Real=0.03s
[7.751s][info][gc,ergo        ] Attempting maximum full compaction clearing soft references
[7.751s][info][gc,task        ] GC(146) Using 2 workers of 4 for full compaction
[7.751s][info][gc,start       ] GC(146) Pause Full (G1 Compaction Pause)
[7.751s][info][gc,phases,start] GC(146) Phase 1: Mark live objects
[7.783s][info][gc,phases      ] GC(146) Phase 1: Mark live objects 31.515ms
[7.783s][info][gc,phases,start] GC(146) Phase 2: Prepare for compaction
[7.791s][info][gc,phases      ] GC(146) Phase 2: Prepare for compaction 8.071ms
[7.791s][info][gc,phases,start] GC(146) Phase 3: Adjust pointers
[7.804s][info][gc,phases      ] GC(146) Phase 3: Adjust pointers 13.412ms
[7.804s][info][gc,phases,start] GC(146) Phase 4: Compact heap
[7.811s][info][gc,phases      ] GC(146) Phase 4: Compact heap 6.662ms
[7.814s][info][gc,heap        ] GC(146) Eden regions: 0->0(2)
[7.814s][info][gc,heap        ] GC(146) Survivor regions: 0->0(0)
[7.814s][info][gc,heap        ] GC(146) Old regions: 46->46
[7.814s][info][gc,heap        ] GC(146) Archive regions: 0->0
[7.814s][info][gc,heap        ] GC(146) Humongous regions: 4->4
[7.814s][info][gc,metaspace   ] GC(146) Metaspace: 16698K(16960K)->16698K(16960K) NonClass: 14702K(14848K)->14702K(14848K) Class: 1995K(2112K)->1995K(2112K)
[7.814s][info][gc             ] GC(146) Pause Full (G1 Compaction Pause) 49M->49M(50M) 62.852ms
[7.814s][info][gc,cpu         ] GC(146) User=0.11s Sys=0.00s Real=0.06s
[7.814s][info][gc,start       ] GC(147) Pause Young (Concurrent Start) (G1 Evacuation Pause)
[7.814s][info][gc,task        ] GC(147) Using 4 workers of 4 for evacuation
[7.815s][info][gc,phases      ] GC(147)   Pre Evacuate Collection Set: 0.0ms
[7.815s][info][gc,phases      ] GC(147)   Merge Heap Roots: 0.0ms
[7.815s][info][gc,phases      ] GC(147)   Evacuate Collection Set: 0.2ms
[7.815s][info][gc,phases      ] GC(147)   Post Evacuate Collection Set: 0.2ms
[7.815s][info][gc,phases      ] GC(147)   Other: 0.1ms
[7.815s][info][gc,heap        ] GC(147) Eden regions: 0->0(2)
[7.815s][info][gc,heap        ] GC(147) Survivor regions: 0->0(0)
[7.815s][info][gc,heap        ] GC(147) Old regions: 46->46
[7.815s][info][gc,heap        ] GC(147) Archive regions: 0->0
[7.815s][info][gc,heap        ] GC(147) Humongous regions: 4->4
[7.815s][info][gc,metaspace   ] GC(147) Metaspace: 16698K(16960K)->16698K(16960K) NonClass: 14702K(14848K)->14702K(14848K) Class: 1995K(2112K)->1995K(2112K)
[7.815s][info][gc             ] GC(147) Pause Young (Concurrent Start) (G1 Evacuation Pause) 49M->49M(50M) 0.602ms
[7.815s][info][gc,cpu         ] GC(147) User=0.00s Sys=0.00s Real=0.00s
[7.815s][info][gc,ergo        ] Attempting full compaction
[7.815s][info][gc,task        ] GC(148) Using 3 workers of 4 for full compaction
[7.815s][info][gc             ] GC(149) Concurrent Mark Cycle
[7.815s][info][gc,marking     ] GC(149) Concurrent Clear Claimed Marks
[7.815s][info][gc,marking     ] GC(149) Concurrent Clear Claimed Marks 0.011ms
[7.815s][info][gc,marking     ] GC(149) Concurrent Scan Root Regions
[7.815s][info][gc,marking     ] GC(149) Concurrent Scan Root Regions 0.008ms
[7.815s][info][gc,start       ] GC(148) Pause Full (G1 Compaction Pause)
[7.815s][info][gc,marking     ] GC(149) Concurrent Mark
[7.815s][info][gc,marking     ] GC(149) Concurrent Mark From Roots
[7.815s][info][gc,task        ] GC(149) Using 1 workers of 1 for marking
[7.815s][info][gc,phases,start] GC(148) Phase 1: Mark live objects
[7.836s][info][gc,phases      ] GC(148) Phase 1: Mark live objects 20.979ms
[7.836s][info][gc,phases,start] GC(148) Phase 2: Prepare for compaction
[7.836s][info][gc,phases      ] GC(148) Phase 2: Prepare for compaction 0.373ms
[7.836s][info][gc,phases,start] GC(148) Phase 3: Adjust pointers
[7.843s][info][gc,phases      ] GC(148) Phase 3: Adjust pointers 6.746ms
[7.843s][info][gc,phases,start] GC(148) Phase 4: Compact heap
[7.843s][info][gc,phases      ] GC(148) Phase 4: Compact heap 0.188ms
[7.846s][info][gc,heap        ] GC(148) Eden regions: 0->0(2)
[7.846s][info][gc,heap        ] GC(148) Survivor regions: 0->0(0)
[7.846s][info][gc,heap        ] GC(148) Old regions: 46->46
[7.846s][info][gc,heap        ] GC(148) Archive regions: 0->0
[7.846s][info][gc,heap        ] GC(148) Humongous regions: 4->4
[7.846s][info][gc,metaspace   ] GC(148) Metaspace: 16698K(16960K)->16698K(16960K) NonClass: 14702K(14848K)->14702K(14848K) Class: 1995K(2112K)->1995K(2112K)
[7.846s][info][gc             ] GC(148) Pause Full (G1 Compaction Pause) 49M->49M(50M) 31.144ms
[7.846s][info][gc,cpu         ] GC(148) User=0.06s Sys=0.00s Real=0.03s
[7.846s][info][gc,ergo        ] Attempting maximum full compaction clearing soft references
[7.846s][info][gc,task        ] GC(150) Using 2 workers of 4 for full compaction
[7.846s][info][gc,start       ] GC(150) Pause Full (G1 Compaction Pause)
[7.846s][info][gc,phases,start] GC(150) Phase 1: Mark live objects
[7.878s][info][gc,phases      ] GC(150) Phase 1: Mark live objects 31.693ms
[7.878s][info][gc,phases,start] GC(150) Phase 2: Prepare for compaction
[7.885s][info][gc,phases      ] GC(150) Phase 2: Prepare for compaction 6.844ms
[7.885s][info][gc,phases,start] GC(150) Phase 3: Adjust pointers
[7.898s][info][gc,phases      ] GC(150) Phase 3: Adjust pointers 12.894ms
[7.898s][info][gc,phases,start] GC(150) Phase 4: Compact heap
[7.904s][info][gc,phases      ] GC(150) Phase 4: Compact heap 5.718ms
[7.906s][info][gc,heap        ] GC(150) Eden regions: 0->0(2)
[7.906s][info][gc,heap        ] GC(150) Survivor regions: 0->0(0)
[7.906s][info][gc,heap        ] GC(150) Old regions: 46->46
[7.906s][info][gc,heap        ] GC(150) Archive regions: 0->0
[7.906s][info][gc,heap        ] GC(150) Humongous regions: 4->4
[7.906s][info][gc,metaspace   ] GC(150) Metaspace: 16698K(16960K)->16698K(16960K) NonClass: 14702K(14848K)->14702K(14848K) Class: 1995K(2112K)->1995K(2112K)
[7.906s][info][gc             ] GC(150) Pause Full (G1 Compaction Pause) 49M->49M(50M) 59.999ms
[7.906s][info][gc,cpu         ] GC(150) User=0.09s Sys=0.00s Real=0.06s
[7.906s][info][gc,marking     ] GC(149) Concurrent Mark From Roots 91.412ms
[7.906s][info][gc,marking     ] GC(149) Concurrent Mark Abort
[7.906s][info][gc             ] GC(149) Concurrent Mark Cycle 91.574ms
[7.906s][info][gc,start       ] GC(151) Pause Young (Normal) (G1 Evacuation Pause)
[7.906s][info][gc,task        ] GC(151) Using 4 workers of 4 for evacuation
[7.907s][info][gc,phases      ] GC(151)   Pre Evacuate Collection Set: 0.0ms
[7.907s][info][gc,phases      ] GC(151)   Merge Heap Roots: 0.0ms
[7.907s][info][gc,phases      ] GC(151)   Evacuate Collection Set: 0.1ms
[7.907s][info][gc,phases      ] GC(151)   Post Evacuate Collection Set: 0.2ms
[7.907s][info][gc,phases      ] GC(151)   Other: 0.1ms
[7.907s][info][gc,heap        ] GC(151) Eden regions: 0->0(2)
[7.907s][info][gc,heap        ] GC(151) Survivor regions: 0->0(0)
[7.907s][info][gc,heap        ] GC(151) Old regions: 46->46
[7.907s][info][gc,heap        ] GC(151) Archive regions: 0->0
[7.907s][info][gc,heap        ] GC(151) Humongous regions: 4->4
[7.907s][info][gc,metaspace   ] GC(151) Metaspace: 16698K(16960K)->16698K(16960K) NonClass: 14702K(14848K)->14702K(14848K) Class: 1995K(2112K)->1995K(2112K)
[7.907s][info][gc             ] GC(151) Pause Young (Normal) (G1 Evacuation Pause) 49M->49M(50M) 0.596ms
[7.907s][info][gc,cpu         ] GC(151) User=0.00s Sys=0.00s Real=0.00s
[7.907s][info][gc,ergo        ] Attempting full compaction
[7.907s][info][gc,task        ] GC(152) Using 3 workers of 4 for full compaction
[7.907s][info][gc,start       ] GC(152) Pause Full (G1 Compaction Pause)
[7.907s][info][gc,phases,start] GC(152) Phase 1: Mark live objects
[7.928s][info][gc,phases      ] GC(152) Phase 1: Mark live objects 21.165ms
[7.928s][info][gc,phases,start] GC(152) Phase 2: Prepare for compaction
[7.929s][info][gc,phases      ] GC(152) Phase 2: Prepare for compaction 0.367ms
[7.929s][info][gc,phases,start] GC(152) Phase 3: Adjust pointers
[7.935s][info][gc,phases      ] GC(152) Phase 3: Adjust pointers 6.510ms
[7.935s][info][gc,phases,start] GC(152) Phase 4: Compact heap
[7.936s][info][gc,phases      ] GC(152) Phase 4: Compact heap 0.370ms
[7.938s][info][gc,heap        ] GC(152) Eden regions: 0->0(2)
[7.938s][info][gc,heap        ] GC(152) Survivor regions: 0->0(0)
[7.938s][info][gc,heap        ] GC(152) Old regions: 46->46
[7.938s][info][gc,heap        ] GC(152) Archive regions: 0->0
[7.938s][info][gc,heap        ] GC(152) Humongous regions: 4->4
[7.938s][info][gc,metaspace   ] GC(152) Metaspace: 16698K(16960K)->16698K(16960K) NonClass: 14702K(14848K)->14702K(14848K) Class: 1995K(2112K)->1995K(2112K)
[7.938s][info][gc             ] GC(152) Pause Full (G1 Compaction Pause) 49M->49M(50M) 31.211ms
[7.938s][info][gc,cpu         ] GC(152) User=0.06s Sys=0.00s Real=0.03s
[7.938s][info][gc,ergo        ] Attempting maximum full compaction clearing soft references
[7.938s][info][gc,task        ] GC(153) Using 2 workers of 4 for full compaction
[7.938s][info][gc,start       ] GC(153) Pause Full (G1 Compaction Pause)
[7.939s][info][gc,phases,start] GC(153) Phase 1: Mark live objects
[7.969s][info][gc,phases      ] GC(153) Phase 1: Mark live objects 30.631ms
[7.969s][info][gc,phases,start] GC(153) Phase 2: Prepare for compaction
[7.976s][info][gc,phases      ] GC(153) Phase 2: Prepare for compaction 7.182ms
[7.976s][info][gc,phases,start] GC(153) Phase 3: Adjust pointers
[7.989s][info][gc,phases      ] GC(153) Phase 3: Adjust pointers 12.443ms
[7.989s][info][gc,phases,start] GC(153) Phase 4: Compact heap
[7.994s][info][gc,phases      ] GC(153) Phase 4: Compact heap 5.173ms
[7.997s][info][gc,heap        ] GC(153) Eden regions: 0->0(2)
[7.997s][info][gc,heap        ] GC(153) Survivor regions: 0->0(0)
[7.997s][info][gc,heap        ] GC(153) Old regions: 46->46
[7.997s][info][gc,heap        ] GC(153) Archive regions: 0->0
[7.997s][info][gc,heap        ] GC(153) Humongous regions: 4->4
[7.997s][info][gc,metaspace   ] GC(153) Metaspace: 16698K(16960K)->16698K(16960K) NonClass: 14702K(14848K)->14702K(14848K) Class: 1995K(2112K)->1995K(2112K)
[7.997s][info][gc             ] GC(153) Pause Full (G1 Compaction Pause) 49M->49M(50M) 58.168ms
[7.997s][info][gc,cpu         ] GC(153) User=0.09s Sys=0.00s Real=0.06s
[7.997s][info][gc,start       ] GC(154) Pause Young (Concurrent Start) (G1 Evacuation Pause)
[7.997s][info][gc,task        ] GC(154) Using 4 workers of 4 for evacuation
[7.998s][info][gc,phases      ] GC(154)   Pre Evacuate Collection Set: 0.1ms
[7.998s][info][gc,phases      ] GC(154)   Merge Heap Roots: 0.1ms
[7.998s][info][gc,phases      ] GC(154)   Evacuate Collection Set: 0.3ms
[7.998s][info][gc,phases      ] GC(154)   Post Evacuate Collection Set: 0.3ms
[7.998s][info][gc,phases      ] GC(154)   Other: 0.1ms
[7.998s][info][gc,heap        ] GC(154) Eden regions: 0->0(2)
[7.998s][info][gc,heap        ] GC(154) Survivor regions: 0->0(0)
[7.998s][info][gc,heap        ] GC(154) Old regions: 46->46
[7.998s][info][gc,heap        ] GC(154) Archive regions: 0->0
[7.998s][info][gc,heap        ] GC(154) Humongous regions: 4->4
[7.998s][info][gc,metaspace   ] GC(154) Metaspace: 16698K(16960K)->16698K(16960K) NonClass: 14702K(14848K)->14702K(14848K) Class: 1995K(2112K)->1995K(2112K)
[7.998s][info][gc             ] GC(154) Pause Young (Concurrent Start) (G1 Evacuation Pause) 49M->49M(50M) 0.907ms
[7.998s][info][gc,cpu         ] GC(154) User=0.00s Sys=0.00s Real=0.00s
[7.998s][info][gc,ergo        ] Attempting full compaction
[7.998s][info][gc,task        ] GC(155) Using 3 workers of 4 for full compaction
[7.998s][info][gc             ] GC(156) Concurrent Mark Cycle
[7.998s][info][gc,marking     ] GC(156) Concurrent Clear Claimed Marks
[7.998s][info][gc,start       ] GC(155) Pause Full (G1 Compaction Pause)
[7.998s][info][gc,marking     ] GC(156) Concurrent Clear Claimed Marks 0.030ms
[7.998s][info][gc,marking     ] GC(156) Concurrent Scan Root Regions
[7.998s][info][gc,marking     ] GC(156) Concurrent Scan Root Regions 0.018ms
[7.998s][info][gc,marking     ] GC(156) Concurrent Mark
[7.998s][info][gc,marking     ] GC(156) Concurrent Mark From Roots
[7.998s][info][gc,phases,start] GC(155) Phase 1: Mark live objects
[7.998s][info][gc,task        ] GC(156) Using 1 workers of 1 for marking
[8.020s][info][gc,phases      ] GC(155) Phase 1: Mark live objects 22.041ms
[8.020s][info][gc,phases,start] GC(155) Phase 2: Prepare for compaction
[8.021s][info][gc,phases      ] GC(155) Phase 2: Prepare for compaction 0.353ms
[8.021s][info][gc,phases,start] GC(155) Phase 3: Adjust pointers
[8.027s][info][gc,phases      ] GC(155) Phase 3: Adjust pointers 6.376ms
[8.027s][info][gc,phases,start] GC(155) Phase 4: Compact heap
[8.027s][info][gc,phases      ] GC(155) Phase 4: Compact heap 0.394ms
[8.030s][info][gc,heap        ] GC(155) Eden regions: 0->0(2)
[8.030s][info][gc,heap        ] GC(155) Survivor regions: 0->0(0)
[8.030s][info][gc,heap        ] GC(155) Old regions: 46->46
[8.030s][info][gc,heap        ] GC(155) Archive regions: 0->0
[8.030s][info][gc,heap        ] GC(155) Humongous regions: 4->4
[8.030s][info][gc,metaspace   ] GC(155) Metaspace: 16698K(16960K)->16698K(16960K) NonClass: 14702K(14848K)->14702K(14848K) Class: 1995K(2112K)->1995K(2112K)
[8.030s][info][gc             ] GC(155) Pause Full (G1 Compaction Pause) 49M->49M(50M) 32.257ms
[8.030s][info][gc,cpu         ] GC(155) User=0.09s Sys=0.00s Real=0.03s
[8.030s][info][gc,ergo        ] Attempting maximum full compaction clearing soft references
[8.030s][info][gc,task        ] GC(157) Using 2 workers of 4 for full compaction
[8.030s][info][gc,start       ] GC(157) Pause Full (G1 Compaction Pause)
[8.030s][info][gc,phases,start] GC(157) Phase 1: Mark live objects
[8.062s][info][gc,phases      ] GC(157) Phase 1: Mark live objects 31.265ms
[8.062s][info][gc,phases,start] GC(157) Phase 2: Prepare for compaction
[8.070s][info][gc,phases      ] GC(157) Phase 2: Prepare for compaction 8.330ms
[8.070s][info][gc,phases,start] GC(157) Phase 3: Adjust pointers
[8.083s][info][gc,phases      ] GC(157) Phase 3: Adjust pointers 13.247ms
[8.083s][info][gc,phases,start] GC(157) Phase 4: Compact heap
[8.089s][info][gc,phases      ] GC(157) Phase 4: Compact heap 5.133ms
[8.091s][info][gc,heap        ] GC(157) Eden regions: 0->0(2)
[8.091s][info][gc,heap        ] GC(157) Survivor regions: 0->0(0)
[8.091s][info][gc,heap        ] GC(157) Old regions: 46->46
[8.091s][info][gc,heap        ] GC(157) Archive regions: 0->0
[8.091s][info][gc,heap        ] GC(157) Humongous regions: 4->4
[8.091s][info][gc,metaspace   ] GC(157) Metaspace: 16698K(16960K)->16698K(16960K) NonClass: 14702K(14848K)->14702K(14848K) Class: 1995K(2112K)->1995K(2112K)
[8.091s][info][gc             ] GC(157) Pause Full (G1 Compaction Pause) 49M->49M(50M) 60.736ms
[8.091s][info][gc,cpu         ] GC(157) User=0.12s Sys=0.00s Real=0.06s
[8.091s][info][gc,marking     ] GC(156) Concurrent Mark From Roots 93.220ms
[8.091s][info][gc,marking     ] GC(156) Concurrent Mark Abort
[8.091s][info][gc             ] GC(156) Concurrent Mark Cycle 93.423ms
[8.091s][info][gc,start       ] GC(158) Pause Young (Normal) (G1 Evacuation Pause)
[8.091s][info][gc,task        ] GC(158) Using 4 workers of 4 for evacuation
[8.092s][info][gc,phases      ] GC(158)   Pre Evacuate Collection Set: 0.1ms
[8.092s][info][gc,phases      ] GC(158)   Merge Heap Roots: 0.1ms
[8.092s][info][gc,phases      ] GC(158)   Evacuate Collection Set: 0.1ms
[8.092s][info][gc,phases      ] GC(158)   Post Evacuate Collection Set: 0.3ms
[8.092s][info][gc,phases      ] GC(158)   Other: 0.1ms
[8.092s][info][gc,heap        ] GC(158) Eden regions: 0->0(2)
[8.092s][info][gc,heap        ] GC(158) Survivor regions: 0->0(0)
[8.092s][info][gc,heap        ] GC(158) Old regions: 46->46
[8.092s][info][gc,heap        ] GC(158) Archive regions: 0->0
[8.092s][info][gc,heap        ] GC(158) Humongous regions: 4->4
[8.092s][info][gc,metaspace   ] GC(158) Metaspace: 16698K(16960K)->16698K(16960K) NonClass: 14702K(14848K)->14702K(14848K) Class: 1995K(2112K)->1995K(2112K)
[8.092s][info][gc             ] GC(158) Pause Young (Normal) (G1 Evacuation Pause) 49M->49M(50M) 0.615ms
[8.092s][info][gc,cpu         ] GC(158) User=0.00s Sys=0.00s Real=0.00s
[8.092s][info][gc,ergo        ] Attempting full compaction
[8.092s][info][gc,task        ] GC(159) Using 3 workers of 4 for full compaction
[8.092s][info][gc,start       ] GC(159) Pause Full (G1 Compaction Pause)
[8.092s][info][gc,phases,start] GC(159) Phase 1: Mark live objects
[8.114s][info][gc,phases      ] GC(159) Phase 1: Mark live objects 21.377ms
[8.114s][info][gc,phases,start] GC(159) Phase 2: Prepare for compaction
[8.114s][info][gc,phases      ] GC(159) Phase 2: Prepare for compaction 0.673ms
[8.114s][info][gc,phases,start] GC(159) Phase 3: Adjust pointers
[8.121s][info][gc,phases      ] GC(159) Phase 3: Adjust pointers 6.301ms
[8.121s][info][gc,phases,start] GC(159) Phase 4: Compact heap
[8.121s][info][gc,phases      ] GC(159) Phase 4: Compact heap 0.223ms
[8.123s][info][gc,heap        ] GC(159) Eden regions: 0->0(2)
[8.123s][info][gc,heap        ] GC(159) Survivor regions: 0->0(0)
[8.123s][info][gc,heap        ] GC(159) Old regions: 46->46
[8.123s][info][gc,heap        ] GC(159) Archive regions: 0->0
[8.123s][info][gc,heap        ] GC(159) Humongous regions: 4->4
[8.123s][info][gc,metaspace   ] GC(159) Metaspace: 16698K(16960K)->16698K(16960K) NonClass: 14702K(14848K)->14702K(14848K) Class: 1995K(2112K)->1995K(2112K)
[8.123s][info][gc             ] GC(159) Pause Full (G1 Compaction Pause) 49M->49M(50M) 31.225ms
[8.123s][info][gc,cpu         ] GC(159) User=0.09s Sys=0.00s Real=0.03s
[8.124s][info][gc,ergo        ] Attempting maximum full compaction clearing soft references
[8.124s][info][gc,task        ] GC(160) Using 2 workers of 4 for full compaction
[8.124s][info][gc,start       ] GC(160) Pause Full (G1 Compaction Pause)
[8.124s][info][gc,phases,start] GC(160) Phase 1: Mark live objects
[8.155s][info][gc,phases      ] GC(160) Phase 1: Mark live objects 31.345ms
[8.155s][info][gc,phases,start] GC(160) Phase 2: Prepare for compaction
[8.163s][info][gc,phases      ] GC(160) Phase 2: Prepare for compaction 7.791ms
[8.163s][info][gc,phases,start] GC(160) Phase 3: Adjust pointers
[8.176s][info][gc,phases      ] GC(160) Phase 3: Adjust pointers 13.347ms
[8.176s][info][gc,phases,start] GC(160) Phase 4: Compact heap
[8.184s][info][gc,phases      ] GC(160) Phase 4: Compact heap 7.286ms
[8.186s][info][gc,heap        ] GC(160) Eden regions: 0->0(2)
[8.186s][info][gc,heap        ] GC(160) Survivor regions: 0->0(0)
[8.186s][info][gc,heap        ] GC(160) Old regions: 46->46
[8.186s][info][gc,heap        ] GC(160) Archive regions: 0->0
[8.186s][info][gc,heap        ] GC(160) Humongous regions: 4->4
[8.186s][info][gc,metaspace   ] GC(160) Metaspace: 16698K(16960K)->16698K(16960K) NonClass: 14702K(14848K)->14702K(14848K) Class: 1995K(2112K)->1995K(2112K)
[8.186s][info][gc             ] GC(160) Pause Full (G1 Compaction Pause) 49M->49M(50M) 62.755ms
[8.186s][info][gc,cpu         ] GC(160) User=0.12s Sys=0.00s Real=0.06s
[8.187s][info][gc,start       ] GC(161) Pause Young (Concurrent Start) (G1 Evacuation Pause)
[8.187s][info][gc,task        ] GC(161) Using 4 workers of 4 for evacuation
[8.187s][info][gc,phases      ] GC(161)   Pre Evacuate Collection Set: 0.1ms
[8.187s][info][gc,phases      ] GC(161)   Merge Heap Roots: 0.1ms
[8.187s][info][gc,phases      ] GC(161)   Evacuate Collection Set: 0.3ms
[8.187s][info][gc,phases      ] GC(161)   Post Evacuate Collection Set: 0.2ms
[8.187s][info][gc,phases      ] GC(161)   Other: 0.1ms
[8.187s][info][gc,heap        ] GC(161) Eden regions: 0->0(2)
[8.187s][info][gc,heap        ] GC(161) Survivor regions: 0->0(0)
[8.187s][info][gc,heap        ] GC(161) Old regions: 46->46
[8.187s][info][gc,heap        ] GC(161) Archive regions: 0->0
[8.187s][info][gc,heap        ] GC(161) Humongous regions: 4->4
[8.187s][info][gc,metaspace   ] GC(161) Metaspace: 16698K(16960K)->16698K(16960K) NonClass: 14702K(14848K)->14702K(14848K) Class: 1995K(2112K)->1995K(2112K)
[8.187s][info][gc             ] GC(161) Pause Young (Concurrent Start) (G1 Evacuation Pause) 49M->49M(50M) 0.787ms
[8.187s][info][gc,cpu         ] GC(161) User=0.00s Sys=0.00s Real=0.00s
[8.187s][info][gc,ergo        ] Attempting full compaction
[8.187s][info][gc,task        ] GC(162) Using 3 workers of 4 for full compaction
[8.187s][info][gc             ] GC(163) Concurrent Mark Cycle
[8.187s][info][gc,start       ] GC(162) Pause Full (G1 Compaction Pause)
[8.188s][info][gc,marking     ] GC(163) Concurrent Clear Claimed Marks
[8.188s][info][gc,marking     ] GC(163) Concurrent Clear Claimed Marks 0.066ms
[8.188s][info][gc,marking     ] GC(163) Concurrent Scan Root Regions
[8.188s][info][gc,marking     ] GC(163) Concurrent Scan Root Regions 0.018ms
[8.188s][info][gc,marking     ] GC(163) Concurrent Mark
[8.188s][info][gc,phases,start] GC(162) Phase 1: Mark live objects
[8.188s][info][gc,marking     ] GC(163) Concurrent Mark From Roots
[8.188s][info][gc,task        ] GC(163) Using 1 workers of 1 for marking
[8.210s][info][gc,phases      ] GC(162) Phase 1: Mark live objects 21.933ms
[8.210s][info][gc,phases,start] GC(162) Phase 2: Prepare for compaction
[8.210s][info][gc,phases      ] GC(162) Phase 2: Prepare for compaction 0.366ms
[8.210s][info][gc,phases,start] GC(162) Phase 3: Adjust pointers
[8.217s][info][gc,phases      ] GC(162) Phase 3: Adjust pointers 6.532ms
[8.217s][info][gc,phases,start] GC(162) Phase 4: Compact heap
[8.217s][info][gc,phases      ] GC(162) Phase 4: Compact heap 0.391ms
[8.220s][info][gc,heap        ] GC(162) Eden regions: 0->0(2)
[8.220s][info][gc,heap        ] GC(162) Survivor regions: 0->0(0)
[8.220s][info][gc,heap        ] GC(162) Old regions: 46->46
[8.220s][info][gc,heap        ] GC(162) Archive regions: 0->0
[8.220s][info][gc,heap        ] GC(162) Humongous regions: 4->4
[8.220s][info][gc,metaspace   ] GC(162) Metaspace: 16698K(16960K)->16698K(16960K) NonClass: 14702K(14848K)->14702K(14848K) Class: 1995K(2112K)->1995K(2112K)
[8.220s][info][gc             ] GC(162) Pause Full (G1 Compaction Pause) 49M->49M(50M) 32.196ms
[8.220s][info][gc,cpu         ] GC(162) User=0.06s Sys=0.03s Real=0.03s
[8.220s][info][gc,ergo        ] Attempting maximum full compaction clearing soft references
[8.220s][info][gc,task        ] GC(164) Using 2 workers of 4 for full compaction
[8.220s][info][gc,start       ] GC(164) Pause Full (G1 Compaction Pause)
[8.220s][info][gc,phases,start] GC(164) Phase 1: Mark live objects
[8.252s][info][gc,phases      ] GC(164) Phase 1: Mark live objects 31.812ms
[8.252s][info][gc,phases,start] GC(164) Phase 2: Prepare for compaction
[8.259s][info][gc,phases      ] GC(164) Phase 2: Prepare for compaction 7.219ms
[8.259s][info][gc,phases,start] GC(164) Phase 3: Adjust pointers
[8.271s][info][gc,phases      ] GC(164) Phase 3: Adjust pointers 11.993ms
[8.271s][info][gc,phases,start] GC(164) Phase 4: Compact heap
[8.277s][info][gc,phases      ] GC(164) Phase 4: Compact heap 5.416ms
[8.279s][info][gc,heap        ] GC(164) Eden regions: 0->0(2)
[8.279s][info][gc,heap        ] GC(164) Survivor regions: 0->0(0)
[8.279s][info][gc,heap        ] GC(164) Old regions: 46->46
[8.279s][info][gc,heap        ] GC(164) Archive regions: 0->0
[8.279s][info][gc,heap        ] GC(164) Humongous regions: 4->4
[8.279s][info][gc,metaspace   ] GC(164) Metaspace: 16698K(16960K)->16698K(16960K) NonClass: 14702K(14848K)->14702K(14848K) Class: 1995K(2112K)->1995K(2112K)
[8.279s][info][gc             ] GC(164) Pause Full (G1 Compaction Pause) 49M->49M(50M) 59.199ms
[8.279s][info][gc,cpu         ] GC(164) User=0.09s Sys=0.00s Real=0.06s
[8.279s][info][gc,marking     ] GC(163) Concurrent Mark From Roots 91.530ms
[8.279s][info][gc,marking     ] GC(163) Concurrent Mark Abort
[8.279s][info][gc             ] GC(163) Concurrent Mark Cycle 91.793ms
[8.279s][info][gc,start       ] GC(165) Pause Young (Normal) (G1 Evacuation Pause)
[8.279s][info][gc,task        ] GC(165) Using 4 workers of 4 for evacuation
[8.280s][info][gc,phases      ] GC(165)   Pre Evacuate Collection Set: 0.0ms
[8.280s][info][gc,phases      ] GC(165)   Merge Heap Roots: 0.0ms
[8.280s][info][gc,phases      ] GC(165)   Evacuate Collection Set: 0.1ms
[8.280s][info][gc,phases      ] GC(165)   Post Evacuate Collection Set: 0.2ms
[8.280s][info][gc,phases      ] GC(165)   Other: 0.1ms
[8.280s][info][gc,heap        ] GC(165) Eden regions: 0->0(2)
[8.280s][info][gc,heap        ] GC(165) Survivor regions: 0->0(0)
[8.280s][info][gc,heap        ] GC(165) Old regions: 46->46
[8.280s][info][gc,heap        ] GC(165) Archive regions: 0->0
[8.280s][info][gc,heap        ] GC(165) Humongous regions: 4->4
[8.280s][info][gc,metaspace   ] GC(165) Metaspace: 16698K(16960K)->16698K(16960K) NonClass: 14702K(14848K)->14702K(14848K) Class: 1995K(2112K)->1995K(2112K)
[8.280s][info][gc             ] GC(165) Pause Young (Normal) (G1 Evacuation Pause) 49M->49M(50M) 0.495ms
[8.280s][info][gc,cpu         ] GC(165) User=0.00s Sys=0.00s Real=0.00s
[8.280s][info][gc,ergo        ] Attempting full compaction
[8.280s][info][gc,task        ] GC(166) Using 3 workers of 4 for full compaction
[8.280s][info][gc,start       ] GC(166) Pause Full (G1 Compaction Pause)
[8.280s][info][gc,phases,start] GC(166) Phase 1: Mark live objects
[8.301s][info][gc,phases      ] GC(166) Phase 1: Mark live objects 21.305ms
[8.301s][info][gc,phases,start] GC(166) Phase 2: Prepare for compaction
[8.302s][info][gc,phases      ] GC(166) Phase 2: Prepare for compaction 0.362ms
[8.302s][info][gc,phases,start] GC(166) Phase 3: Adjust pointers
[8.308s][info][gc,phases      ] GC(166) Phase 3: Adjust pointers 6.492ms
[8.308s][info][gc,phases,start] GC(166) Phase 4: Compact heap
[8.309s][info][gc,phases      ] GC(166) Phase 4: Compact heap 0.391ms
[8.311s][info][gc,heap        ] GC(166) Eden regions: 0->0(2)
[8.311s][info][gc,heap        ] GC(166) Survivor regions: 0->0(0)
[8.311s][info][gc,heap        ] GC(166) Old regions: 46->46
[8.311s][info][gc,heap        ] GC(166) Archive regions: 0->0
[8.311s][info][gc,heap        ] GC(166) Humongous regions: 4->4
[8.311s][info][gc,metaspace   ] GC(166) Metaspace: 16698K(16960K)->16698K(16960K) NonClass: 14702K(14848K)->14702K(14848K) Class: 1995K(2112K)->1995K(2112K)
[8.311s][info][gc             ] GC(166) Pause Full (G1 Compaction Pause) 49M->49M(50M) 31.252ms
[8.311s][info][gc,cpu         ] GC(166) User=0.09s Sys=0.00s Real=0.03s
[8.311s][info][gc,ergo        ] Attempting maximum full compaction clearing soft references
[8.311s][info][gc,task        ] GC(167) Using 2 workers of 4 for full compaction
[8.311s][info][gc,start       ] GC(167) Pause Full (G1 Compaction Pause)
[8.311s][info][gc,phases,start] GC(167) Phase 1: Mark live objects
[8.343s][info][gc,phases      ] GC(167) Phase 1: Mark live objects 32.045ms
[8.343s][info][gc,phases,start] GC(167) Phase 2: Prepare for compaction
[8.351s][info][gc,phases      ] GC(167) Phase 2: Prepare for compaction 7.255ms
[8.351s][info][gc,phases,start] GC(167) Phase 3: Adjust pointers
[8.365s][info][gc,phases      ] GC(167) Phase 3: Adjust pointers 13.874ms
[8.365s][info][gc,phases,start] GC(167) Phase 4: Compact heap
[8.371s][info][gc,phases      ] GC(167) Phase 4: Compact heap 6.085ms
[8.373s][info][gc,heap        ] GC(167) Eden regions: 0->0(2)
[8.374s][info][gc,heap        ] GC(167) Survivor regions: 0->0(0)
[8.374s][info][gc,heap        ] GC(167) Old regions: 46->46
[8.374s][info][gc,heap        ] GC(167) Archive regions: 0->0
[8.374s][info][gc,heap        ] GC(167) Humongous regions: 4->4
[8.374s][info][gc,metaspace   ] GC(167) Metaspace: 16698K(16960K)->16698K(16960K) NonClass: 14702K(14848K)->14702K(14848K) Class: 1995K(2112K)->1995K(2112K)
[8.374s][info][gc             ] GC(167) Pause Full (G1 Compaction Pause) 49M->49M(50M) 62.224ms
[8.374s][info][gc,cpu         ] GC(167) User=0.12s Sys=0.00s Real=0.06s
[8.374s][info][gc,start       ] GC(168) Pause Young (Concurrent Start) (G1 Evacuation Pause)
[8.374s][info][gc,task        ] GC(168) Using 4 workers of 4 for evacuation
[8.374s][info][gc,phases      ] GC(168)   Pre Evacuate Collection Set: 0.0ms
[8.374s][info][gc,phases      ] GC(168)   Merge Heap Roots: 0.0ms
[8.374s][info][gc,phases      ] GC(168)   Evacuate Collection Set: 0.2ms
[8.374s][info][gc,phases      ] GC(168)   Post Evacuate Collection Set: 0.1ms
[8.374s][info][gc,phases      ] GC(168)   Other: 0.1ms
[8.374s][info][gc,heap        ] GC(168) Eden regions: 0->0(2)
[8.374s][info][gc,heap        ] GC(168) Survivor regions: 0->0(0)
[8.374s][info][gc,heap        ] GC(168) Old regions: 46->46
[8.375s][info][gc,heap        ] GC(168) Archive regions: 0->0
[8.375s][info][gc,heap        ] GC(168) Humongous regions: 4->4
[8.375s][info][gc,metaspace   ] GC(168) Metaspace: 16698K(16960K)->16698K(16960K) NonClass: 14702K(14848K)->14702K(14848K) Class: 1995K(2112K)->1995K(2112K)
[8.375s][info][gc             ] GC(168) Pause Young (Concurrent Start) (G1 Evacuation Pause) 49M->49M(50M) 0.612ms
[8.375s][info][gc,cpu         ] GC(168) User=0.00s Sys=0.00s Real=0.00s
[8.375s][info][gc,ergo        ] Attempting full compaction
[8.375s][info][gc             ] GC(169) Concurrent Mark Cycle
[8.375s][info][gc,task        ] GC(170) Using 3 workers of 4 for full compaction
[8.375s][info][gc,marking     ] GC(169) Concurrent Clear Claimed Marks
[8.375s][info][gc,marking     ] GC(169) Concurrent Clear Claimed Marks 0.029ms
[8.375s][info][gc,marking     ] GC(169) Concurrent Scan Root Regions
[8.375s][info][gc,marking     ] GC(169) Concurrent Scan Root Regions 0.008ms
[8.375s][info][gc,marking     ] GC(169) Concurrent Mark
[8.375s][info][gc,marking     ] GC(169) Concurrent Mark From Roots
[8.375s][info][gc,task        ] GC(169) Using 1 workers of 1 for marking
[8.375s][info][gc,start       ] GC(170) Pause Full (G1 Compaction Pause)
[8.375s][info][gc,phases,start] GC(170) Phase 1: Mark live objects
[8.398s][info][gc,phases      ] GC(170) Phase 1: Mark live objects 23.310ms
[8.398s][info][gc,phases,start] GC(170) Phase 2: Prepare for compaction
[8.399s][info][gc,phases      ] GC(170) Phase 2: Prepare for compaction 0.369ms
[8.399s][info][gc,phases,start] GC(170) Phase 3: Adjust pointers
[8.406s][info][gc,phases      ] GC(170) Phase 3: Adjust pointers 7.033ms
[8.406s][info][gc,phases,start] GC(170) Phase 4: Compact heap
[8.406s][info][gc,phases      ] GC(170) Phase 4: Compact heap 0.206ms
[8.408s][info][gc,heap        ] GC(170) Eden regions: 0->0(2)
[8.409s][info][gc,heap        ] GC(170) Survivor regions: 0->0(0)
[8.409s][info][gc,heap        ] GC(170) Old regions: 46->46
[8.409s][info][gc,heap        ] GC(170) Archive regions: 0->0
[8.409s][info][gc,heap        ] GC(170) Humongous regions: 4->4
[8.409s][info][gc,metaspace   ] GC(170) Metaspace: 16698K(16960K)->16698K(16960K) NonClass: 14702K(14848K)->14702K(14848K) Class: 1995K(2112K)->1995K(2112K)
[8.409s][info][gc             ] GC(170) Pause Full (G1 Compaction Pause) 49M->49M(50M) 33.882ms
[8.409s][info][gc,cpu         ] GC(170) User=0.11s Sys=0.00s Real=0.03s
[8.409s][info][gc,ergo        ] Attempting maximum full compaction clearing soft references
[8.409s][info][gc,task        ] GC(171) Using 2 workers of 4 for full compaction
[8.409s][info][gc,start       ] GC(171) Pause Full (G1 Compaction Pause)
[8.409s][info][gc,phases,start] GC(171) Phase 1: Mark live objects
[8.443s][info][gc,phases      ] GC(171) Phase 1: Mark live objects 33.784ms
[8.443s][info][gc,phases,start] GC(171) Phase 2: Prepare for compaction
[8.450s][info][gc,phases      ] GC(171) Phase 2: Prepare for compaction 7.503ms
[8.450s][info][gc,phases,start] GC(171) Phase 3: Adjust pointers
[8.463s][info][gc,phases      ] GC(171) Phase 3: Adjust pointers 13.146ms
[8.463s][info][gc,phases,start] GC(171) Phase 4: Compact heap
[8.469s][info][gc,phases      ] GC(171) Phase 4: Compact heap 5.605ms
[8.472s][info][gc,heap        ] GC(171) Eden regions: 0->0(2)
[8.472s][info][gc,heap        ] GC(171) Survivor regions: 0->0(0)
[8.472s][info][gc,heap        ] GC(171) Old regions: 46->46
[8.472s][info][gc,heap        ] GC(171) Archive regions: 0->0
[8.472s][info][gc,heap        ] GC(171) Humongous regions: 4->4
[8.472s][info][gc,metaspace   ] GC(171) Metaspace: 16698K(16960K)->16698K(16960K) NonClass: 14702K(14848K)->14702K(14848K) Class: 1995K(2112K)->1995K(2112K)
[8.472s][info][gc             ] GC(171) Pause Full (G1 Compaction Pause) 49M->49M(50M) 63.413ms
[8.472s][info][gc,cpu         ] GC(171) User=0.11s Sys=0.00s Real=0.06s
[8.472s][info][gc,marking     ] GC(169) Concurrent Mark From Roots 97.635ms
[8.472s][info][gc,marking     ] GC(169) Concurrent Mark Abort
[8.472s][info][gc             ] GC(169) Concurrent Mark Cycle 97.775ms
[8.472s][info][gc,start       ] GC(172) Pause Young (Normal) (G1 Evacuation Pause)
[8.472s][info][gc,task        ] GC(172) Using 4 workers of 4 for evacuation
[8.473s][info][gc,phases      ] GC(172)   Pre Evacuate Collection Set: 0.0ms
[8.473s][info][gc,phases      ] GC(172)   Merge Heap Roots: 0.0ms
[8.473s][info][gc,phases      ] GC(172)   Evacuate Collection Set: 0.1ms
[8.473s][info][gc,phases      ] GC(172)   Post Evacuate Collection Set: 0.1ms
[8.473s][info][gc,phases      ] GC(172)   Other: 0.1ms
[8.473s][info][gc,heap        ] GC(172) Eden regions: 0->0(2)
[8.473s][info][gc,heap        ] GC(172) Survivor regions: 0->0(0)
[8.473s][info][gc,heap        ] GC(172) Old regions: 46->46
[8.473s][info][gc,heap        ] GC(172) Archive regions: 0->0
[8.473s][info][gc,heap        ] GC(172) Humongous regions: 4->4
[8.473s][info][gc,metaspace   ] GC(172) Metaspace: 16698K(16960K)->16698K(16960K) NonClass: 14702K(14848K)->14702K(14848K) Class: 1995K(2112K)->1995K(2112K)
[8.473s][info][gc             ] GC(172) Pause Young (Normal) (G1 Evacuation Pause) 49M->49M(50M) 0.462ms
[8.473s][info][gc,cpu         ] GC(172) User=0.00s Sys=0.00s Real=0.00s
[8.473s][info][gc,ergo        ] Attempting full compaction
[8.473s][info][gc,task        ] GC(173) Using 3 workers of 4 for full compaction
[8.473s][info][gc,start       ] GC(173) Pause Full (G1 Compaction Pause)
[8.473s][info][gc,phases,start] GC(173) Phase 1: Mark live objects
[8.497s][info][gc,phases      ] GC(173) Phase 1: Mark live objects 23.672ms
[8.497s][info][gc,phases,start] GC(173) Phase 2: Prepare for compaction
[8.497s][info][gc,phases      ] GC(173) Phase 2: Prepare for compaction 0.356ms
[8.497s][info][gc,phases,start] GC(173) Phase 3: Adjust pointers
[8.504s][info][gc,phases      ] GC(173) Phase 3: Adjust pointers 7.054ms
[8.504s][info][gc,phases,start] GC(173) Phase 4: Compact heap
[8.505s][info][gc,phases      ] GC(173) Phase 4: Compact heap 0.205ms
[8.507s][info][gc,heap        ] GC(173) Eden regions: 0->0(2)
[8.507s][info][gc,heap        ] GC(173) Survivor regions: 0->0(0)
[8.507s][info][gc,heap        ] GC(173) Old regions: 46->46
[8.507s][info][gc,heap        ] GC(173) Archive regions: 0->0
[8.507s][info][gc,heap        ] GC(173) Humongous regions: 4->4
[8.507s][info][gc,metaspace   ] GC(173) Metaspace: 16698K(16960K)->16698K(16960K) NonClass: 14702K(14848K)->14702K(14848K) Class: 1995K(2112K)->1995K(2112K)
[8.507s][info][gc             ] GC(173) Pause Full (G1 Compaction Pause) 49M->49M(50M) 34.392ms
[8.508s][info][gc,cpu         ] GC(173) User=0.09s Sys=0.00s Real=0.03s
[8.508s][info][gc,ergo        ] Attempting maximum full compaction clearing soft references
[8.508s][info][gc,task        ] GC(174) Using 2 workers of 4 for full compaction
[8.508s][info][gc,start       ] GC(174) Pause Full (G1 Compaction Pause)
[8.508s][info][gc,phases,start] GC(174) Phase 1: Mark live objects
[8.543s][info][gc,phases      ] GC(174) Phase 1: Mark live objects 35.811ms
[8.544s][info][gc,phases,start] GC(174) Phase 2: Prepare for compaction
[8.551s][info][gc,phases      ] GC(174) Phase 2: Prepare for compaction 7.586ms
[8.551s][info][gc,phases,start] GC(174) Phase 3: Adjust pointers
[8.565s][info][gc,phases      ] GC(174) Phase 3: Adjust pointers 13.417ms
[8.565s][info][gc,phases,start] GC(174) Phase 4: Compact heap
[8.570s][info][gc,phases      ] GC(174) Phase 4: Compact heap 5.371ms
[8.573s][info][gc,heap        ] GC(174) Eden regions: 0->0(2)
[8.573s][info][gc,heap        ] GC(174) Survivor regions: 0->0(0)
[8.573s][info][gc,heap        ] GC(174) Old regions: 46->46
[8.573s][info][gc,heap        ] GC(174) Archive regions: 0->0
[8.573s][info][gc,heap        ] GC(174) Humongous regions: 4->4
[8.573s][info][gc,metaspace   ] GC(174) Metaspace: 16698K(16960K)->16698K(16960K) NonClass: 14702K(14848K)->14702K(14848K) Class: 1995K(2112K)->1995K(2112K)
[8.573s][info][gc             ] GC(174) Pause Full (G1 Compaction Pause) 49M->49M(50M) 65.743ms
[8.573s][info][gc,cpu         ] GC(174) User=0.12s Sys=0.00s Real=0.07s
[8.574s][info][gc,start       ] GC(175) Pause Young (Concurrent Start) (G1 Evacuation Pause)
[8.574s][info][gc,task        ] GC(175) Using 4 workers of 4 for evacuation
[8.574s][info][gc,phases      ] GC(175)   Pre Evacuate Collection Set: 0.0ms
[8.574s][info][gc,phases      ] GC(175)   Merge Heap Roots: 0.0ms
[8.574s][info][gc,phases      ] GC(175)   Evacuate Collection Set: 0.3ms
[8.574s][info][gc,phases      ] GC(175)   Post Evacuate Collection Set: 0.2ms
[8.574s][info][gc,phases      ] GC(175)   Other: 0.1ms
[8.574s][info][gc,heap        ] GC(175) Eden regions: 0->0(2)
[8.574s][info][gc,heap        ] GC(175) Survivor regions: 0->0(0)
[8.574s][info][gc,heap        ] GC(175) Old regions: 46->46
[8.574s][info][gc,heap        ] GC(175) Archive regions: 0->0
[8.574s][info][gc,heap        ] GC(175) Humongous regions: 4->4
[8.574s][info][gc,metaspace   ] GC(175) Metaspace: 16698K(16960K)->16698K(16960K) NonClass: 14702K(14848K)->14702K(14848K) Class: 1995K(2112K)->1995K(2112K)
[8.574s][info][gc             ] GC(175) Pause Young (Concurrent Start) (G1 Evacuation Pause) 49M->49M(50M) 0.797ms
[8.574s][info][gc,cpu         ] GC(175) User=0.00s Sys=0.00s Real=0.00s
[8.574s][info][gc,ergo        ] Attempting full compaction
[8.574s][info][gc             ] GC(176) Concurrent Mark Cycle
[8.574s][info][gc,task        ] GC(177) Using 3 workers of 4 for full compaction
[8.574s][info][gc,marking     ] GC(176) Concurrent Clear Claimed Marks
[8.574s][info][gc,marking     ] GC(176) Concurrent Clear Claimed Marks 0.053ms
[8.574s][info][gc,marking     ] GC(176) Concurrent Scan Root Regions
[8.574s][info][gc,marking     ] GC(176) Concurrent Scan Root Regions 0.008ms
[8.575s][info][gc,marking     ] GC(176) Concurrent Mark
[8.575s][info][gc,marking     ] GC(176) Concurrent Mark From Roots
[8.575s][info][gc,task        ] GC(176) Using 1 workers of 1 for marking
[8.575s][info][gc,start       ] GC(177) Pause Full (G1 Compaction Pause)
[8.575s][info][gc,phases,start] GC(177) Phase 1: Mark live objects
[8.599s][info][gc,phases      ] GC(177) Phase 1: Mark live objects 24.192ms
[8.599s][info][gc,phases,start] GC(177) Phase 2: Prepare for compaction
[8.599s][info][gc,phases      ] GC(177) Phase 2: Prepare for compaction 0.365ms
[8.599s][info][gc,phases,start] GC(177) Phase 3: Adjust pointers
[8.606s][info][gc,phases      ] GC(177) Phase 3: Adjust pointers 7.048ms
[8.606s][info][gc,phases,start] GC(177) Phase 4: Compact heap
[8.607s][info][gc,phases      ] GC(177) Phase 4: Compact heap 0.208ms
[8.609s][info][gc,heap        ] GC(177) Eden regions: 0->0(2)
[8.609s][info][gc,heap        ] GC(177) Survivor regions: 0->0(0)
[8.609s][info][gc,heap        ] GC(177) Old regions: 46->46
[8.609s][info][gc,heap        ] GC(177) Archive regions: 0->0
[8.609s][info][gc,heap        ] GC(177) Humongous regions: 4->4
[8.609s][info][gc,metaspace   ] GC(177) Metaspace: 16698K(16960K)->16698K(16960K) NonClass: 14702K(14848K)->14702K(14848K) Class: 1995K(2112K)->1995K(2112K)
[8.609s][info][gc             ] GC(177) Pause Full (G1 Compaction Pause) 49M->49M(50M) 34.941ms
[8.610s][info][gc,cpu         ] GC(177) User=0.09s Sys=0.00s Real=0.04s
[8.610s][info][gc,ergo        ] Attempting maximum full compaction clearing soft references
[8.610s][info][gc,task        ] GC(178) Using 2 workers of 4 for full compaction
[8.610s][info][gc,start       ] GC(178) Pause Full (G1 Compaction Pause)
[8.610s][info][gc,phases,start] GC(178) Phase 1: Mark live objects
[8.645s][info][gc,phases      ] GC(178) Phase 1: Mark live objects 34.834ms
[8.645s][info][gc,phases,start] GC(178) Phase 2: Prepare for compaction
[8.652s][info][gc,phases      ] GC(178) Phase 2: Prepare for compaction 7.408ms
[8.652s][info][gc,phases,start] GC(178) Phase 3: Adjust pointers
[8.666s][info][gc,phases      ] GC(178) Phase 3: Adjust pointers 14.087ms
[8.666s][info][gc,phases,start] GC(178) Phase 4: Compact heap
[8.672s][info][gc,phases      ] GC(178) Phase 4: Compact heap 5.502ms
[8.674s][info][gc,heap        ] GC(178) Eden regions: 0->0(2)
[8.675s][info][gc,heap        ] GC(178) Survivor regions: 0->0(0)
[8.675s][info][gc,heap        ] GC(178) Old regions: 46->46
[8.675s][info][gc,heap        ] GC(178) Archive regions: 0->0
[8.675s][info][gc,heap        ] GC(178) Humongous regions: 4->4
[8.675s][info][gc,metaspace   ] GC(178) Metaspace: 16698K(16960K)->16698K(16960K) NonClass: 14702K(14848K)->14702K(14848K) Class: 1995K(2112K)->1995K(2112K)
[8.675s][info][gc             ] GC(178) Pause Full (G1 Compaction Pause) 49M->49M(50M) 64.941ms
[8.675s][info][gc,cpu         ] GC(178) User=0.14s Sys=0.00s Real=0.07s
[8.675s][info][gc,marking     ] GC(176) Concurrent Mark From Roots 100.241ms
[8.675s][info][gc,marking     ] GC(176) Concurrent Mark Abort
[8.675s][info][gc             ] GC(176) Concurrent Mark Cycle 100.383ms
[8.675s][info][gc,start       ] GC(179) Pause Young (Normal) (G1 Evacuation Pause)
[8.675s][info][gc,task        ] GC(179) Using 2 workers of 4 for evacuation
[8.675s][info][gc,phases      ] GC(179)   Pre Evacuate Collection Set: 0.0ms
[8.675s][info][gc,phases      ] GC(179)   Merge Heap Roots: 0.0ms
[8.675s][info][gc,phases      ] GC(179)   Evacuate Collection Set: 0.1ms
[8.675s][info][gc,phases      ] GC(179)   Post Evacuate Collection Set: 0.1ms
[8.675s][info][gc,phases      ] GC(179)   Other: 0.1ms
[8.675s][info][gc,heap        ] GC(179) Eden regions: 0->0(2)
[8.676s][info][gc,heap        ] GC(179) Survivor regions: 0->0(0)
[8.676s][info][gc,heap        ] GC(179) Old regions: 46->46
[8.676s][info][gc,heap        ] GC(179) Archive regions: 0->0
[8.676s][info][gc,heap        ] GC(179) Humongous regions: 4->4
[8.676s][info][gc,metaspace   ] GC(179) Metaspace: 16698K(16960K)->16698K(16960K) NonClass: 14702K(14848K)->14702K(14848K) Class: 1995K(2112K)->1995K(2112K)
[8.676s][info][gc             ] GC(179) Pause Young (Normal) (G1 Evacuation Pause) 49M->49M(50M) 0.506ms
[8.676s][info][gc,cpu         ] GC(179) User=0.00s Sys=0.00s Real=0.00s
[8.676s][info][gc,ergo        ] Attempting full compaction
[8.676s][info][gc,task        ] GC(180) Using 2 workers of 4 for full compaction
[8.676s][info][gc,start       ] GC(180) Pause Full (G1 Compaction Pause)
[8.676s][info][gc,phases,start] GC(180) Phase 1: Mark live objects
[8.709s][info][gc,phases      ] GC(180) Phase 1: Mark live objects 33.322ms
[8.709s][info][gc,phases,start] GC(180) Phase 2: Prepare for compaction
[8.710s][info][gc,phases      ] GC(180) Phase 2: Prepare for compaction 0.393ms
[8.710s][info][gc,phases,start] GC(180) Phase 3: Adjust pointers
[8.719s][info][gc,phases      ] GC(180) Phase 3: Adjust pointers 9.471ms
[8.719s][info][gc,phases,start] GC(180) Phase 4: Compact heap
[8.719s][info][gc,phases      ] GC(180) Phase 4: Compact heap 0.180ms
[8.722s][info][gc,heap        ] GC(180) Eden regions: 0->0(2)
[8.722s][info][gc,heap        ] GC(180) Survivor regions: 0->0(0)
[8.722s][info][gc,heap        ] GC(180) Old regions: 46->46
[8.722s][info][gc,heap        ] GC(180) Archive regions: 0->0
[8.722s][info][gc,heap        ] GC(180) Humongous regions: 4->4
[8.722s][info][gc,metaspace   ] GC(180) Metaspace: 16698K(16960K)->16698K(16960K) NonClass: 14702K(14848K)->14702K(14848K) Class: 1995K(2112K)->1995K(2112K)
[8.722s][info][gc             ] GC(180) Pause Full (G1 Compaction Pause) 49M->49M(50M) 46.001ms
[8.722s][info][gc,cpu         ] GC(180) User=0.06s Sys=0.02s Real=0.05s
[8.722s][info][gc,ergo        ] Attempting maximum full compaction clearing soft references
[8.722s][info][gc,task        ] GC(181) Using 2 workers of 4 for full compaction
[8.722s][info][gc,start       ] GC(181) Pause Full (G1 Compaction Pause)
[8.722s][info][gc,phases,start] GC(181) Phase 1: Mark live objects
[8.755s][info][gc,phases      ] GC(181) Phase 1: Mark live objects 33.187ms
[8.755s][info][gc,phases,start] GC(181) Phase 2: Prepare for compaction
[8.763s][info][gc,phases      ] GC(181) Phase 2: Prepare for compaction 8.206ms
[8.763s][info][gc,phases,start] GC(181) Phase 3: Adjust pointers
[8.779s][info][gc,phases      ] GC(181) Phase 3: Adjust pointers 15.214ms
[8.779s][info][gc,phases,start] GC(181) Phase 4: Compact heap
[8.785s][info][gc,phases      ] GC(181) Phase 4: Compact heap 6.659ms
[8.788s][info][gc,heap        ] GC(181) Eden regions: 0->0(2)
[8.788s][info][gc,heap        ] GC(181) Survivor regions: 0->0(0)
[8.788s][info][gc,heap        ] GC(181) Old regions: 46->46
[8.788s][info][gc,heap        ] GC(181) Archive regions: 0->0
[8.788s][info][gc,heap        ] GC(181) Humongous regions: 4->4
[8.788s][info][gc,metaspace   ] GC(181) Metaspace: 16698K(16960K)->16698K(16960K) NonClass: 14702K(14848K)->14702K(14848K) Class: 1995K(2112K)->1995K(2112K)
[8.788s][info][gc             ] GC(181) Pause Full (G1 Compaction Pause) 49M->49M(50M) 66.332ms
[8.788s][info][gc,cpu         ] GC(181) User=0.12s Sys=0.00s Real=0.07s
[8.788s][info][gc,start       ] GC(182) Pause Young (Concurrent Start) (G1 Evacuation Pause)
[8.788s][info][gc,task        ] GC(182) Using 2 workers of 4 for evacuation
[8.789s][info][gc,phases      ] GC(182)   Pre Evacuate Collection Set: 0.0ms
[8.789s][info][gc,phases      ] GC(182)   Merge Heap Roots: 0.0ms
[8.789s][info][gc,phases      ] GC(182)   Evacuate Collection Set: 0.2ms
[8.789s][info][gc,phases      ] GC(182)   Post Evacuate Collection Set: 0.1ms
[8.789s][info][gc,phases      ] GC(182)   Other: 0.1ms
[8.789s][info][gc,heap        ] GC(182) Eden regions: 0->0(2)
[8.789s][info][gc,heap        ] GC(182) Survivor regions: 0->0(0)
[8.789s][info][gc,heap        ] GC(182) Old regions: 46->46
[8.789s][info][gc,heap        ] GC(182) Archive regions: 0->0
[8.789s][info][gc,heap        ] GC(182) Humongous regions: 4->4
[8.789s][info][gc,metaspace   ] GC(182) Metaspace: 16698K(16960K)->16698K(16960K) NonClass: 14702K(14848K)->14702K(14848K) Class: 1995K(2112K)->1995K(2112K)
[8.789s][info][gc             ] GC(182) Pause Young (Concurrent Start) (G1 Evacuation Pause) 49M->49M(50M) 0.645ms
[8.789s][info][gc,cpu         ] GC(182) User=0.00s Sys=0.00s Real=0.00s
[8.789s][info][gc,ergo        ] Attempting full compaction
[8.789s][info][gc             ] GC(183) Concurrent Mark Cycle
[8.789s][info][gc,task        ] GC(184) Using 2 workers of 4 for full compaction
[8.789s][info][gc,marking     ] GC(183) Concurrent Clear Claimed Marks
[8.789s][info][gc,marking     ] GC(183) Concurrent Clear Claimed Marks 0.042ms
[8.789s][info][gc,marking     ] GC(183) Concurrent Scan Root Regions
[8.789s][info][gc,marking     ] GC(183) Concurrent Scan Root Regions 0.008ms
[8.789s][info][gc,start       ] GC(184) Pause Full (G1 Compaction Pause)
[8.789s][info][gc,marking     ] GC(183) Concurrent Mark
[8.789s][info][gc,marking     ] GC(183) Concurrent Mark From Roots
[8.789s][info][gc,task        ] GC(183) Using 1 workers of 1 for marking
[8.789s][info][gc,phases,start] GC(184) Phase 1: Mark live objects
[8.823s][info][gc,phases      ] GC(184) Phase 1: Mark live objects 34.085ms
[8.823s][info][gc,phases,start] GC(184) Phase 2: Prepare for compaction
[8.824s][info][gc,phases      ] GC(184) Phase 2: Prepare for compaction 0.389ms
[8.824s][info][gc,phases,start] GC(184) Phase 3: Adjust pointers
[8.834s][info][gc,phases      ] GC(184) Phase 3: Adjust pointers 10.393ms
[8.834s][info][gc,phases,start] GC(184) Phase 4: Compact heap
[8.835s][info][gc,phases      ] GC(184) Phase 4: Compact heap 0.200ms
[8.837s][info][gc,heap        ] GC(184) Eden regions: 0->0(2)
[8.837s][info][gc,heap        ] GC(184) Survivor regions: 0->0(0)
[8.837s][info][gc,heap        ] GC(184) Old regions: 46->46
[8.837s][info][gc,heap        ] GC(184) Archive regions: 0->0
[8.837s][info][gc,heap        ] GC(184) Humongous regions: 4->4
[8.837s][info][gc,metaspace   ] GC(184) Metaspace: 16698K(16960K)->16698K(16960K) NonClass: 14702K(14848K)->14702K(14848K) Class: 1995K(2112K)->1995K(2112K)
[8.837s][info][gc             ] GC(184) Pause Full (G1 Compaction Pause) 49M->49M(50M) 48.285ms
[8.838s][info][gc,cpu         ] GC(184) User=0.09s Sys=0.00s Real=0.05s
[8.838s][info][gc,ergo        ] Attempting maximum full compaction clearing soft references
[8.838s][info][gc,task        ] GC(185) Using 2 workers of 4 for full compaction
[8.838s][info][gc,start       ] GC(185) Pause Full (G1 Compaction Pause)
[8.838s][info][gc,phases,start] GC(185) Phase 1: Mark live objects
[8.872s][info][gc,phases      ] GC(185) Phase 1: Mark live objects 34.066ms
[8.872s][info][gc,phases,start] GC(185) Phase 2: Prepare for compaction
[8.879s][info][gc,phases      ] GC(185) Phase 2: Prepare for compaction 7.214ms
[8.879s][info][gc,phases,start] GC(185) Phase 3: Adjust pointers
[8.893s][info][gc,phases      ] GC(185) Phase 3: Adjust pointers 13.518ms
[8.893s][info][gc,phases,start] GC(185) Phase 4: Compact heap
[8.898s][info][gc,phases      ] GC(185) Phase 4: Compact heap 5.604ms
[8.901s][info][gc,heap        ] GC(185) Eden regions: 0->0(2)
[8.901s][info][gc,heap        ] GC(185) Survivor regions: 0->0(0)
[8.901s][info][gc,heap        ] GC(185) Old regions: 46->46
[8.901s][info][gc,heap        ] GC(185) Archive regions: 0->0
[8.901s][info][gc,heap        ] GC(185) Humongous regions: 4->4
[8.901s][info][gc,metaspace   ] GC(185) Metaspace: 16698K(16960K)->16698K(16960K) NonClass: 14702K(14848K)->14702K(14848K) Class: 1995K(2112K)->1995K(2112K)
[8.901s][info][gc             ] GC(185) Pause Full (G1 Compaction Pause) 49M->49M(50M) 63.367ms
[8.901s][info][gc,cpu         ] GC(185) User=0.12s Sys=0.00s Real=0.06s
[8.901s][info][gc,marking     ] GC(183) Concurrent Mark From Roots 111.950ms
[8.901s][info][gc,marking     ] GC(183) Concurrent Mark Abort
[8.901s][info][gc             ] GC(183) Concurrent Mark Cycle 112.116ms
[8.901s][info][gc,start       ] GC(186) Pause Young (Normal) (G1 Evacuation Pause)
[8.901s][info][gc,task        ] GC(186) Using 2 workers of 4 for evacuation
[8.902s][info][gc,phases      ] GC(186)   Pre Evacuate Collection Set: 0.0ms
[8.902s][info][gc,phases      ] GC(186)   Merge Heap Roots: 0.0ms
[8.902s][info][gc,phases      ] GC(186)   Evacuate Collection Set: 0.1ms
[8.902s][info][gc,phases      ] GC(186)   Post Evacuate Collection Set: 0.1ms
[8.902s][info][gc,phases      ] GC(186)   Other: 0.1ms
[8.902s][info][gc,heap        ] GC(186) Eden regions: 0->0(2)
[8.902s][info][gc,heap        ] GC(186) Survivor regions: 0->0(0)
[8.902s][info][gc,heap        ] GC(186) Old regions: 46->46
[8.902s][info][gc,heap        ] GC(186) Archive regions: 0->0
[8.902s][info][gc,heap        ] GC(186) Humongous regions: 4->4
[8.902s][info][gc,metaspace   ] GC(186) Metaspace: 16698K(16960K)->16698K(16960K) NonClass: 14702K(14848K)->14702K(14848K) Class: 1995K(2112K)->1995K(2112K)
[8.902s][info][gc             ] GC(186) Pause Young (Normal) (G1 Evacuation Pause) 49M->49M(50M) 0.490ms
[8.902s][info][gc,cpu         ] GC(186) User=0.00s Sys=0.00s Real=0.00s
[8.902s][info][gc,ergo        ] Attempting full compaction
[8.902s][info][gc,task        ] GC(187) Using 2 workers of 4 for full compaction
[8.902s][info][gc,start       ] GC(187) Pause Full (G1 Compaction Pause)
[8.902s][info][gc,phases,start] GC(187) Phase 1: Mark live objects
[8.915s][info][gc,phases      ] GC(187) Phase 1: Mark live objects 12.623ms
[8.915s][info][gc,phases,start] GC(187) Phase 2: Prepare for compaction
[8.916s][info][gc,phases      ] GC(187) Phase 2: Prepare for compaction 1.734ms
[8.916s][info][gc,phases,start] GC(187) Phase 3: Adjust pointers
[8.921s][info][gc,phases      ] GC(187) Phase 3: Adjust pointers 4.808ms
[8.921s][info][gc,phases,start] GC(187) Phase 4: Compact heap
[8.923s][info][gc,phases      ] GC(187) Phase 4: Compact heap 1.317ms
[8.926s][info][gc,heap        ] GC(187) Eden regions: 0->0(9)
[8.926s][info][gc,heap        ] GC(187) Survivor regions: 0->0(0)
[8.926s][info][gc,heap        ] GC(187) Old regions: 46->11
[8.926s][info][gc,heap        ] GC(187) Archive regions: 0->0
[8.926s][info][gc,heap        ] GC(187) Humongous regions: 4->0
[8.926s][info][gc,metaspace   ] GC(187) Metaspace: 16698K(16960K)->16672K(16960K) NonClass: 14702K(14848K)->14681K(14848K) Class: 1995K(2112K)->1990K(2112K)
[8.926s][info][gc             ] GC(187) Pause Full (G1 Compaction Pause) 49M->10M(37M) 24.030ms
[8.926s][info][gc,cpu         ] GC(187) User=0.06s Sys=0.00s Real=0.02s
[8.940s][info][gc,heap,exit   ] Heap
[8.940s][info][gc,heap,exit   ]  garbage-first heap   total 37888K, used 11040K [0x00000000fce00000, 0x0000000100000000)
[8.940s][info][gc,heap,exit   ]   region size 1024K, 1 young (1024K), 0 survivors (0K)
[8.940s][info][gc,heap,exit   ]  Metaspace       used 16693K, committed 16960K, reserved 1114112K
[8.940s][info][gc,heap,exit   ]   class space    used 1994K, committed 2112K, reserved 1048576K
