[0.007s][info][gc] Using Parallel
[0.008s][info][gc,init] Version: 17.0.8+9-LTS-211 (release)
[0.008s][info][gc,init] CPUs: 4 total, 4 available
[0.008s][info][gc,init] Memory: 7550M
[0.008s][info][gc,init] Large Page Support: Disabled
[0.008s][info][gc,init] NUMA Support: Disabled
[0.008s][info][gc,init] Compressed Oops: Enabled (32-bit)
[0.008s][info][gc,init] Alignments: Space 512K, Generation 512K, Heap 2M
[0.008s][info][gc,init] Heap Min Capacity: 8M
[0.008s][info][gc,init] Heap Initial Capacity: 50M
[0.008s][info][gc,init] Heap Max Capacity: 50M
[0.008s][info][gc,init] Pre-touch: Disabled
[0.009s][info][gc,init] Parallel Workers: 4
[0.017s][info][gc,metaspace] CDS archive(s) mapped at: [0x000002c6ce000000-0x000002c6cebd0000-0x000002c6cebd0000), size 12386304, SharedBaseAddress: 0x000002c6ce000000, ArchiveRelocationMode: 1.
[0.017s][info][gc,metaspace] Compressed class space mapped at: 0x000002c6cf000000-0x000002c70f000000, reserved size: 1073741824
[0.017s][info][gc,metaspace] Narrow klass base: 0x000002c6ce000000, Narrow klass shift: 0, Narrow klass range: 0x100000000
[0.381s][info][gc,start    ] GC(0) Pause Young (Allocation Failure)
[0.386s][info][gc,heap     ] GC(0) PSYoungGen: 12800K(14848K)->2028K(14848K) Eden: 12800K(12800K)->0K(12800K) From: 0K(2048K)->2028K(2048K)
[0.386s][info][gc,heap     ] GC(0) ParOldGen: 0K(34304K)->1157K(34304K)
[0.386s][info][gc,metaspace] GC(0) Metaspace: 3319K(3392K)->3319K(3392K) NonClass: 2969K(3008K)->2969K(3008K) Class: 349K(384K)->349K(384K)
[0.386s][info][gc          ] GC(0) Pause Young (Allocation Failure) 12M->3M(48M) 4.820ms
[0.386s][info][gc,cpu      ] GC(0) User=0.05s Sys=0.00s Real=0.00s
[0.579s][info][gc,start    ] GC(1) Pause Young (Allocation Failure)
[0.584s][info][gc,heap     ] GC(1) PSYoungGen: 14828K(14848K)->2022K(14848K) Eden: 12800K(12800K)->0K(12800K) From: 2028K(2048K)->2022K(2048K)
[0.584s][info][gc,heap     ] GC(1) ParOldGen: 1157K(34304K)->1749K(34304K)
[0.584s][info][gc,metaspace] GC(1) Metaspace: 5557K(5696K)->5557K(5696K) NonClass: 4884K(4928K)->4884K(4928K) Class: 672K(768K)->672K(768K)
[0.584s][info][gc          ] GC(1) Pause Young (Allocation Failure) 15M->3M(48M) 4.820ms
[0.584s][info][gc,cpu      ] GC(1) User=0.00s Sys=0.00s Real=0.00s
[0.786s][info][gc,start    ] GC(2) Pause Young (Allocation Failure)
[0.789s][info][gc,heap     ] GC(2) PSYoungGen: 14822K(14848K)->2040K(14848K) Eden: 12800K(12800K)->0K(12800K) From: 2022K(2048K)->2040K(2048K)
[0.789s][info][gc,heap     ] GC(2) ParOldGen: 1749K(34304K)->2231K(34304K)
[0.789s][info][gc,metaspace] GC(2) Metaspace: 6902K(7104K)->6902K(7104K) NonClass: 6078K(6208K)->6078K(6208K) Class: 824K(896K)->824K(896K)
[0.789s][info][gc          ] GC(2) Pause Young (Allocation Failure) 16M->4M(48M) 2.592ms
[0.789s][info][gc,cpu      ] GC(2) User=0.00s Sys=0.00s Real=0.00s
[0.992s][info][gc,start    ] GC(3) Pause Young (Allocation Failure)
[0.995s][info][gc,heap     ] GC(3) PSYoungGen: 14840K(14848K)->2025K(14848K) Eden: 12800K(12800K)->0K(12800K) From: 2040K(2048K)->2025K(2048K)
[0.995s][info][gc,heap     ] GC(3) ParOldGen: 2231K(34304K)->3039K(34304K)
[0.995s][info][gc,metaspace] GC(3) Metaspace: 9072K(9216K)->9072K(9216K) NonClass: 7973K(8064K)->7973K(8064K) Class: 1099K(1152K)->1099K(1152K)
[0.995s][info][gc          ] GC(3) Pause Young (Allocation Failure) 16M->4M(48M) 3.274ms
[0.995s][info][gc,cpu      ] GC(3) User=0.00s Sys=0.02s Real=0.00s
[1.294s][info][gc,start    ] GC(4) Pause Young (Allocation Failure)
[1.298s][info][gc,heap     ] GC(4) PSYoungGen: 14825K(14848K)->2036K(14848K) Eden: 12800K(12800K)->0K(12800K) From: 2025K(2048K)->2036K(2048K)
[1.298s][info][gc,heap     ] GC(4) ParOldGen: 3039K(34304K)->4332K(34304K)
[1.298s][info][gc,metaspace] GC(4) Metaspace: 11443K(11584K)->11443K(11584K) NonClass: 10024K(10112K)->10024K(10112K) Class: 1418K(1472K)->1418K(1472K)
[1.298s][info][gc          ] GC(4) Pause Young (Allocation Failure) 17M->6M(48M) 4.167ms
[1.298s][info][gc,cpu      ] GC(4) User=0.00s Sys=0.00s Real=0.00s
[1.579s][info][gc,start    ] GC(5) Pause Young (Allocation Failure)
[1.583s][info][gc,heap     ] GC(5) PSYoungGen: 14836K(14848K)->2040K(11776K) Eden: 12800K(12800K)->0K(9728K) From: 2036K(2048K)->2040K(2048K)
[1.583s][info][gc,heap     ] GC(5) ParOldGen: 4332K(34304K)->5484K(34304K)
[1.583s][info][gc,metaspace] GC(5) Metaspace: 14179K(14400K)->14179K(14400K) NonClass: 12428K(12544K)->12428K(12544K) Class: 1750K(1856K)->1750K(1856K)
[1.583s][info][gc          ] GC(5) Pause Young (Allocation Failure) 18M->7M(45M) 4.866ms
[1.583s][info][gc,cpu      ] GC(5) User=0.00s Sys=0.00s Real=0.00s
[1.761s][info][gc,start    ] GC(6) Pause Young (Allocation Failure)
[1.765s][info][gc,heap     ] GC(6) PSYoungGen: 11768K(11776K)->1872K(11776K) Eden: 9728K(9728K)->0K(9728K) From: 2040K(2048K)->1872K(2048K)
[1.765s][info][gc,heap     ] GC(6) ParOldGen: 5484K(34304K)->6871K(34304K)
[1.765s][info][gc,metaspace] GC(6) Metaspace: 14860K(15104K)->14860K(15104K) NonClass: 13044K(13184K)->13044K(13184K) Class: 1815K(1920K)->1815K(1920K)
[1.765s][info][gc          ] GC(6) Pause Young (Allocation Failure) 16M->8M(45M) 4.830ms
[1.765s][info][gc,cpu      ] GC(6) User=0.05s Sys=0.00s Real=0.01s
[1.859s][info][gc,start    ] GC(7) Pause Young (Allocation Failure)
[1.862s][info][gc,heap     ] GC(7) PSYoungGen: 11600K(11776K)->2314K(12800K) Eden: 9728K(9728K)->0K(8704K) From: 1872K(2048K)->2314K(4096K)
[1.862s][info][gc,heap     ] GC(7) ParOldGen: 6871K(34304K)->7105K(34304K)
[1.862s][info][gc,metaspace] GC(7) Metaspace: 15002K(15232K)->15002K(15232K) NonClass: 13184K(13312K)->13184K(13312K) Class: 1817K(1920K)->1817K(1920K)
[1.862s][info][gc          ] GC(7) Pause Young (Allocation Failure) 18M->9M(46M) 2.897ms
[1.862s][info][gc,cpu      ] GC(7) User=0.00s Sys=0.00s Real=0.00s
[1.938s][info][gc,start    ] GC(8) Pause Young (Allocation Failure)
[1.941s][info][gc,heap     ] GC(8) PSYoungGen: 11018K(12800K)->2816K(12800K) Eden: 8704K(8704K)->0K(8704K) From: 2314K(4096K)->2816K(4096K)
[1.941s][info][gc,heap     ] GC(8) ParOldGen: 7105K(34304K)->7524K(34304K)
[1.941s][info][gc,metaspace] GC(8) Metaspace: 15193K(15360K)->15193K(15360K) NonClass: 13360K(13440K)->13360K(13440K) Class: 1833K(1920K)->1833K(1920K)
[1.942s][info][gc          ] GC(8) Pause Young (Allocation Failure) 17M->10M(46M) 3.344ms
[1.942s][info][gc,cpu      ] GC(8) User=0.00s Sys=0.00s Real=0.00s
[2.066s][info][gc,start    ] GC(9) Pause Young (Allocation Failure)
[2.070s][info][gc,heap     ] GC(9) PSYoungGen: 11520K(12800K)->1504K(12800K) Eden: 8704K(8704K)->0K(8704K) From: 2816K(4096K)->1504K(4096K)
[2.070s][info][gc,heap     ] GC(9) ParOldGen: 7524K(34304K)->9268K(34304K)
[2.070s][info][gc,metaspace] GC(9) Metaspace: 15479K(15616K)->15479K(15616K) NonClass: 13615K(13696K)->13615K(13696K) Class: 1863K(1920K)->1863K(1920K)
[2.070s][info][gc          ] GC(9) Pause Young (Allocation Failure) 18M->10M(46M) 3.243ms
[2.070s][info][gc,cpu      ] GC(9) User=0.00s Sys=0.00s Real=0.00s
[2.170s][info][gc,start    ] GC(10) Pause Young (Allocation Failure)
[2.172s][info][gc,heap     ] GC(10) PSYoungGen: 10208K(12800K)->432K(12800K) Eden: 8704K(8704K)->0K(8704K) From: 1504K(4096K)->432K(4096K)
[2.172s][info][gc,heap     ] GC(10) ParOldGen: 9268K(34304K)->10636K(34304K)
[2.172s][info][gc,metaspace] GC(10) Metaspace: 15542K(15744K)->15542K(15744K) NonClass: 13678K(13824K)->13678K(13824K) Class: 1864K(1920K)->1864K(1920K)
[2.172s][info][gc          ] GC(10) Pause Young (Allocation Failure) 19M->10M(46M) 2.213ms
[2.172s][info][gc,cpu      ] GC(10) User=0.00s Sys=0.00s Real=0.00s
[2.267s][info][gc,start    ] GC(11) Pause Young (Allocation Failure)
[2.268s][info][gc,heap     ] GC(11) PSYoungGen: 9136K(12800K)->608K(11776K) Eden: 8704K(8704K)->0K(7680K) From: 432K(4096K)->608K(4096K)
[2.268s][info][gc,heap     ] GC(11) ParOldGen: 10636K(34304K)->10884K(34304K)
[2.268s][info][gc,metaspace] GC(11) Metaspace: 15623K(15808K)->15623K(15808K) NonClass: 13757K(13888K)->13757K(13888K) Class: 1866K(1920K)->1866K(1920K)
[2.268s][info][gc          ] GC(11) Pause Young (Allocation Failure) 19M->11M(45M) 1.143ms
[2.268s][info][gc,cpu      ] GC(11) User=0.00s Sys=0.00s Real=0.00s
[2.416s][info][gc,start    ] GC(12) Pause Young (Allocation Failure)
[2.418s][info][gc,heap     ] GC(12) PSYoungGen: 8288K(11776K)->448K(12288K) Eden: 7680K(7680K)->0K(7680K) From: 608K(4096K)->448K(4608K)
[2.418s][info][gc,heap     ] GC(12) ParOldGen: 10884K(34304K)->11436K(34304K)
[2.418s][info][gc,metaspace] GC(12) Metaspace: 15872K(16128K)->15872K(16128K) NonClass: 13989K(14144K)->13989K(14144K) Class: 1883K(1984K)->1883K(1984K)
[2.418s][info][gc          ] GC(12) Pause Young (Allocation Failure) 18M->11M(45M) 2.015ms
[2.419s][info][gc,cpu      ] GC(12) User=0.00s Sys=0.00s Real=0.00s
[2.546s][info][gc,start    ] GC(13) Pause Young (Allocation Failure)
[2.547s][info][gc,heap     ] GC(13) PSYoungGen: 8128K(12288K)->768K(12288K) Eden: 7680K(7680K)->0K(7680K) From: 448K(4608K)->768K(4608K)
[2.547s][info][gc,heap     ] GC(13) ParOldGen: 11436K(34304K)->11836K(34304K)
[2.547s][info][gc,metaspace] GC(13) Metaspace: 16543K(16768K)->16543K(16768K) NonClass: 14565K(14656K)->14565K(14656K) Class: 1977K(2112K)->1977K(2112K)
[2.547s][info][gc          ] GC(13) Pause Young (Allocation Failure) 19M->12M(45M) 1.687ms
[2.548s][info][gc,cpu      ] GC(13) User=0.00s Sys=0.00s Real=0.00s
[2.589s][info][gc,start    ] GC(14) Pause Young (Allocation Failure)
[2.595s][info][gc,heap     ] GC(14) PSYoungGen: 8448K(12288K)->4576K(12288K) Eden: 7680K(7680K)->0K(7680K) From: 768K(4608K)->4576K(4608K)
[2.595s][info][gc,heap     ] GC(14) ParOldGen: 11836K(34304K)->14009K(34304K)
[2.595s][info][gc,metaspace] GC(14) Metaspace: 16751K(17024K)->16751K(17024K) NonClass: 14749K(14912K)->14749K(14912K) Class: 2001K(2112K)->2001K(2112K)
[2.595s][info][gc          ] GC(14) Pause Young (Allocation Failure) 19M->18M(45M) 6.053ms
[2.595s][info][gc,cpu      ] GC(14) User=0.00s Sys=0.00s Real=0.01s
[2.611s][info][gc,start    ] GC(15) Pause Young (Allocation Failure)
[2.619s][info][gc,heap     ] GC(15) PSYoungGen: 12256K(12288K)->4585K(10240K) Eden: 7680K(7680K)->0K(5632K) From: 4576K(4608K)->4585K(4608K)
[2.619s][info][gc,heap     ] GC(15) ParOldGen: 14009K(34304K)->20585K(34304K)
[2.619s][info][gc,metaspace] GC(15) Metaspace: 16751K(17024K)->16751K(17024K) NonClass: 14749K(14912K)->14749K(14912K) Class: 2001K(2112K)->2001K(2112K)
[2.619s][info][gc          ] GC(15) Pause Young (Allocation Failure) 25M->24M(43M) 8.671ms
[2.619s][info][gc,cpu      ] GC(15) User=0.00s Sys=0.00s Real=0.01s
[2.634s][info][gc,start    ] GC(16) Pause Young (Allocation Failure)
[2.641s][info][gc,heap     ] GC(16) PSYoungGen: 10217K(10240K)->5566K(11264K) Eden: 5632K(5632K)->0K(5632K) From: 4585K(4608K)->5566K(5632K)
[2.641s][info][gc,heap     ] GC(16) ParOldGen: 20585K(34304K)->24249K(34304K)
[2.641s][info][gc,metaspace] GC(16) Metaspace: 16751K(17024K)->16751K(17024K) NonClass: 14749K(14912K)->14749K(14912K) Class: 2001K(2112K)->2001K(2112K)
[2.641s][info][gc          ] GC(16) Pause Young (Allocation Failure) 30M->29M(44M) 7.460ms
[2.641s][info][gc,cpu      ] GC(16) User=0.05s Sys=0.02s Real=0.01s
[2.654s][info][gc,start    ] GC(17) Pause Young (Allocation Failure)
[2.661s][info][gc,heap     ] GC(17) PSYoungGen: 9873K(11264K)->4224K(11264K) Eden: 4306K(5632K)->0K(5632K) From: 5566K(5632K)->4224K(5632K)
[2.661s][info][gc,heap     ] GC(17) ParOldGen: 24249K(34304K)->31174K(34304K)
[2.661s][info][gc,metaspace] GC(17) Metaspace: 16751K(17024K)->16751K(17024K) NonClass: 14749K(14912K)->14749K(14912K) Class: 2001K(2112K)->2001K(2112K)
[2.661s][info][gc          ] GC(17) Pause Young (Allocation Failure) 33M->34M(44M) 7.271ms
[2.661s][info][gc,cpu      ] GC(17) User=0.00s Sys=0.00s Real=0.01s
[2.661s][info][gc,start    ] GC(18) Pause Full (Ergonomics)
[2.661s][info][gc,phases,start] GC(18) Marking Phase
[2.682s][info][gc,phases      ] GC(18) Marking Phase 21.190ms
[2.682s][info][gc,phases,start] GC(18) Summary Phase
[2.682s][info][gc,phases      ] GC(18) Summary Phase 0.023ms
[2.682s][info][gc,phases,start] GC(18) Adjust Roots
[2.687s][info][gc,phases      ] GC(18) Adjust Roots 4.773ms
[2.687s][info][gc,phases,start] GC(18) Compaction Phase
[2.746s][info][gc,phases      ] GC(18) Compaction Phase 59.001ms
[2.746s][info][gc,phases,start] GC(18) Post Compact
[2.747s][info][gc,phases      ] GC(18) Post Compact 0.313ms
[2.747s][info][gc,heap        ] GC(18) PSYoungGen: 4224K(11264K)->0K(11264K) Eden: 0K(5632K)->0K(5632K) From: 4224K(5632K)->0K(5632K)
[2.747s][info][gc,heap        ] GC(18) ParOldGen: 31174K(34304K)->32974K(34304K)
[2.747s][info][gc,metaspace   ] GC(18) Metaspace: 16751K(17024K)->16751K(17024K) NonClass: 14749K(14912K)->14749K(14912K) Class: 2001K(2112K)->2001K(2112K)
[2.747s][info][gc             ] GC(18) Pause Full (Ergonomics) 34M->32M(44M) 85.617ms
[2.747s][info][gc,cpu         ] GC(18) User=0.34s Sys=0.00s Real=0.09s
[2.757s][info][gc,start       ] GC(19) Pause Full (Ergonomics)
[2.757s][info][gc,phases,start] GC(19) Marking Phase
[2.778s][info][gc,phases      ] GC(19) Marking Phase 21.067ms
[2.778s][info][gc,phases,start] GC(19) Summary Phase
[2.778s][info][gc,phases      ] GC(19) Summary Phase 0.011ms
[2.778s][info][gc,phases,start] GC(19) Adjust Roots
[2.782s][info][gc,phases      ] GC(19) Adjust Roots 4.000ms
[2.782s][info][gc,phases,start] GC(19) Compaction Phase
[2.802s][info][gc,phases      ] GC(19) Compaction Phase 19.117ms
[2.802s][info][gc,phases,start] GC(19) Post Compact
[2.802s][info][gc,phases      ] GC(19) Post Compact 0.131ms
[2.802s][info][gc,heap        ] GC(19) PSYoungGen: 5632K(11264K)->2962K(11264K) Eden: 5632K(5632K)->2962K(5632K) From: 0K(5632K)->0K(5632K)
[2.802s][info][gc,heap        ] GC(19) ParOldGen: 32974K(34304K)->34116K(34304K)
[2.802s][info][gc,metaspace   ] GC(19) Metaspace: 16751K(17024K)->16751K(17024K) NonClass: 14749K(14912K)->14749K(14912K) Class: 2001K(2112K)->2001K(2112K)
[2.802s][info][gc             ] GC(19) Pause Full (Ergonomics) 37M->36M(44M) 44.669ms
[2.802s][info][gc,cpu         ] GC(19) User=0.16s Sys=0.00s Real=0.05s
[2.808s][info][gc,start       ] GC(20) Pause Full (Ergonomics)
[2.808s][info][gc,phases,start] GC(20) Marking Phase
[2.831s][info][gc,phases      ] GC(20) Marking Phase 23.332ms
[2.831s][info][gc,phases,start] GC(20) Summary Phase
[2.831s][info][gc,phases      ] GC(20) Summary Phase 0.012ms
[2.831s][info][gc,phases,start] GC(20) Adjust Roots
[2.834s][info][gc,phases      ] GC(20) Adjust Roots 3.042ms
[2.834s][info][gc,phases,start] GC(20) Compaction Phase
[2.848s][info][gc,phases      ] GC(20) Compaction Phase 13.576ms
[2.848s][info][gc,phases,start] GC(20) Post Compact
[2.848s][info][gc,phases      ] GC(20) Post Compact 0.178ms
[2.848s][info][gc,heap        ] GC(20) PSYoungGen: 5632K(11264K)->5521K(11264K) Eden: 5632K(5632K)->5521K(5632K) From: 0K(5632K)->0K(5632K)
[2.848s][info][gc,heap        ] GC(20) ParOldGen: 34116K(34304K)->34116K(34304K)
[2.848s][info][gc,metaspace   ] GC(20) Metaspace: 16751K(17024K)->16751K(17024K) NonClass: 14749K(14912K)->14749K(14912K) Class: 2001K(2112K)->2001K(2112K)
[2.848s][info][gc             ] GC(20) Pause Full (Ergonomics) 38M->38M(44M) 40.486ms
[2.848s][info][gc,cpu         ] GC(20) User=0.12s Sys=0.00s Real=0.04s
[2.849s][info][gc,start       ] GC(21) Pause Full (Ergonomics)
[2.849s][info][gc,phases,start] GC(21) Marking Phase
[2.871s][info][gc,phases      ] GC(21) Marking Phase 21.722ms
[2.871s][info][gc,phases,start] GC(21) Summary Phase
[2.871s][info][gc,phases      ] GC(21) Summary Phase 0.011ms
[2.871s][info][gc,phases,start] GC(21) Adjust Roots
[2.874s][info][gc,phases      ] GC(21) Adjust Roots 3.074ms
[2.874s][info][gc,phases,start] GC(21) Compaction Phase
[2.882s][info][gc,phases      ] GC(21) Compaction Phase 8.588ms
[2.882s][info][gc,phases,start] GC(21) Post Compact
[2.882s][info][gc,phases      ] GC(21) Post Compact 0.097ms
[2.882s][info][gc,heap        ] GC(21) PSYoungGen: 5632K(11264K)->5629K(11264K) Eden: 5632K(5632K)->5629K(5632K) From: 0K(5632K)->0K(5632K)
[2.882s][info][gc,heap        ] GC(21) ParOldGen: 34116K(34304K)->34116K(34304K)
[2.883s][info][gc,metaspace   ] GC(21) Metaspace: 16751K(17024K)->16751K(17024K) NonClass: 14749K(14912K)->14749K(14912K) Class: 2001K(2112K)->2001K(2112K)
[2.883s][info][gc             ] GC(21) Pause Full (Ergonomics) 38M->38M(44M) 33.849ms
[2.883s][info][gc,cpu         ] GC(21) User=0.09s Sys=0.00s Real=0.03s
[2.883s][info][gc,start       ] GC(22) Pause Full (Ergonomics)
[2.883s][info][gc,phases,start] GC(22) Marking Phase
[2.906s][info][gc,phases      ] GC(22) Marking Phase 23.142ms
[2.906s][info][gc,phases,start] GC(22) Summary Phase
[2.906s][info][gc,phases      ] GC(22) Summary Phase 0.011ms
[2.906s][info][gc,phases,start] GC(22) Adjust Roots
[2.909s][info][gc,phases      ] GC(22) Adjust Roots 3.495ms
[2.910s][info][gc,phases,start] GC(22) Compaction Phase
[2.920s][info][gc,phases      ] GC(22) Compaction Phase 10.162ms
[2.920s][info][gc,phases,start] GC(22) Post Compact
[2.920s][info][gc,phases      ] GC(22) Post Compact 0.096ms
[2.920s][info][gc,heap        ] GC(22) PSYoungGen: 5632K(11264K)->5631K(11264K) Eden: 5632K(5632K)->5631K(5632K) From: 0K(5632K)->0K(5632K)
[2.920s][info][gc,heap        ] GC(22) ParOldGen: 34116K(34304K)->34116K(34304K)
[2.920s][info][gc,metaspace   ] GC(22) Metaspace: 16751K(17024K)->16751K(17024K) NonClass: 14749K(14912K)->14749K(14912K) Class: 2001K(2112K)->2001K(2112K)
[2.920s][info][gc             ] GC(22) Pause Full (Ergonomics) 38M->38M(44M) 37.199ms
[2.920s][info][gc,cpu         ] GC(22) User=0.17s Sys=0.02s Real=0.04s
[2.920s][info][gc,start       ] GC(23) Pause Full (Ergonomics)
[2.920s][info][gc,phases,start] GC(23) Marking Phase
[2.943s][info][gc,phases      ] GC(23) Marking Phase 22.433ms
[2.943s][info][gc,phases,start] GC(23) Summary Phase
[2.943s][info][gc,phases      ] GC(23) Summary Phase 0.011ms
[2.943s][info][gc,phases,start] GC(23) Adjust Roots
[2.946s][info][gc,phases      ] GC(23) Adjust Roots 2.976ms
[2.946s][info][gc,phases,start] GC(23) Compaction Phase
[2.954s][info][gc,phases      ] GC(23) Compaction Phase 8.182ms
[2.954s][info][gc,phases,start] GC(23) Post Compact
[2.954s][info][gc,phases      ] GC(23) Post Compact 0.097ms
[2.954s][info][gc,heap        ] GC(23) PSYoungGen: 5632K(11264K)->5632K(11264K) Eden: 5632K(5632K)->5632K(5632K) From: 0K(5632K)->0K(5632K)
[2.954s][info][gc,heap        ] GC(23) ParOldGen: 34116K(34304K)->34116K(34304K)
[2.954s][info][gc,metaspace   ] GC(23) Metaspace: 16751K(17024K)->16751K(17024K) NonClass: 14749K(14912K)->14749K(14912K) Class: 2001K(2112K)->2001K(2112K)
[2.954s][info][gc             ] GC(23) Pause Full (Ergonomics) 38M->38M(44M) 33.951ms
[2.954s][info][gc,cpu         ] GC(23) User=0.12s Sys=0.00s Real=0.03s
[2.954s][info][gc,start       ] GC(24) Pause Full (Ergonomics)
[2.954s][info][gc,phases,start] GC(24) Marking Phase
[2.977s][info][gc,phases      ] GC(24) Marking Phase 22.975ms
[2.977s][info][gc,phases,start] GC(24) Summary Phase
[2.977s][info][gc,phases      ] GC(24) Summary Phase 0.011ms
[2.977s][info][gc,phases,start] GC(24) Adjust Roots
[2.980s][info][gc,phases      ] GC(24) Adjust Roots 2.999ms
[2.980s][info][gc,phases,start] GC(24) Compaction Phase
[2.990s][info][gc,phases      ] GC(24) Compaction Phase 9.873ms
[2.990s][info][gc,phases,start] GC(24) Post Compact
[2.990s][info][gc,phases      ] GC(24) Post Compact 0.093ms
[2.990s][info][gc,heap        ] GC(24) PSYoungGen: 5632K(11264K)->5632K(11264K) Eden: 5632K(5632K)->5632K(5632K) From: 0K(5632K)->0K(5632K)
[2.990s][info][gc,heap        ] GC(24) ParOldGen: 34117K(34304K)->34117K(34304K)
[2.990s][info][gc,metaspace   ] GC(24) Metaspace: 16751K(17024K)->16751K(17024K) NonClass: 14749K(14912K)->14749K(14912K) Class: 2001K(2112K)->2001K(2112K)
[2.990s][info][gc             ] GC(24) Pause Full (Ergonomics) 38M->38M(44M) 36.215ms
[2.990s][info][gc,cpu         ] GC(24) User=0.09s Sys=0.00s Real=0.04s
[2.991s][info][gc,start       ] GC(25) Pause Full (Ergonomics)
[2.991s][info][gc,phases,start] GC(25) Marking Phase
[3.012s][info][gc,phases      ] GC(25) Marking Phase 20.991ms
[3.012s][info][gc,phases,start] GC(25) Summary Phase
[3.012s][info][gc,phases      ] GC(25) Summary Phase 0.011ms
[3.012s][info][gc,phases,start] GC(25) Adjust Roots
[3.015s][info][gc,phases      ] GC(25) Adjust Roots 3.015ms
[3.015s][info][gc,phases,start] GC(25) Compaction Phase
[3.025s][info][gc,phases      ] GC(25) Compaction Phase 9.966ms
[3.025s][info][gc,phases,start] GC(25) Post Compact
[3.025s][info][gc,phases      ] GC(25) Post Compact 0.103ms
[3.025s][info][gc,heap        ] GC(25) PSYoungGen: 5632K(11264K)->5632K(11264K) Eden: 5632K(5632K)->5632K(5632K) From: 0K(5632K)->0K(5632K)
[3.025s][info][gc,heap        ] GC(25) ParOldGen: 34119K(34304K)->34119K(34304K)
[3.025s][info][gc,metaspace   ] GC(25) Metaspace: 16751K(17024K)->16751K(17024K) NonClass: 14749K(14912K)->14749K(14912K) Class: 2001K(2112K)->2001K(2112K)
[3.025s][info][gc             ] GC(25) Pause Full (Ergonomics) 38M->38M(44M) 34.381ms
[3.025s][info][gc,cpu         ] GC(25) User=0.09s Sys=0.00s Real=0.03s
[3.025s][info][gc,start       ] GC(26) Pause Full (Ergonomics)
[3.025s][info][gc,phases,start] GC(26) Marking Phase
[3.048s][info][gc,phases      ] GC(26) Marking Phase 22.740ms
[3.048s][info][gc,phases,start] GC(26) Summary Phase
[3.048s][info][gc,phases      ] GC(26) Summary Phase 0.011ms
[3.048s][info][gc,phases,start] GC(26) Adjust Roots
[3.051s][info][gc,phases      ] GC(26) Adjust Roots 3.071ms
[3.051s][info][gc,phases,start] GC(26) Compaction Phase
[3.060s][info][gc,phases      ] GC(26) Compaction Phase 8.711ms
[3.060s][info][gc,phases,start] GC(26) Post Compact
[3.060s][info][gc,phases      ] GC(26) Post Compact 0.108ms
[3.060s][info][gc,heap        ] GC(26) PSYoungGen: 5632K(11264K)->5632K(11264K) Eden: 5632K(5632K)->5632K(5632K) From: 0K(5632K)->0K(5632K)
[3.060s][info][gc,heap        ] GC(26) ParOldGen: 34121K(34304K)->34121K(34304K)
[3.060s][info][gc,metaspace   ] GC(26) Metaspace: 16751K(17024K)->16751K(17024K) NonClass: 14749K(14912K)->14749K(14912K) Class: 2001K(2112K)->2001K(2112K)
[3.060s][info][gc             ] GC(26) Pause Full (Ergonomics) 38M->38M(44M) 34.906ms
[3.060s][info][gc,cpu         ] GC(26) User=0.19s Sys=0.00s Real=0.03s
[3.060s][info][gc,start       ] GC(27) Pause Full (Ergonomics)
[3.060s][info][gc,phases,start] GC(27) Marking Phase
[3.087s][info][gc,phases      ] GC(27) Marking Phase 26.660ms
[3.087s][info][gc,phases,start] GC(27) Summary Phase
[3.087s][info][gc,phases      ] GC(27) Summary Phase 0.012ms
[3.087s][info][gc,phases,start] GC(27) Adjust Roots
[3.090s][info][gc,phases      ] GC(27) Adjust Roots 3.292ms
[3.090s][info][gc,phases,start] GC(27) Compaction Phase
[3.102s][info][gc,phases      ] GC(27) Compaction Phase 11.164ms
[3.102s][info][gc,phases,start] GC(27) Post Compact
[3.102s][info][gc,phases      ] GC(27) Post Compact 0.129ms
[3.102s][info][gc,heap        ] GC(27) PSYoungGen: 5632K(11264K)->5632K(11264K) Eden: 5632K(5632K)->5632K(5632K) From: 0K(5632K)->0K(5632K)
[3.102s][info][gc,heap        ] GC(27) ParOldGen: 34123K(34304K)->34123K(34304K)
[3.102s][info][gc,metaspace   ] GC(27) Metaspace: 16751K(17024K)->16751K(17024K) NonClass: 14749K(14912K)->14749K(14912K) Class: 2001K(2112K)->2001K(2112K)
[3.102s][info][gc             ] GC(27) Pause Full (Ergonomics) 38M->38M(44M) 41.574ms
[3.102s][info][gc,cpu         ] GC(27) User=0.09s Sys=0.00s Real=0.04s
[3.102s][info][gc,start       ] GC(28) Pause Full (Ergonomics)
[3.102s][info][gc,phases,start] GC(28) Marking Phase
[3.125s][info][gc,phases      ] GC(28) Marking Phase 23.440ms
[3.125s][info][gc,phases,start] GC(28) Summary Phase
[3.125s][info][gc,phases      ] GC(28) Summary Phase 0.013ms
[3.125s][info][gc,phases,start] GC(28) Adjust Roots
[3.129s][info][gc,phases      ] GC(28) Adjust Roots 3.360ms
[3.129s][info][gc,phases,start] GC(28) Compaction Phase
[3.138s][info][gc,phases      ] GC(28) Compaction Phase 9.324ms
[3.138s][info][gc,phases,start] GC(28) Post Compact
[3.138s][info][gc,phases      ] GC(28) Post Compact 0.098ms
[3.138s][info][gc,heap        ] GC(28) PSYoungGen: 5632K(11264K)->5632K(11264K) Eden: 5632K(5632K)->5632K(5632K) From: 0K(5632K)->0K(5632K)
[3.138s][info][gc,heap        ] GC(28) ParOldGen: 34124K(34304K)->34124K(34304K)
[3.138s][info][gc,metaspace   ] GC(28) Metaspace: 16751K(17024K)->16751K(17024K) NonClass: 14749K(14912K)->14749K(14912K) Class: 2001K(2112K)->2001K(2112K)
[3.138s][info][gc             ] GC(28) Pause Full (Ergonomics) 38M->38M(44M) 36.541ms
[3.138s][info][gc,cpu         ] GC(28) User=0.19s Sys=0.00s Real=0.04s
[3.139s][info][gc,start       ] GC(29) Pause Full (Ergonomics)
[3.139s][info][gc,phases,start] GC(29) Marking Phase
[3.162s][info][gc,phases      ] GC(29) Marking Phase 23.585ms
[3.162s][info][gc,phases,start] GC(29) Summary Phase
[3.162s][info][gc,phases      ] GC(29) Summary Phase 0.012ms
[3.162s][info][gc,phases,start] GC(29) Adjust Roots
[3.166s][info][gc,phases      ] GC(29) Adjust Roots 3.361ms
[3.166s][info][gc,phases,start] GC(29) Compaction Phase
[3.174s][info][gc,phases      ] GC(29) Compaction Phase 8.349ms
[3.174s][info][gc,phases,start] GC(29) Post Compact
[3.174s][info][gc,phases      ] GC(29) Post Compact 0.111ms
[3.174s][info][gc,heap        ] GC(29) PSYoungGen: 5632K(11264K)->5632K(11264K) Eden: 5632K(5632K)->5632K(5632K) From: 0K(5632K)->0K(5632K)
[3.174s][info][gc,heap        ] GC(29) ParOldGen: 34126K(34304K)->34126K(34304K)
[3.174s][info][gc,metaspace   ] GC(29) Metaspace: 16751K(17024K)->16751K(17024K) NonClass: 14749K(14912K)->14749K(14912K) Class: 2001K(2112K)->2001K(2112K)
[3.174s][info][gc             ] GC(29) Pause Full (Ergonomics) 38M->38M(44M) 35.727ms
[3.174s][info][gc,cpu         ] GC(29) User=0.12s Sys=0.00s Real=0.04s
[3.175s][info][gc,start       ] GC(30) Pause Full (Ergonomics)
[3.175s][info][gc,phases,start] GC(30) Marking Phase
[3.201s][info][gc,phases      ] GC(30) Marking Phase 26.659ms
[3.201s][info][gc,phases,start] GC(30) Summary Phase
[3.201s][info][gc,phases      ] GC(30) Summary Phase 0.014ms
[3.201s][info][gc,phases,start] GC(30) Adjust Roots
[3.205s][info][gc,phases      ] GC(30) Adjust Roots 3.849ms
[3.205s][info][gc,phases,start] GC(30) Compaction Phase
[3.214s][info][gc,phases      ] GC(30) Compaction Phase 8.442ms
[3.214s][info][gc,phases,start] GC(30) Post Compact
[3.214s][info][gc,phases      ] GC(30) Post Compact 0.104ms
[3.214s][info][gc,heap        ] GC(30) PSYoungGen: 5632K(11264K)->5632K(11264K) Eden: 5632K(5632K)->5632K(5632K) From: 0K(5632K)->0K(5632K)
[3.214s][info][gc,heap        ] GC(30) ParOldGen: 34128K(34304K)->34128K(34304K)
[3.214s][info][gc,metaspace   ] GC(30) Metaspace: 16751K(17024K)->16751K(17024K) NonClass: 14749K(14912K)->14749K(14912K) Class: 2001K(2112K)->2001K(2112K)
[3.214s][info][gc             ] GC(30) Pause Full (Ergonomics) 38M->38M(44M) 39.420ms
[3.214s][info][gc,cpu         ] GC(30) User=0.16s Sys=0.00s Real=0.04s
[3.214s][info][gc,start       ] GC(31) Pause Full (Ergonomics)
[3.214s][info][gc,phases,start] GC(31) Marking Phase
[3.238s][info][gc,phases      ] GC(31) Marking Phase 23.471ms
[3.238s][info][gc,phases,start] GC(31) Summary Phase
[3.238s][info][gc,phases      ] GC(31) Summary Phase 0.012ms
[3.238s][info][gc,phases,start] GC(31) Adjust Roots
[3.241s][info][gc,phases      ] GC(31) Adjust Roots 3.241ms
[3.241s][info][gc,phases,start] GC(31) Compaction Phase
[3.251s][info][gc,phases      ] GC(31) Compaction Phase 10.370ms
[3.251s][info][gc,phases,start] GC(31) Post Compact
[3.252s][info][gc,phases      ] GC(31) Post Compact 0.107ms
[3.252s][info][gc,heap        ] GC(31) PSYoungGen: 5632K(11264K)->5632K(11264K) Eden: 5632K(5632K)->5632K(5632K) From: 0K(5632K)->0K(5632K)
[3.252s][info][gc,heap        ] GC(31) ParOldGen: 34130K(34304K)->34130K(34304K)
[3.252s][info][gc,metaspace   ] GC(31) Metaspace: 16751K(17024K)->16751K(17024K) NonClass: 14749K(14912K)->14749K(14912K) Class: 2001K(2112K)->2001K(2112K)
[3.252s][info][gc             ] GC(31) Pause Full (Ergonomics) 38M->38M(44M) 37.506ms
[3.252s][info][gc,cpu         ] GC(31) User=0.12s Sys=0.00s Real=0.04s
[3.252s][info][gc,start       ] GC(32) Pause Full (Ergonomics)
[3.252s][info][gc,phases,start] GC(32) Marking Phase
[3.276s][info][gc,phases      ] GC(32) Marking Phase 24.497ms
[3.276s][info][gc,phases,start] GC(32) Summary Phase
[3.276s][info][gc,phases      ] GC(32) Summary Phase 0.018ms
[3.276s][info][gc,phases,start] GC(32) Adjust Roots
[3.280s][info][gc,phases      ] GC(32) Adjust Roots 3.356ms
[3.280s][info][gc,phases,start] GC(32) Compaction Phase
[3.288s][info][gc,phases      ] GC(32) Compaction Phase 8.063ms
[3.288s][info][gc,phases,start] GC(32) Post Compact
[3.288s][info][gc,phases      ] GC(32) Post Compact 0.100ms
[3.288s][info][gc,heap        ] GC(32) PSYoungGen: 5632K(11264K)->5632K(11264K) Eden: 5632K(5632K)->5632K(5632K) From: 0K(5632K)->0K(5632K)
[3.288s][info][gc,heap        ] GC(32) ParOldGen: 34131K(34304K)->34131K(34304K)
[3.288s][info][gc,metaspace   ] GC(32) Metaspace: 16751K(17024K)->16751K(17024K) NonClass: 14749K(14912K)->14749K(14912K) Class: 2001K(2112K)->2001K(2112K)
[3.288s][info][gc             ] GC(32) Pause Full (Ergonomics) 38M->38M(44M) 36.286ms
[3.288s][info][gc,cpu         ] GC(32) User=0.09s Sys=0.00s Real=0.04s
[3.288s][info][gc,start       ] GC(33) Pause Full (Ergonomics)
[3.288s][info][gc,phases,start] GC(33) Marking Phase
[3.313s][info][gc,phases      ] GC(33) Marking Phase 24.955ms
[3.313s][info][gc,phases,start] GC(33) Summary Phase
[3.313s][info][gc,phases      ] GC(33) Summary Phase 0.012ms
[3.313s][info][gc,phases,start] GC(33) Adjust Roots
[3.317s][info][gc,phases      ] GC(33) Adjust Roots 3.291ms
[3.317s][info][gc,phases,start] GC(33) Compaction Phase
[3.325s][info][gc,phases      ] GC(33) Compaction Phase 8.027ms
[3.325s][info][gc,phases,start] GC(33) Post Compact
[3.325s][info][gc,phases      ] GC(33) Post Compact 0.100ms
[3.325s][info][gc,heap        ] GC(33) PSYoungGen: 5632K(11264K)->5632K(11264K) Eden: 5632K(5632K)->5632K(5632K) From: 0K(5632K)->0K(5632K)
[3.325s][info][gc,heap        ] GC(33) ParOldGen: 34133K(34304K)->34133K(34304K)
[3.325s][info][gc,metaspace   ] GC(33) Metaspace: 16751K(17024K)->16751K(17024K) NonClass: 14749K(14912K)->14749K(14912K) Class: 2001K(2112K)->2001K(2112K)
[3.325s][info][gc             ] GC(33) Pause Full (Ergonomics) 38M->38M(44M) 36.619ms
[3.325s][info][gc,cpu         ] GC(33) User=0.19s Sys=0.00s Real=0.04s
[3.325s][info][gc,start       ] GC(34) Pause Full (Ergonomics)
[3.325s][info][gc,phases,start] GC(34) Marking Phase
[3.350s][info][gc,phases      ] GC(34) Marking Phase 25.193ms
[3.350s][info][gc,phases,start] GC(34) Summary Phase
[3.350s][info][gc,phases      ] GC(34) Summary Phase 0.013ms
[3.350s][info][gc,phases,start] GC(34) Adjust Roots
[3.354s][info][gc,phases      ] GC(34) Adjust Roots 3.421ms
[3.354s][info][gc,phases,start] GC(34) Compaction Phase
[3.364s][info][gc,phases      ] GC(34) Compaction Phase 9.685ms
[3.364s][info][gc,phases,start] GC(34) Post Compact
[3.364s][info][gc,phases      ] GC(34) Post Compact 0.109ms
[3.364s][info][gc,heap        ] GC(34) PSYoungGen: 5632K(11264K)->5632K(11264K) Eden: 5632K(5632K)->5632K(5632K) From: 0K(5632K)->0K(5632K)
[3.364s][info][gc,heap        ] GC(34) ParOldGen: 34135K(34304K)->34135K(34304K)
[3.364s][info][gc,metaspace   ] GC(34) Metaspace: 16751K(17024K)->16751K(17024K) NonClass: 14749K(14912K)->14749K(14912K) Class: 2001K(2112K)->2001K(2112K)
[3.364s][info][gc             ] GC(34) Pause Full (Ergonomics) 38M->38M(44M) 38.685ms
[3.364s][info][gc,cpu         ] GC(34) User=0.12s Sys=0.00s Real=0.04s
[3.364s][info][gc,start       ] GC(35) Pause Full (Ergonomics)
[3.364s][info][gc,phases,start] GC(35) Marking Phase
[3.391s][info][gc,phases      ] GC(35) Marking Phase 27.036ms
[3.391s][info][gc,phases,start] GC(35) Summary Phase
[3.391s][info][gc,phases      ] GC(35) Summary Phase 0.013ms
[3.391s][info][gc,phases,start] GC(35) Adjust Roots
[3.395s][info][gc,phases      ] GC(35) Adjust Roots 3.391ms
[3.395s][info][gc,phases,start] GC(35) Compaction Phase
[3.403s][info][gc,phases      ] GC(35) Compaction Phase 8.839ms
[3.404s][info][gc,phases,start] GC(35) Post Compact
[3.404s][info][gc,phases      ] GC(35) Post Compact 0.096ms
[3.404s][info][gc,heap        ] GC(35) PSYoungGen: 5632K(11264K)->5632K(11264K) Eden: 5632K(5632K)->5632K(5632K) From: 0K(5632K)->0K(5632K)
[3.404s][info][gc,heap        ] GC(35) ParOldGen: 34137K(34304K)->34137K(34304K)
[3.404s][info][gc,metaspace   ] GC(35) Metaspace: 16751K(17024K)->16751K(17024K) NonClass: 14749K(14912K)->14749K(14912K) Class: 2001K(2112K)->2001K(2112K)
[3.404s][info][gc             ] GC(35) Pause Full (Ergonomics) 38M->38M(44M) 39.948ms
[3.404s][info][gc,cpu         ] GC(35) User=0.19s Sys=0.00s Real=0.04s
[3.404s][info][gc,start       ] GC(36) Pause Full (Ergonomics)
[3.404s][info][gc,phases,start] GC(36) Marking Phase
[3.428s][info][gc,phases      ] GC(36) Marking Phase 23.720ms
[3.428s][info][gc,phases,start] GC(36) Summary Phase
[3.428s][info][gc,phases      ] GC(36) Summary Phase 0.012ms
[3.428s][info][gc,phases,start] GC(36) Adjust Roots
[3.431s][info][gc,phases      ] GC(36) Adjust Roots 3.344ms
[3.431s][info][gc,phases,start] GC(36) Compaction Phase
[3.442s][info][gc,phases      ] GC(36) Compaction Phase 10.511ms
[3.442s][info][gc,phases,start] GC(36) Post Compact
[3.442s][info][gc,phases      ] GC(36) Post Compact 0.124ms
[3.442s][info][gc,heap        ] GC(36) PSYoungGen: 5632K(11264K)->5632K(11264K) Eden: 5632K(5632K)->5632K(5632K) From: 0K(5632K)->0K(5632K)
[3.442s][info][gc,heap        ] GC(36) ParOldGen: 34138K(34304K)->34138K(34304K)
[3.442s][info][gc,metaspace   ] GC(36) Metaspace: 16751K(17024K)->16751K(17024K) NonClass: 14749K(14912K)->14749K(14912K) Class: 2001K(2112K)->2001K(2112K)
[3.442s][info][gc             ] GC(36) Pause Full (Ergonomics) 38M->38M(44M) 38.012ms
[3.442s][info][gc,cpu         ] GC(36) User=0.12s Sys=0.00s Real=0.04s
[3.442s][info][gc,start       ] GC(37) Pause Full (Ergonomics)
[3.442s][info][gc,phases,start] GC(37) Marking Phase
[3.468s][info][gc,phases      ] GC(37) Marking Phase 25.500ms
[3.468s][info][gc,phases,start] GC(37) Summary Phase
[3.468s][info][gc,phases      ] GC(37) Summary Phase 0.017ms
[3.468s][info][gc,phases,start] GC(37) Adjust Roots
[3.471s][info][gc,phases      ] GC(37) Adjust Roots 3.290ms
[3.471s][info][gc,phases,start] GC(37) Compaction Phase
[3.479s][info][gc,phases      ] GC(37) Compaction Phase 8.076ms
[3.480s][info][gc,phases,start] GC(37) Post Compact
[3.480s][info][gc,phases      ] GC(37) Post Compact 0.099ms
[3.480s][info][gc,heap        ] GC(37) PSYoungGen: 5632K(11264K)->5632K(11264K) Eden: 5632K(5632K)->5632K(5632K) From: 0K(5632K)->0K(5632K)
[3.480s][info][gc,heap        ] GC(37) ParOldGen: 34140K(34304K)->34140K(34304K)
[3.480s][info][gc,metaspace   ] GC(37) Metaspace: 16751K(17024K)->16751K(17024K) NonClass: 14749K(14912K)->14749K(14912K) Class: 2001K(2112K)->2001K(2112K)
[3.480s][info][gc             ] GC(37) Pause Full (Ergonomics) 38M->38M(44M) 37.291ms
[3.480s][info][gc,cpu         ] GC(37) User=0.16s Sys=0.00s Real=0.04s
[3.480s][info][gc,start       ] GC(38) Pause Full (Ergonomics)
[3.480s][info][gc,phases,start] GC(38) Marking Phase
[3.505s][info][gc,phases      ] GC(38) Marking Phase 25.360ms
[3.505s][info][gc,phases,start] GC(38) Summary Phase
[3.505s][info][gc,phases      ] GC(38) Summary Phase 0.013ms
[3.505s][info][gc,phases,start] GC(38) Adjust Roots
[3.509s][info][gc,phases      ] GC(38) Adjust Roots 3.328ms
[3.509s][info][gc,phases,start] GC(38) Compaction Phase
[3.517s][info][gc,phases      ] GC(38) Compaction Phase 8.160ms
[3.517s][info][gc,phases,start] GC(38) Post Compact
[3.517s][info][gc,phases      ] GC(38) Post Compact 0.118ms
[3.517s][info][gc,heap        ] GC(38) PSYoungGen: 5632K(11264K)->5632K(11264K) Eden: 5632K(5632K)->5632K(5632K) From: 0K(5632K)->0K(5632K)
[3.517s][info][gc,heap        ] GC(38) ParOldGen: 34142K(34304K)->34142K(34304K)
[3.517s][info][gc,metaspace   ] GC(38) Metaspace: 16751K(17024K)->16751K(17024K) NonClass: 14749K(14912K)->14749K(14912K) Class: 2001K(2112K)->2001K(2112K)
[3.517s][info][gc             ] GC(38) Pause Full (Ergonomics) 38M->38M(44M) 37.300ms
[3.517s][info][gc,cpu         ] GC(38) User=0.12s Sys=0.00s Real=0.04s
[3.522s][info][gc,start       ] GC(39) Pause Full (Ergonomics)
[3.522s][info][gc,phases,start] GC(39) Marking Phase
[3.546s][info][gc,phases      ] GC(39) Marking Phase 23.984ms
[3.546s][info][gc,phases,start] GC(39) Summary Phase
[3.546s][info][gc,phases      ] GC(39) Summary Phase 0.012ms
[3.546s][info][gc,phases,start] GC(39) Adjust Roots
[3.549s][info][gc,phases      ] GC(39) Adjust Roots 3.711ms
[3.549s][info][gc,phases,start] GC(39) Compaction Phase
[3.561s][info][gc,phases      ] GC(39) Compaction Phase 11.407ms
[3.561s][info][gc,phases,start] GC(39) Post Compact
[3.561s][info][gc,phases      ] GC(39) Post Compact 0.096ms
[3.561s][info][gc,heap        ] GC(39) PSYoungGen: 5632K(11264K)->5632K(11264K) Eden: 5632K(5632K)->5632K(5632K) From: 0K(5632K)->0K(5632K)
[3.561s][info][gc,heap        ] GC(39) ParOldGen: 34144K(34304K)->34144K(34304K)
[3.561s][info][gc,metaspace   ] GC(39) Metaspace: 16751K(17024K)->16751K(17024K) NonClass: 14749K(14912K)->14749K(14912K) Class: 2001K(2112K)->2001K(2112K)
[3.561s][info][gc             ] GC(39) Pause Full (Ergonomics) 38M->38M(44M) 39.572ms
[3.561s][info][gc,cpu         ] GC(39) User=0.16s Sys=0.00s Real=0.04s
[3.561s][info][gc,start       ] GC(40) Pause Full (Ergonomics)
[3.561s][info][gc,phases,start] GC(40) Marking Phase
[3.587s][info][gc,phases      ] GC(40) Marking Phase 25.401ms
[3.587s][info][gc,phases,start] GC(40) Summary Phase
[3.587s][info][gc,phases      ] GC(40) Summary Phase 0.012ms
[3.587s][info][gc,phases,start] GC(40) Adjust Roots
[3.590s][info][gc,phases      ] GC(40) Adjust Roots 3.246ms
[3.590s][info][gc,phases,start] GC(40) Compaction Phase
[3.602s][info][gc,phases      ] GC(40) Compaction Phase 11.857ms
[3.602s][info][gc,phases,start] GC(40) Post Compact
[3.602s][info][gc,phases      ] GC(40) Post Compact 0.104ms
[3.602s][info][gc,heap        ] GC(40) PSYoungGen: 5632K(11264K)->5632K(11264K) Eden: 5632K(5632K)->5632K(5632K) From: 0K(5632K)->0K(5632K)
[3.602s][info][gc,heap        ] GC(40) ParOldGen: 34145K(34304K)->34145K(34304K)
[3.602s][info][gc,metaspace   ] GC(40) Metaspace: 16751K(17024K)->16751K(17024K) NonClass: 14749K(14912K)->14749K(14912K) Class: 2001K(2112K)->2001K(2112K)
[3.602s][info][gc             ] GC(40) Pause Full (Ergonomics) 38M->38M(44M) 40.911ms
[3.602s][info][gc,cpu         ] GC(40) User=0.09s Sys=0.00s Real=0.04s
[3.603s][info][gc,start       ] GC(41) Pause Full (Ergonomics)
[3.603s][info][gc,phases,start] GC(41) Marking Phase
[3.630s][info][gc,phases      ] GC(41) Marking Phase 26.998ms
[3.630s][info][gc,phases,start] GC(41) Summary Phase
[3.630s][info][gc,phases      ] GC(41) Summary Phase 0.011ms
[3.630s][info][gc,phases,start] GC(41) Adjust Roots
[3.633s][info][gc,phases      ] GC(41) Adjust Roots 3.216ms
[3.633s][info][gc,phases,start] GC(41) Compaction Phase
[3.641s][info][gc,phases      ] GC(41) Compaction Phase 8.340ms
[3.641s][info][gc,phases,start] GC(41) Post Compact
[3.641s][info][gc,phases      ] GC(41) Post Compact 0.093ms
[3.641s][info][gc,heap        ] GC(41) PSYoungGen: 5632K(11264K)->5632K(11264K) Eden: 5632K(5632K)->5632K(5632K) From: 0K(5632K)->0K(5632K)
[3.641s][info][gc,heap        ] GC(41) ParOldGen: 34147K(34304K)->34147K(34304K)
[3.641s][info][gc,metaspace   ] GC(41) Metaspace: 16751K(17024K)->16751K(17024K) NonClass: 14749K(14912K)->14749K(14912K) Class: 2001K(2112K)->2001K(2112K)
[3.641s][info][gc             ] GC(41) Pause Full (Ergonomics) 38M->38M(44M) 38.921ms
[3.641s][info][gc,cpu         ] GC(41) User=0.17s Sys=0.00s Real=0.04s
[3.642s][info][gc,start       ] GC(42) Pause Full (Ergonomics)
[3.642s][info][gc,phases,start] GC(42) Marking Phase
[3.665s][info][gc,phases      ] GC(42) Marking Phase 23.380ms
[3.665s][info][gc,phases,start] GC(42) Summary Phase
[3.665s][info][gc,phases      ] GC(42) Summary Phase 0.012ms
[3.665s][info][gc,phases,start] GC(42) Adjust Roots
[3.668s][info][gc,phases      ] GC(42) Adjust Roots 3.208ms
[3.668s][info][gc,phases,start] GC(42) Compaction Phase
[3.679s][info][gc,phases      ] GC(42) Compaction Phase 10.303ms
[3.679s][info][gc,phases,start] GC(42) Post Compact
[3.679s][info][gc,phases      ] GC(42) Post Compact 0.110ms
[3.679s][info][gc,heap        ] GC(42) PSYoungGen: 5632K(11264K)->5632K(11264K) Eden: 5632K(5632K)->5632K(5632K) From: 0K(5632K)->0K(5632K)
[3.679s][info][gc,heap        ] GC(42) ParOldGen: 34149K(34304K)->34149K(34304K)
[3.679s][info][gc,metaspace   ] GC(42) Metaspace: 16751K(17024K)->16751K(17024K) NonClass: 14749K(14912K)->14749K(14912K) Class: 2001K(2112K)->2001K(2112K)
[3.679s][info][gc             ] GC(42) Pause Full (Ergonomics) 38M->38M(44M) 37.318ms
[3.679s][info][gc,cpu         ] GC(42) User=0.09s Sys=0.00s Real=0.04s
[3.679s][info][gc,start       ] GC(43) Pause Full (Ergonomics)
[3.679s][info][gc,phases,start] GC(43) Marking Phase
[3.704s][info][gc,phases      ] GC(43) Marking Phase 24.403ms
[3.704s][info][gc,phases,start] GC(43) Summary Phase
[3.704s][info][gc,phases      ] GC(43) Summary Phase 0.011ms
[3.704s][info][gc,phases,start] GC(43) Adjust Roots
[3.707s][info][gc,phases      ] GC(43) Adjust Roots 3.203ms
[3.707s][info][gc,phases,start] GC(43) Compaction Phase
[3.716s][info][gc,phases      ] GC(43) Compaction Phase 9.091ms
[3.716s][info][gc,phases,start] GC(43) Post Compact
[3.716s][info][gc,phases      ] GC(43) Post Compact 0.094ms
[3.716s][info][gc,heap        ] GC(43) PSYoungGen: 5632K(11264K)->5632K(11264K) Eden: 5632K(5632K)->5632K(5632K) From: 0K(5632K)->0K(5632K)
[3.716s][info][gc,heap        ] GC(43) ParOldGen: 34151K(34304K)->34151K(34304K)
[3.716s][info][gc,metaspace   ] GC(43) Metaspace: 16751K(17024K)->16751K(17024K) NonClass: 14749K(14912K)->14749K(14912K) Class: 2001K(2112K)->2001K(2112K)
[3.716s][info][gc             ] GC(43) Pause Full (Ergonomics) 38M->38M(44M) 37.106ms
[3.716s][info][gc,cpu         ] GC(43) User=0.19s Sys=0.00s Real=0.04s
[3.716s][info][gc,start       ] GC(44) Pause Full (Ergonomics)
[3.716s][info][gc,phases,start] GC(44) Marking Phase
[3.741s][info][gc,phases      ] GC(44) Marking Phase 24.182ms
[3.741s][info][gc,phases,start] GC(44) Summary Phase
[3.741s][info][gc,phases      ] GC(44) Summary Phase 0.012ms
[3.741s][info][gc,phases,start] GC(44) Adjust Roots
[3.744s][info][gc,phases      ] GC(44) Adjust Roots 3.135ms
[3.744s][info][gc,phases,start] GC(44) Compaction Phase
[3.752s][info][gc,phases      ] GC(44) Compaction Phase 8.077ms
[3.752s][info][gc,phases,start] GC(44) Post Compact
[3.752s][info][gc,phases      ] GC(44) Post Compact 0.093ms
[3.752s][info][gc,heap        ] GC(44) PSYoungGen: 5632K(11264K)->5632K(11264K) Eden: 5632K(5632K)->5632K(5632K) From: 0K(5632K)->0K(5632K)
[3.752s][info][gc,heap        ] GC(44) ParOldGen: 34152K(34304K)->34152K(34304K)
[3.752s][info][gc,metaspace   ] GC(44) Metaspace: 16751K(17024K)->16751K(17024K) NonClass: 14749K(14912K)->14749K(14912K) Class: 2001K(2112K)->2001K(2112K)
[3.752s][info][gc             ] GC(44) Pause Full (Ergonomics) 38M->38M(44M) 35.773ms
[3.752s][info][gc,cpu         ] GC(44) User=0.12s Sys=0.00s Real=0.04s
[3.752s][info][gc,start       ] GC(45) Pause Full (Ergonomics)
[3.752s][info][gc,phases,start] GC(45) Marking Phase
[3.777s][info][gc,phases      ] GC(45) Marking Phase 25.063ms
[3.777s][info][gc,phases,start] GC(45) Summary Phase
[3.777s][info][gc,phases      ] GC(45) Summary Phase 0.012ms
[3.777s][info][gc,phases,start] GC(45) Adjust Roots
[3.781s][info][gc,phases      ] GC(45) Adjust Roots 3.242ms
[3.781s][info][gc,phases,start] GC(45) Compaction Phase
[3.792s][info][gc,phases      ] GC(45) Compaction Phase 11.402ms
[3.792s][info][gc,phases,start] GC(45) Post Compact
[3.792s][info][gc,phases      ] GC(45) Post Compact 0.098ms
[3.792s][info][gc,heap        ] GC(45) PSYoungGen: 5632K(11264K)->5632K(11264K) Eden: 5632K(5632K)->5632K(5632K) From: 0K(5632K)->0K(5632K)
[3.792s][info][gc,heap        ] GC(45) ParOldGen: 34154K(34304K)->34154K(34304K)
[3.792s][info][gc,metaspace   ] GC(45) Metaspace: 16751K(17024K)->16751K(17024K) NonClass: 14749K(14912K)->14749K(14912K) Class: 2001K(2112K)->2001K(2112K)
[3.792s][info][gc             ] GC(45) Pause Full (Ergonomics) 38M->38M(44M) 40.111ms
[3.792s][info][gc,cpu         ] GC(45) User=0.14s Sys=0.00s Real=0.04s
[3.793s][info][gc,start       ] GC(46) Pause Full (Ergonomics)
[3.793s][info][gc,phases,start] GC(46) Marking Phase
[3.816s][info][gc,phases      ] GC(46) Marking Phase 23.555ms
[3.816s][info][gc,phases,start] GC(46) Summary Phase
[3.816s][info][gc,phases      ] GC(46) Summary Phase 0.012ms
[3.816s][info][gc,phases,start] GC(46) Adjust Roots
[3.819s][info][gc,phases      ] GC(46) Adjust Roots 3.209ms
[3.819s][info][gc,phases,start] GC(46) Compaction Phase
[3.828s][info][gc,phases      ] GC(46) Compaction Phase 8.326ms
[3.828s][info][gc,phases,start] GC(46) Post Compact
[3.828s][info][gc,phases      ] GC(46) Post Compact 0.094ms
[3.828s][info][gc,heap        ] GC(46) PSYoungGen: 5632K(11264K)->5632K(11264K) Eden: 5632K(5632K)->5632K(5632K) From: 0K(5632K)->0K(5632K)
[3.828s][info][gc,heap        ] GC(46) ParOldGen: 34156K(34304K)->34156K(34304K)
[3.828s][info][gc,metaspace   ] GC(46) Metaspace: 16751K(17024K)->16751K(17024K) NonClass: 14749K(14912K)->14749K(14912K) Class: 2001K(2112K)->2001K(2112K)
[3.828s][info][gc             ] GC(46) Pause Full (Ergonomics) 38M->38M(44M) 35.471ms
[3.828s][info][gc,cpu         ] GC(46) User=0.12s Sys=0.00s Real=0.04s
[3.828s][info][gc,start       ] GC(47) Pause Full (Ergonomics)
[3.828s][info][gc,phases,start] GC(47) Marking Phase
[3.854s][info][gc,phases      ] GC(47) Marking Phase 25.408ms
[3.854s][info][gc,phases,start] GC(47) Summary Phase
[3.854s][info][gc,phases      ] GC(47) Summary Phase 0.012ms
[3.854s][info][gc,phases,start] GC(47) Adjust Roots
[3.857s][info][gc,phases      ] GC(47) Adjust Roots 3.295ms
[3.857s][info][gc,phases,start] GC(47) Compaction Phase
[3.865s][info][gc,phases      ] GC(47) Compaction Phase 8.414ms
[3.866s][info][gc,phases,start] GC(47) Post Compact
[3.866s][info][gc,phases      ] GC(47) Post Compact 0.099ms
[3.866s][info][gc,heap        ] GC(47) PSYoungGen: 5632K(11264K)->5632K(11264K) Eden: 5632K(5632K)->5632K(5632K) From: 0K(5632K)->0K(5632K)
[3.866s][info][gc,heap        ] GC(47) ParOldGen: 34158K(34304K)->34158K(34304K)
[3.866s][info][gc,metaspace   ] GC(47) Metaspace: 16751K(17024K)->16751K(17024K) NonClass: 14749K(14912K)->14749K(14912K) Class: 2001K(2112K)->2001K(2112K)
[3.866s][info][gc             ] GC(47) Pause Full (Ergonomics) 38M->38M(44M) 37.518ms
[3.866s][info][gc,cpu         ] GC(47) User=0.12s Sys=0.00s Real=0.04s
[3.866s][info][gc,start       ] GC(48) Pause Full (Ergonomics)
[3.866s][info][gc,phases,start] GC(48) Marking Phase
[3.889s][info][gc,phases      ] GC(48) Marking Phase 23.125ms
[3.889s][info][gc,phases,start] GC(48) Summary Phase
[3.889s][info][gc,phases      ] GC(48) Summary Phase 0.012ms
[3.889s][info][gc,phases,start] GC(48) Adjust Roots
[3.892s][info][gc,phases      ] GC(48) Adjust Roots 3.192ms
[3.892s][info][gc,phases,start] GC(48) Compaction Phase
[3.902s][info][gc,phases      ] GC(48) Compaction Phase 9.515ms
[3.902s][info][gc,phases,start] GC(48) Post Compact
[3.902s][info][gc,phases      ] GC(48) Post Compact 0.121ms
[3.902s][info][gc,heap        ] GC(48) PSYoungGen: 5632K(11264K)->5632K(11264K) Eden: 5632K(5632K)->5632K(5632K) From: 0K(5632K)->0K(5632K)
[3.902s][info][gc,heap        ] GC(48) ParOldGen: 34159K(34304K)->34159K(34304K)
[3.902s][info][gc,metaspace   ] GC(48) Metaspace: 16751K(17024K)->16751K(17024K) NonClass: 14749K(14912K)->14749K(14912K) Class: 2001K(2112K)->2001K(2112K)
[3.902s][info][gc             ] GC(48) Pause Full (Ergonomics) 38M->38M(44M) 36.274ms
[3.902s][info][gc,cpu         ] GC(48) User=0.12s Sys=0.00s Real=0.04s
[3.903s][info][gc,start       ] GC(49) Pause Full (Ergonomics)
[3.903s][info][gc,phases,start] GC(49) Marking Phase
[3.928s][info][gc,phases      ] GC(49) Marking Phase 25.783ms
[3.928s][info][gc,phases,start] GC(49) Summary Phase
[3.928s][info][gc,phases      ] GC(49) Summary Phase 0.012ms
[3.928s][info][gc,phases,start] GC(49) Adjust Roots
[3.932s][info][gc,phases      ] GC(49) Adjust Roots 3.154ms
[3.932s][info][gc,phases,start] GC(49) Compaction Phase
[3.941s][info][gc,phases      ] GC(49) Compaction Phase 9.051ms
[3.941s][info][gc,phases,start] GC(49) Post Compact
[3.941s][info][gc,phases      ] GC(49) Post Compact 0.104ms
[3.941s][info][gc,heap        ] GC(49) PSYoungGen: 5632K(11264K)->5632K(11264K) Eden: 5632K(5632K)->5632K(5632K) From: 0K(5632K)->0K(5632K)
[3.941s][info][gc,heap        ] GC(49) ParOldGen: 34161K(34304K)->34161K(34304K)
[3.941s][info][gc,metaspace   ] GC(49) Metaspace: 16751K(17024K)->16751K(17024K) NonClass: 14749K(14912K)->14749K(14912K) Class: 2001K(2112K)->2001K(2112K)
[3.941s][info][gc             ] GC(49) Pause Full (Ergonomics) 38M->38M(44M) 38.396ms
[3.941s][info][gc,cpu         ] GC(49) User=0.12s Sys=0.00s Real=0.04s
[3.941s][info][gc,start       ] GC(50) Pause Full (Ergonomics)
[3.941s][info][gc,phases,start] GC(50) Marking Phase
[3.964s][info][gc,phases      ] GC(50) Marking Phase 22.875ms
[3.964s][info][gc,phases,start] GC(50) Summary Phase
[3.964s][info][gc,phases      ] GC(50) Summary Phase 0.012ms
[3.964s][info][gc,phases,start] GC(50) Adjust Roots
[3.967s][info][gc,phases      ] GC(50) Adjust Roots 3.153ms
[3.967s][info][gc,phases,start] GC(50) Compaction Phase
[3.975s][info][gc,phases      ] GC(50) Compaction Phase 7.815ms
[3.975s][info][gc,phases,start] GC(50) Post Compact
[3.975s][info][gc,phases      ] GC(50) Post Compact 0.092ms
[3.975s][info][gc,heap        ] GC(50) PSYoungGen: 5632K(11264K)->5632K(11264K) Eden: 5632K(5632K)->5632K(5632K) From: 0K(5632K)->0K(5632K)
[3.975s][info][gc,heap        ] GC(50) ParOldGen: 34163K(34304K)->34163K(34304K)
[3.975s][info][gc,metaspace   ] GC(50) Metaspace: 16751K(17024K)->16751K(17024K) NonClass: 14749K(14912K)->14749K(14912K) Class: 2001K(2112K)->2001K(2112K)
[3.975s][info][gc             ] GC(50) Pause Full (Ergonomics) 38M->38M(44M) 34.237ms
[3.975s][info][gc,cpu         ] GC(50) User=0.08s Sys=0.00s Real=0.03s
[3.975s][info][gc,start       ] GC(51) Pause Full (Ergonomics)
[3.976s][info][gc,phases,start] GC(51) Marking Phase
[3.997s][info][gc,phases      ] GC(51) Marking Phase 21.605ms
[3.997s][info][gc,phases,start] GC(51) Summary Phase
[3.997s][info][gc,phases      ] GC(51) Summary Phase 0.011ms
[3.997s][info][gc,phases,start] GC(51) Adjust Roots
[4.000s][info][gc,phases      ] GC(51) Adjust Roots 3.084ms
[4.000s][info][gc,phases,start] GC(51) Compaction Phase
[4.008s][info][gc,phases      ] GC(51) Compaction Phase 7.676ms
[4.008s][info][gc,phases,start] GC(51) Post Compact
[4.008s][info][gc,phases      ] GC(51) Post Compact 0.093ms
[4.008s][info][gc,heap        ] GC(51) PSYoungGen: 5632K(11264K)->5632K(11264K) Eden: 5632K(5632K)->5632K(5632K) From: 0K(5632K)->0K(5632K)
[4.008s][info][gc,heap        ] GC(51) ParOldGen: 34165K(34304K)->34165K(34304K)
[4.008s][info][gc,metaspace   ] GC(51) Metaspace: 16751K(17024K)->16751K(17024K) NonClass: 14749K(14912K)->14749K(14912K) Class: 2001K(2112K)->2001K(2112K)
[4.008s][info][gc             ] GC(51) Pause Full (Ergonomics) 38M->38M(44M) 32.759ms
[4.008s][info][gc,cpu         ] GC(51) User=0.08s Sys=0.00s Real=0.03s
[4.008s][info][gc,start       ] GC(52) Pause Full (Ergonomics)
[4.008s][info][gc,phases,start] GC(52) Marking Phase
[4.032s][info][gc,phases      ] GC(52) Marking Phase 23.594ms
[4.032s][info][gc,phases,start] GC(52) Summary Phase
[4.032s][info][gc,phases      ] GC(52) Summary Phase 0.011ms
[4.032s][info][gc,phases,start] GC(52) Adjust Roots
[4.036s][info][gc,phases      ] GC(52) Adjust Roots 3.421ms
[4.036s][info][gc,phases,start] GC(52) Compaction Phase
[4.044s][info][gc,phases      ] GC(52) Compaction Phase 8.008ms
[4.044s][info][gc,phases,start] GC(52) Post Compact
[4.044s][info][gc,phases      ] GC(52) Post Compact 0.124ms
[4.044s][info][gc,heap        ] GC(52) PSYoungGen: 5632K(11264K)->5632K(11264K) Eden: 5632K(5632K)->5632K(5632K) From: 0K(5632K)->0K(5632K)
[4.044s][info][gc,heap        ] GC(52) ParOldGen: 34166K(34304K)->34166K(34304K)
[4.044s][info][gc,metaspace   ] GC(52) Metaspace: 16751K(17024K)->16751K(17024K) NonClass: 14749K(14912K)->14749K(14912K) Class: 2001K(2112K)->2001K(2112K)
[4.044s][info][gc             ] GC(52) Pause Full (Ergonomics) 38M->38M(44M) 35.434ms
[4.044s][info][gc,cpu         ] GC(52) User=0.19s Sys=0.00s Real=0.04s
[4.044s][info][gc,start       ] GC(53) Pause Full (Ergonomics)
[4.044s][info][gc,phases,start] GC(53) Marking Phase
[4.067s][info][gc,phases      ] GC(53) Marking Phase 22.714ms
[4.067s][info][gc,phases,start] GC(53) Summary Phase
[4.067s][info][gc,phases      ] GC(53) Summary Phase 0.012ms
[4.067s][info][gc,phases,start] GC(53) Adjust Roots
[4.070s][info][gc,phases      ] GC(53) Adjust Roots 3.119ms
[4.070s][info][gc,phases,start] GC(53) Compaction Phase
[4.078s][info][gc,phases      ] GC(53) Compaction Phase 7.501ms
[4.078s][info][gc,phases,start] GC(53) Post Compact
[4.078s][info][gc,phases      ] GC(53) Post Compact 0.097ms
[4.078s][info][gc,heap        ] GC(53) PSYoungGen: 5632K(11264K)->5632K(11264K) Eden: 5632K(5632K)->5632K(5632K) From: 0K(5632K)->0K(5632K)
[4.078s][info][gc,heap        ] GC(53) ParOldGen: 34168K(34304K)->34168K(34304K)
[4.078s][info][gc,metaspace   ] GC(53) Metaspace: 16751K(17024K)->16751K(17024K) NonClass: 14749K(14912K)->14749K(14912K) Class: 2001K(2112K)->2001K(2112K)
[4.078s][info][gc             ] GC(53) Pause Full (Ergonomics) 38M->38M(44M) 33.725ms
[4.078s][info][gc,cpu         ] GC(53) User=0.12s Sys=0.00s Real=0.03s
[4.078s][info][gc,start       ] GC(54) Pause Full (Ergonomics)
[4.078s][info][gc,phases,start] GC(54) Marking Phase
[4.100s][info][gc,phases      ] GC(54) Marking Phase 22.218ms
[4.100s][info][gc,phases,start] GC(54) Summary Phase
[4.100s][info][gc,phases      ] GC(54) Summary Phase 0.013ms
[4.100s][info][gc,phases,start] GC(54) Adjust Roots
[4.104s][info][gc,phases      ] GC(54) Adjust Roots 3.235ms
[4.104s][info][gc,phases,start] GC(54) Compaction Phase
[4.111s][info][gc,phases      ] GC(54) Compaction Phase 7.851ms
[4.111s][info][gc,phases,start] GC(54) Post Compact
[4.112s][info][gc,phases      ] GC(54) Post Compact 0.112ms
[4.112s][info][gc,heap        ] GC(54) PSYoungGen: 5632K(11264K)->5632K(11264K) Eden: 5632K(5632K)->5632K(5632K) From: 0K(5632K)->0K(5632K)
[4.112s][info][gc,heap        ] GC(54) ParOldGen: 34170K(34304K)->34170K(34304K)
[4.112s][info][gc,metaspace   ] GC(54) Metaspace: 16751K(17024K)->16751K(17024K) NonClass: 14749K(14912K)->14749K(14912K) Class: 2001K(2112K)->2001K(2112K)
[4.112s][info][gc             ] GC(54) Pause Full (Ergonomics) 38M->38M(44M) 33.729ms
[4.112s][info][gc,cpu         ] GC(54) User=0.12s Sys=0.00s Real=0.03s
[4.112s][info][gc,start       ] GC(55) Pause Full (Ergonomics)
[4.112s][info][gc,phases,start] GC(55) Marking Phase
[4.134s][info][gc,phases      ] GC(55) Marking Phase 22.155ms
[4.134s][info][gc,phases,start] GC(55) Summary Phase
[4.134s][info][gc,phases      ] GC(55) Summary Phase 0.012ms
[4.134s][info][gc,phases,start] GC(55) Adjust Roots
[4.138s][info][gc,phases      ] GC(55) Adjust Roots 3.628ms
[4.138s][info][gc,phases,start] GC(55) Compaction Phase
[4.146s][info][gc,phases      ] GC(55) Compaction Phase 7.717ms
[4.146s][info][gc,phases,start] GC(55) Post Compact
[4.146s][info][gc,phases      ] GC(55) Post Compact 0.132ms
[4.146s][info][gc,heap        ] GC(55) PSYoungGen: 5632K(11264K)->5632K(11264K) Eden: 5632K(5632K)->5632K(5632K) From: 0K(5632K)->0K(5632K)
[4.146s][info][gc,heap        ] GC(55) ParOldGen: 34172K(34304K)->34172K(34304K)
[4.146s][info][gc,metaspace   ] GC(55) Metaspace: 16751K(17024K)->16751K(17024K) NonClass: 14749K(14912K)->14749K(14912K) Class: 2001K(2112K)->2001K(2112K)
[4.146s][info][gc             ] GC(55) Pause Full (Ergonomics) 38M->38M(44M) 33.958ms
[4.146s][info][gc,cpu         ] GC(55) User=0.08s Sys=0.00s Real=0.03s
[4.146s][info][gc,start       ] GC(56) Pause Full (Ergonomics)
[4.146s][info][gc,phases,start] GC(56) Marking Phase
[4.168s][info][gc,phases      ] GC(56) Marking Phase 21.881ms
[4.168s][info][gc,phases,start] GC(56) Summary Phase
[4.168s][info][gc,phases      ] GC(56) Summary Phase 0.012ms
[4.168s][info][gc,phases,start] GC(56) Adjust Roots
[4.171s][info][gc,phases      ] GC(56) Adjust Roots 3.407ms
[4.172s][info][gc,phases,start] GC(56) Compaction Phase
[4.180s][info][gc,phases      ] GC(56) Compaction Phase 8.057ms
[4.180s][info][gc,phases,start] GC(56) Post Compact
[4.180s][info][gc,phases      ] GC(56) Post Compact 0.192ms
[4.180s][info][gc,heap        ] GC(56) PSYoungGen: 5632K(11264K)->5632K(11264K) Eden: 5632K(5632K)->5632K(5632K) From: 0K(5632K)->0K(5632K)
[4.180s][info][gc,heap        ] GC(56) ParOldGen: 34173K(34304K)->34173K(34304K)
[4.180s][info][gc,metaspace   ] GC(56) Metaspace: 16751K(17024K)->16751K(17024K) NonClass: 14749K(14912K)->14749K(14912K) Class: 2001K(2112K)->2001K(2112K)
[4.180s][info][gc             ] GC(56) Pause Full (Ergonomics) 38M->38M(44M) 33.922ms
[4.180s][info][gc,cpu         ] GC(56) User=0.08s Sys=0.00s Real=0.03s
[4.180s][info][gc,start       ] GC(57) Pause Full (Ergonomics)
[4.180s][info][gc,phases,start] GC(57) Marking Phase
[4.205s][info][gc,phases      ] GC(57) Marking Phase 25.254ms
[4.205s][info][gc,phases,start] GC(57) Summary Phase
[4.205s][info][gc,phases      ] GC(57) Summary Phase 0.012ms
[4.205s][info][gc,phases,start] GC(57) Adjust Roots
[4.209s][info][gc,phases      ] GC(57) Adjust Roots 3.327ms
[4.209s][info][gc,phases,start] GC(57) Compaction Phase
[4.217s][info][gc,phases      ] GC(57) Compaction Phase 7.897ms
[4.217s][info][gc,phases,start] GC(57) Post Compact
[4.217s][info][gc,phases      ] GC(57) Post Compact 0.121ms
[4.217s][info][gc,heap        ] GC(57) PSYoungGen: 5632K(11264K)->5632K(11264K) Eden: 5632K(5632K)->5632K(5632K) From: 0K(5632K)->0K(5632K)
[4.217s][info][gc,heap        ] GC(57) ParOldGen: 34175K(34304K)->34175K(34304K)
[4.217s][info][gc,metaspace   ] GC(57) Metaspace: 16751K(17024K)->16751K(17024K) NonClass: 14749K(14912K)->14749K(14912K) Class: 2001K(2112K)->2001K(2112K)
[4.217s][info][gc             ] GC(57) Pause Full (Ergonomics) 38M->38M(44M) 36.912ms
[4.217s][info][gc,cpu         ] GC(57) User=0.17s Sys=0.00s Real=0.04s
[4.217s][info][gc,start       ] GC(58) Pause Full (Ergonomics)
[4.217s][info][gc,phases,start] GC(58) Marking Phase
[4.240s][info][gc,phases      ] GC(58) Marking Phase 22.352ms
[4.240s][info][gc,phases,start] GC(58) Summary Phase
[4.240s][info][gc,phases      ] GC(58) Summary Phase 0.011ms
[4.240s][info][gc,phases,start] GC(58) Adjust Roots
[4.243s][info][gc,phases      ] GC(58) Adjust Roots 3.171ms
[4.243s][info][gc,phases,start] GC(58) Compaction Phase
[4.251s][info][gc,phases      ] GC(58) Compaction Phase 8.149ms
[4.251s][info][gc,phases,start] GC(58) Post Compact
[4.251s][info][gc,phases      ] GC(58) Post Compact 0.107ms
[4.251s][info][gc,heap        ] GC(58) PSYoungGen: 5632K(11264K)->5632K(11264K) Eden: 5632K(5632K)->5632K(5632K) From: 0K(5632K)->0K(5632K)
[4.251s][info][gc,heap        ] GC(58) ParOldGen: 34177K(34304K)->34177K(34304K)
[4.251s][info][gc,metaspace   ] GC(58) Metaspace: 16751K(17024K)->16751K(17024K) NonClass: 14749K(14912K)->14749K(14912K) Class: 2001K(2112K)->2001K(2112K)
[4.251s][info][gc             ] GC(58) Pause Full (Ergonomics) 38M->38M(44M) 34.072ms
[4.251s][info][gc,cpu         ] GC(58) User=0.12s Sys=0.00s Real=0.03s
[4.251s][info][gc,start       ] GC(59) Pause Full (Ergonomics)
[4.251s][info][gc,phases,start] GC(59) Marking Phase
[4.274s][info][gc,phases      ] GC(59) Marking Phase 22.329ms
[4.274s][info][gc,phases,start] GC(59) Summary Phase
[4.274s][info][gc,phases      ] GC(59) Summary Phase 0.012ms
[4.274s][info][gc,phases,start] GC(59) Adjust Roots
[4.277s][info][gc,phases      ] GC(59) Adjust Roots 3.177ms
[4.277s][info][gc,phases,start] GC(59) Compaction Phase
[4.285s][info][gc,phases      ] GC(59) Compaction Phase 7.718ms
[4.285s][info][gc,phases,start] GC(59) Post Compact
[4.285s][info][gc,phases      ] GC(59) Post Compact 0.104ms
[4.285s][info][gc,heap        ] GC(59) PSYoungGen: 5632K(11264K)->5632K(11264K) Eden: 5632K(5632K)->5632K(5632K) From: 0K(5632K)->0K(5632K)
[4.285s][info][gc,heap        ] GC(59) ParOldGen: 34178K(34304K)->34178K(34304K)
[4.285s][info][gc,metaspace   ] GC(59) Metaspace: 16751K(17024K)->16751K(17024K) NonClass: 14749K(14912K)->14749K(14912K) Class: 2001K(2112K)->2001K(2112K)
[4.285s][info][gc             ] GC(59) Pause Full (Ergonomics) 38M->38M(44M) 33.611ms
[4.285s][info][gc,cpu         ] GC(59) User=0.08s Sys=0.00s Real=0.03s
[4.285s][info][gc,start       ] GC(60) Pause Full (Ergonomics)
[4.285s][info][gc,phases,start] GC(60) Marking Phase
[4.311s][info][gc,phases      ] GC(60) Marking Phase 26.180ms
[4.311s][info][gc,phases,start] GC(60) Summary Phase
[4.311s][info][gc,phases      ] GC(60) Summary Phase 0.012ms
[4.311s][info][gc,phases,start] GC(60) Adjust Roots
[4.316s][info][gc,phases      ] GC(60) Adjust Roots 4.526ms
[4.316s][info][gc,phases,start] GC(60) Compaction Phase
[4.345s][info][gc,phases      ] GC(60) Compaction Phase 28.785ms
[4.345s][info][gc,phases,start] GC(60) Post Compact
[4.345s][info][gc,phases      ] GC(60) Post Compact 0.252ms
[4.345s][info][gc,heap        ] GC(60) PSYoungGen: 5632K(11264K)->4608K(11264K) Eden: 5632K(5632K)->4608K(5632K) From: 0K(5632K)->0K(5632K)
[4.345s][info][gc,heap        ] GC(60) ParOldGen: 34180K(34304K)->33998K(34304K)
[4.345s][info][gc,metaspace   ] GC(60) Metaspace: 16751K(17024K)->16729K(17024K) NonClass: 14749K(14912K)->14734K(14912K) Class: 2001K(2112K)->1995K(2112K)
[4.345s][info][gc             ] GC(60) Pause Full (Ergonomics) 38M->37M(44M) 60.085ms
[4.345s][info][gc,cpu         ] GC(60) User=0.17s Sys=0.00s Real=0.06s
[4.348s][info][gc,start       ] GC(61) Pause Full (Ergonomics)
[4.348s][info][gc,phases,start] GC(61) Marking Phase
[4.372s][info][gc,phases      ] GC(61) Marking Phase 24.093ms
[4.372s][info][gc,phases,start] GC(61) Summary Phase
[4.372s][info][gc,phases      ] GC(61) Summary Phase 0.012ms
[4.372s][info][gc,phases,start] GC(61) Adjust Roots
[4.376s][info][gc,phases      ] GC(61) Adjust Roots 3.203ms
[4.376s][info][gc,phases,start] GC(61) Compaction Phase
[4.386s][info][gc,phases      ] GC(61) Compaction Phase 10.096ms
[4.386s][info][gc,phases,start] GC(61) Post Compact
[4.386s][info][gc,phases      ] GC(61) Post Compact 0.111ms
[4.386s][info][gc,heap        ] GC(61) PSYoungGen: 5632K(11264K)->5560K(11264K) Eden: 5632K(5632K)->5560K(5632K) From: 0K(5632K)->0K(5632K)
[4.386s][info][gc,heap        ] GC(61) ParOldGen: 33998K(34304K)->33998K(34304K)
[4.386s][info][gc,metaspace   ] GC(61) Metaspace: 16729K(17024K)->16729K(17024K) NonClass: 14734K(14912K)->14734K(14912K) Class: 1995K(2112K)->1995K(2112K)
[4.386s][info][gc             ] GC(61) Pause Full (Ergonomics) 38M->38M(44M) 37.840ms
[4.386s][info][gc,cpu         ] GC(61) User=0.11s Sys=0.00s Real=0.04s
[4.386s][info][gc,start       ] GC(62) Pause Full (Ergonomics)
[4.386s][info][gc,phases,start] GC(62) Marking Phase
[4.409s][info][gc,phases      ] GC(62) Marking Phase 22.634ms
[4.409s][info][gc,phases,start] GC(62) Summary Phase
[4.409s][info][gc,phases      ] GC(62) Summary Phase 0.011ms
[4.409s][info][gc,phases,start] GC(62) Adjust Roots
[4.412s][info][gc,phases      ] GC(62) Adjust Roots 3.103ms
[4.412s][info][gc,phases,start] GC(62) Compaction Phase
[4.422s][info][gc,phases      ] GC(62) Compaction Phase 9.328ms
[4.422s][info][gc,phases,start] GC(62) Post Compact
[4.422s][info][gc,phases      ] GC(62) Post Compact 0.120ms
[4.422s][info][gc,heap        ] GC(62) PSYoungGen: 5632K(11264K)->5610K(11264K) Eden: 5632K(5632K)->5610K(5632K) From: 0K(5632K)->0K(5632K)
[4.422s][info][gc,heap        ] GC(62) ParOldGen: 33998K(34304K)->33998K(34304K)
[4.422s][info][gc,metaspace   ] GC(62) Metaspace: 16729K(17024K)->16729K(17024K) NonClass: 14734K(14912K)->14734K(14912K) Class: 1995K(2112K)->1995K(2112K)
[4.422s][info][gc             ] GC(62) Pause Full (Ergonomics) 38M->38M(44M) 35.490ms
[4.422s][info][gc,cpu         ] GC(62) User=0.12s Sys=0.00s Real=0.04s
[4.422s][info][gc,start       ] GC(63) Pause Full (Ergonomics)
[4.422s][info][gc,phases,start] GC(63) Marking Phase
[4.448s][info][gc,phases      ] GC(63) Marking Phase 26.493ms
[4.449s][info][gc,phases,start] GC(63) Summary Phase
[4.449s][info][gc,phases      ] GC(63) Summary Phase 0.012ms
[4.449s][info][gc,phases,start] GC(63) Adjust Roots
[4.452s][info][gc,phases      ] GC(63) Adjust Roots 3.150ms
[4.452s][info][gc,phases,start] GC(63) Compaction Phase
[4.461s][info][gc,phases      ] GC(63) Compaction Phase 9.276ms
[4.461s][info][gc,phases,start] GC(63) Post Compact
[4.461s][info][gc,phases      ] GC(63) Post Compact 0.095ms
[4.461s][info][gc,heap        ] GC(63) PSYoungGen: 5632K(11264K)->5630K(11264K) Eden: 5632K(5632K)->5630K(5632K) From: 0K(5632K)->0K(5632K)
[4.461s][info][gc,heap        ] GC(63) ParOldGen: 33998K(34304K)->33998K(34304K)
[4.461s][info][gc,metaspace   ] GC(63) Metaspace: 16729K(17024K)->16729K(17024K) NonClass: 14734K(14912K)->14734K(14912K) Class: 1995K(2112K)->1995K(2112K)
[4.461s][info][gc             ] GC(63) Pause Full (Ergonomics) 38M->38M(44M) 39.429ms
[4.461s][info][gc,cpu         ] GC(63) User=0.09s Sys=0.00s Real=0.04s
[4.462s][info][gc,start       ] GC(64) Pause Full (Ergonomics)
[4.462s][info][gc,phases,start] GC(64) Marking Phase
[4.484s][info][gc,phases      ] GC(64) Marking Phase 22.295ms
[4.484s][info][gc,phases,start] GC(64) Summary Phase
[4.484s][info][gc,phases      ] GC(64) Summary Phase 0.011ms
[4.484s][info][gc,phases,start] GC(64) Adjust Roots
[4.487s][info][gc,phases      ] GC(64) Adjust Roots 3.086ms
[4.487s][info][gc,phases,start] GC(64) Compaction Phase
[4.496s][info][gc,phases      ] GC(64) Compaction Phase 9.208ms
[4.496s][info][gc,phases,start] GC(64) Post Compact
[4.496s][info][gc,phases      ] GC(64) Post Compact 0.113ms
[4.496s][info][gc,heap        ] GC(64) PSYoungGen: 5631K(11264K)->5631K(11264K) Eden: 5631K(5632K)->5631K(5632K) From: 0K(5632K)->0K(5632K)
[4.496s][info][gc,heap        ] GC(64) ParOldGen: 33998K(34304K)->33998K(34304K)
[4.496s][info][gc,metaspace   ] GC(64) Metaspace: 16729K(17024K)->16729K(17024K) NonClass: 14734K(14912K)->14734K(14912K) Class: 1995K(2112K)->1995K(2112K)
[4.497s][info][gc             ] GC(64) Pause Full (Ergonomics) 38M->38M(44M) 34.992ms
[4.497s][info][gc,cpu         ] GC(64) User=0.14s Sys=0.00s Real=0.04s
[4.497s][info][gc,start       ] GC(65) Pause Full (Ergonomics)
[4.497s][info][gc,phases,start] GC(65) Marking Phase
[4.519s][info][gc,phases      ] GC(65) Marking Phase 21.943ms
[4.519s][info][gc,phases,start] GC(65) Summary Phase
[4.519s][info][gc,phases      ] GC(65) Summary Phase 0.011ms
[4.519s][info][gc,phases,start] GC(65) Adjust Roots
[4.522s][info][gc,phases      ] GC(65) Adjust Roots 2.994ms
[4.522s][info][gc,phases,start] GC(65) Compaction Phase
[4.531s][info][gc,phases      ] GC(65) Compaction Phase 9.434ms
[4.531s][info][gc,phases,start] GC(65) Post Compact
[4.531s][info][gc,phases      ] GC(65) Post Compact 0.119ms
[4.531s][info][gc,heap        ] GC(65) PSYoungGen: 5631K(11264K)->5631K(11264K) Eden: 5631K(5632K)->5631K(5632K) From: 0K(5632K)->0K(5632K)
[4.531s][info][gc,heap        ] GC(65) ParOldGen: 34000K(34304K)->34000K(34304K)
[4.531s][info][gc,metaspace   ] GC(65) Metaspace: 16729K(17024K)->16729K(17024K) NonClass: 14734K(14912K)->14734K(14912K) Class: 1995K(2112K)->1995K(2112K)
[4.531s][info][gc             ] GC(65) Pause Full (Ergonomics) 38M->38M(44M) 34.764ms
[4.531s][info][gc,cpu         ] GC(65) User=0.12s Sys=0.00s Real=0.04s
[4.532s][info][gc,start       ] GC(66) Pause Full (Ergonomics)
[4.532s][info][gc,phases,start] GC(66) Marking Phase
[4.553s][info][gc,phases      ] GC(66) Marking Phase 21.832ms
[4.553s][info][gc,phases,start] GC(66) Summary Phase
[4.554s][info][gc,phases      ] GC(66) Summary Phase 0.011ms
[4.554s][info][gc,phases,start] GC(66) Adjust Roots
[4.557s][info][gc,phases      ] GC(66) Adjust Roots 3.114ms
[4.557s][info][gc,phases,start] GC(66) Compaction Phase
[4.566s][info][gc,phases      ] GC(66) Compaction Phase 8.772ms
[4.566s][info][gc,phases,start] GC(66) Post Compact
[4.566s][info][gc,phases      ] GC(66) Post Compact 0.128ms
[4.566s][info][gc,heap        ] GC(66) PSYoungGen: 5631K(11264K)->5631K(11264K) Eden: 5631K(5632K)->5631K(5632K) From: 0K(5632K)->0K(5632K)
[4.566s][info][gc,heap        ] GC(66) ParOldGen: 34001K(34304K)->34001K(34304K)
[4.566s][info][gc,metaspace   ] GC(66) Metaspace: 16729K(17024K)->16729K(17024K) NonClass: 14734K(14912K)->14734K(14912K) Class: 1995K(2112K)->1995K(2112K)
[4.566s][info][gc             ] GC(66) Pause Full (Ergonomics) 38M->38M(44M) 34.209ms
[4.566s][info][gc,cpu         ] GC(66) User=0.12s Sys=0.00s Real=0.03s
[4.566s][info][gc,start       ] GC(67) Pause Full (Ergonomics)
[4.566s][info][gc,phases,start] GC(67) Marking Phase
[4.588s][info][gc,phases      ] GC(67) Marking Phase 22.249ms
[4.588s][info][gc,phases,start] GC(67) Summary Phase
[4.588s][info][gc,phases      ] GC(67) Summary Phase 0.011ms
[4.588s][info][gc,phases,start] GC(67) Adjust Roots
[4.592s][info][gc,phases      ] GC(67) Adjust Roots 3.131ms
[4.592s][info][gc,phases,start] GC(67) Compaction Phase
[4.602s][info][gc,phases      ] GC(67) Compaction Phase 10.703ms
[4.602s][info][gc,phases,start] GC(67) Post Compact
[4.602s][info][gc,phases      ] GC(67) Post Compact 0.116ms
[4.602s][info][gc,heap        ] GC(67) PSYoungGen: 5631K(11264K)->5631K(11264K) Eden: 5631K(5632K)->5631K(5632K) From: 0K(5632K)->0K(5632K)
[4.603s][info][gc,heap        ] GC(67) ParOldGen: 34003K(34304K)->34003K(34304K)
[4.603s][info][gc,metaspace   ] GC(67) Metaspace: 16729K(17024K)->16729K(17024K) NonClass: 14734K(14912K)->14734K(14912K) Class: 1995K(2112K)->1995K(2112K)
[4.603s][info][gc             ] GC(67) Pause Full (Ergonomics) 38M->38M(44M) 36.510ms
[4.603s][info][gc,cpu         ] GC(67) User=0.08s Sys=0.00s Real=0.04s
[4.603s][info][gc,start       ] GC(68) Pause Full (Ergonomics)
[4.603s][info][gc,phases,start] GC(68) Marking Phase
[4.627s][info][gc,phases      ] GC(68) Marking Phase 24.644ms
[4.627s][info][gc,phases,start] GC(68) Summary Phase
[4.627s][info][gc,phases      ] GC(68) Summary Phase 0.011ms
[4.627s][info][gc,phases,start] GC(68) Adjust Roots
[4.631s][info][gc,phases      ] GC(68) Adjust Roots 3.233ms
[4.631s][info][gc,phases,start] GC(68) Compaction Phase
[4.640s][info][gc,phases      ] GC(68) Compaction Phase 9.428ms
[4.640s][info][gc,phases,start] GC(68) Post Compact
[4.640s][info][gc,phases      ] GC(68) Post Compact 0.100ms
[4.640s][info][gc,heap        ] GC(68) PSYoungGen: 5631K(11264K)->5631K(11264K) Eden: 5631K(5632K)->5631K(5632K) From: 0K(5632K)->0K(5632K)
[4.640s][info][gc,heap        ] GC(68) ParOldGen: 34005K(34304K)->34005K(34304K)
[4.640s][info][gc,metaspace   ] GC(68) Metaspace: 16729K(17024K)->16729K(17024K) NonClass: 14734K(14912K)->14734K(14912K) Class: 1995K(2112K)->1995K(2112K)
[4.640s][info][gc             ] GC(68) Pause Full (Ergonomics) 38M->38M(44M) 37.705ms
[4.640s][info][gc,cpu         ] GC(68) User=0.17s Sys=0.00s Real=0.04s
[4.641s][info][gc,start       ] GC(69) Pause Full (Ergonomics)
[4.641s][info][gc,phases,start] GC(69) Marking Phase
[4.663s][info][gc,phases      ] GC(69) Marking Phase 22.055ms
[4.663s][info][gc,phases,start] GC(69) Summary Phase
[4.663s][info][gc,phases      ] GC(69) Summary Phase 0.011ms
[4.663s][info][gc,phases,start] GC(69) Adjust Roots
[4.666s][info][gc,phases      ] GC(69) Adjust Roots 3.090ms
[4.666s][info][gc,phases,start] GC(69) Compaction Phase
[4.675s][info][gc,phases      ] GC(69) Compaction Phase 9.051ms
[4.675s][info][gc,phases,start] GC(69) Post Compact
[4.675s][info][gc,phases      ] GC(69) Post Compact 0.093ms
[4.675s][info][gc,heap        ] GC(69) PSYoungGen: 5631K(11264K)->5631K(11264K) Eden: 5631K(5632K)->5631K(5632K) From: 0K(5632K)->0K(5632K)
[4.675s][info][gc,heap        ] GC(69) ParOldGen: 34007K(34304K)->34007K(34304K)
[4.675s][info][gc,metaspace   ] GC(69) Metaspace: 16729K(17024K)->16729K(17024K) NonClass: 14734K(14912K)->14734K(14912K) Class: 1995K(2112K)->1995K(2112K)
[4.675s][info][gc             ] GC(69) Pause Full (Ergonomics) 38M->38M(44M) 34.547ms
[4.675s][info][gc,cpu         ] GC(69) User=0.12s Sys=0.00s Real=0.03s
[4.675s][info][gc,start       ] GC(70) Pause Full (Ergonomics)
[4.675s][info][gc,phases,start] GC(70) Marking Phase
[4.697s][info][gc,phases      ] GC(70) Marking Phase 22.135ms
[4.698s][info][gc,phases,start] GC(70) Summary Phase
[4.698s][info][gc,phases      ] GC(70) Summary Phase 0.015ms
[4.698s][info][gc,phases,start] GC(70) Adjust Roots
[4.701s][info][gc,phases      ] GC(70) Adjust Roots 3.604ms
[4.701s][info][gc,phases,start] GC(70) Compaction Phase
[4.715s][info][gc,phases      ] GC(70) Compaction Phase 13.399ms
[4.715s][info][gc,phases,start] GC(70) Post Compact
[4.715s][info][gc,phases      ] GC(70) Post Compact 0.152ms
[4.715s][info][gc,heap        ] GC(70) PSYoungGen: 5631K(11264K)->5631K(11264K) Eden: 5631K(5632K)->5631K(5632K) From: 0K(5632K)->0K(5632K)
[4.715s][info][gc,heap        ] GC(70) ParOldGen: 34008K(34304K)->34007K(34304K)
[4.715s][info][gc,metaspace   ] GC(70) Metaspace: 16729K(17024K)->16729K(17024K) NonClass: 14734K(14912K)->14734K(14912K) Class: 1995K(2112K)->1995K(2112K)
[4.715s][info][gc             ] GC(70) Pause Full (Ergonomics) 38M->38M(44M) 39.608ms
[4.715s][info][gc,cpu         ] GC(70) User=0.09s Sys=0.00s Real=0.04s
[4.715s][info][gc,start       ] GC(71) Pause Full (Ergonomics)
[4.715s][info][gc,phases,start] GC(71) Marking Phase
[4.737s][info][gc,phases      ] GC(71) Marking Phase 21.544ms
[4.737s][info][gc,phases,start] GC(71) Summary Phase
[4.737s][info][gc,phases      ] GC(71) Summary Phase 0.011ms
[4.737s][info][gc,phases,start] GC(71) Adjust Roots
[4.740s][info][gc,phases      ] GC(71) Adjust Roots 3.626ms
[4.740s][info][gc,phases,start] GC(71) Compaction Phase
[4.749s][info][gc,phases      ] GC(71) Compaction Phase 8.890ms
[4.749s][info][gc,phases,start] GC(71) Post Compact
[4.749s][info][gc,phases      ] GC(71) Post Compact 0.096ms
[4.749s][info][gc,heap        ] GC(71) PSYoungGen: 5631K(11264K)->5631K(11264K) Eden: 5631K(5632K)->5631K(5632K) From: 0K(5632K)->0K(5632K)
[4.749s][info][gc,heap        ] GC(71) ParOldGen: 34009K(34304K)->34009K(34304K)
[4.749s][info][gc,metaspace   ] GC(71) Metaspace: 16729K(17024K)->16729K(17024K) NonClass: 14734K(14912K)->14734K(14912K) Class: 1995K(2112K)->1995K(2112K)
[4.749s][info][gc             ] GC(71) Pause Full (Ergonomics) 38M->38M(44M) 34.385ms
[4.749s][info][gc,cpu         ] GC(71) User=0.12s Sys=0.00s Real=0.03s
[4.750s][info][gc,start       ] GC(72) Pause Full (Ergonomics)
[4.750s][info][gc,phases,start] GC(72) Marking Phase
[4.773s][info][gc,phases      ] GC(72) Marking Phase 23.497ms
[4.773s][info][gc,phases,start] GC(72) Summary Phase
[4.773s][info][gc,phases      ] GC(72) Summary Phase 0.011ms
[4.773s][info][gc,phases,start] GC(72) Adjust Roots
[4.776s][info][gc,phases      ] GC(72) Adjust Roots 3.064ms
[4.776s][info][gc,phases,start] GC(72) Compaction Phase
[4.785s][info][gc,phases      ] GC(72) Compaction Phase 8.603ms
[4.785s][info][gc,phases,start] GC(72) Post Compact
[4.785s][info][gc,phases      ] GC(72) Post Compact 0.090ms
[4.785s][info][gc,heap        ] GC(72) PSYoungGen: 5631K(11264K)->5631K(11264K) Eden: 5631K(5632K)->5631K(5632K) From: 0K(5632K)->0K(5632K)
[4.785s][info][gc,heap        ] GC(72) ParOldGen: 34011K(34304K)->34011K(34304K)
[4.785s][info][gc,metaspace   ] GC(72) Metaspace: 16729K(17024K)->16729K(17024K) NonClass: 14734K(14912K)->14734K(14912K) Class: 1995K(2112K)->1995K(2112K)
[4.785s][info][gc             ] GC(72) Pause Full (Ergonomics) 38M->38M(44M) 35.526ms
[4.785s][info][gc,cpu         ] GC(72) User=0.08s Sys=0.00s Real=0.04s
[4.785s][info][gc,start       ] GC(73) Pause Full (Ergonomics)
[4.785s][info][gc,phases,start] GC(73) Marking Phase
[4.809s][info][gc,phases      ] GC(73) Marking Phase 23.894ms
[4.809s][info][gc,phases,start] GC(73) Summary Phase
[4.809s][info][gc,phases      ] GC(73) Summary Phase 0.011ms
[4.809s][info][gc,phases,start] GC(73) Adjust Roots
[4.812s][info][gc,phases      ] GC(73) Adjust Roots 3.067ms
[4.812s][info][gc,phases,start] GC(73) Compaction Phase
[4.822s][info][gc,phases      ] GC(73) Compaction Phase 9.279ms
[4.822s][info][gc,phases,start] GC(73) Post Compact
[4.822s][info][gc,phases      ] GC(73) Post Compact 0.092ms
[4.822s][info][gc,heap        ] GC(73) PSYoungGen: 5631K(11264K)->5631K(11264K) Eden: 5631K(5632K)->5631K(5632K) From: 0K(5632K)->0K(5632K)
[4.822s][info][gc,heap        ] GC(73) ParOldGen: 34012K(34304K)->34012K(34304K)
[4.822s][info][gc,metaspace   ] GC(73) Metaspace: 16729K(17024K)->16729K(17024K) NonClass: 14734K(14912K)->14734K(14912K) Class: 1995K(2112K)->1995K(2112K)
[4.822s][info][gc             ] GC(73) Pause Full (Ergonomics) 38M->38M(44M) 36.601ms
[4.822s][info][gc,cpu         ] GC(73) User=0.08s Sys=0.00s Real=0.04s
[4.822s][info][gc,start       ] GC(74) Pause Full (Ergonomics)
[4.822s][info][gc,phases,start] GC(74) Marking Phase
[4.846s][info][gc,phases      ] GC(74) Marking Phase 24.142ms
[4.846s][info][gc,phases,start] GC(74) Summary Phase
[4.846s][info][gc,phases      ] GC(74) Summary Phase 0.011ms
[4.846s][info][gc,phases,start] GC(74) Adjust Roots
[4.849s][info][gc,phases      ] GC(74) Adjust Roots 3.055ms
[4.849s][info][gc,phases,start] GC(74) Compaction Phase
[4.859s][info][gc,phases      ] GC(74) Compaction Phase 9.425ms
[4.859s][info][gc,phases,start] GC(74) Post Compact
[4.859s][info][gc,phases      ] GC(74) Post Compact 0.117ms
[4.859s][info][gc,heap        ] GC(74) PSYoungGen: 5631K(11264K)->5631K(11264K) Eden: 5631K(5632K)->5631K(5632K) From: 0K(5632K)->0K(5632K)
[4.859s][info][gc,heap        ] GC(74) ParOldGen: 34014K(34304K)->34014K(34304K)
[4.859s][info][gc,metaspace   ] GC(74) Metaspace: 16729K(17024K)->16729K(17024K) NonClass: 14734K(14912K)->14734K(14912K) Class: 1995K(2112K)->1995K(2112K)
[4.859s][info][gc             ] GC(74) Pause Full (Ergonomics) 38M->38M(44M) 37.012ms
[4.859s][info][gc,cpu         ] GC(74) User=0.19s Sys=0.00s Real=0.04s
[4.859s][info][gc,start       ] GC(75) Pause Full (Ergonomics)
[4.859s][info][gc,phases,start] GC(75) Marking Phase
[4.882s][info][gc,phases      ] GC(75) Marking Phase 22.273ms
[4.882s][info][gc,phases,start] GC(75) Summary Phase
[4.882s][info][gc,phases      ] GC(75) Summary Phase 0.011ms
[4.882s][info][gc,phases,start] GC(75) Adjust Roots
[4.885s][info][gc,phases      ] GC(75) Adjust Roots 3.032ms
[4.885s][info][gc,phases,start] GC(75) Compaction Phase
[4.894s][info][gc,phases      ] GC(75) Compaction Phase 9.253ms
[4.894s][info][gc,phases,start] GC(75) Post Compact
[4.894s][info][gc,phases      ] GC(75) Post Compact 0.093ms
[4.894s][info][gc,heap        ] GC(75) PSYoungGen: 5631K(11264K)->5631K(11264K) Eden: 5631K(5632K)->5631K(5632K) From: 0K(5632K)->0K(5632K)
[4.894s][info][gc,heap        ] GC(75) ParOldGen: 34016K(34304K)->34016K(34304K)
[4.894s][info][gc,metaspace   ] GC(75) Metaspace: 16729K(17024K)->16729K(17024K) NonClass: 14734K(14912K)->14734K(14912K) Class: 1995K(2112K)->1995K(2112K)
[4.894s][info][gc             ] GC(75) Pause Full (Ergonomics) 38M->38M(44M) 34.901ms
[4.894s][info][gc,cpu         ] GC(75) User=0.12s Sys=0.00s Real=0.04s
[4.894s][info][gc,start       ] GC(76) Pause Full (Ergonomics)
[4.894s][info][gc,phases,start] GC(76) Marking Phase
[4.916s][info][gc,phases      ] GC(76) Marking Phase 21.787ms
[4.916s][info][gc,phases,start] GC(76) Summary Phase
[4.916s][info][gc,phases      ] GC(76) Summary Phase 0.011ms
[4.916s][info][gc,phases,start] GC(76) Adjust Roots
[4.919s][info][gc,phases      ] GC(76) Adjust Roots 3.163ms
[4.919s][info][gc,phases,start] GC(76) Compaction Phase
[4.928s][info][gc,phases      ] GC(76) Compaction Phase 8.618ms
[4.928s][info][gc,phases,start] GC(76) Post Compact
[4.928s][info][gc,phases      ] GC(76) Post Compact 0.092ms
[4.928s][info][gc,heap        ] GC(76) PSYoungGen: 5631K(11264K)->5631K(11264K) Eden: 5631K(5632K)->5631K(5632K) From: 0K(5632K)->0K(5632K)
[4.928s][info][gc,heap        ] GC(76) ParOldGen: 34018K(34304K)->34017K(34304K)
[4.928s][info][gc,metaspace   ] GC(76) Metaspace: 16729K(17024K)->16729K(17024K) NonClass: 14734K(14912K)->14734K(14912K) Class: 1995K(2112K)->1995K(2112K)
[4.928s][info][gc             ] GC(76) Pause Full (Ergonomics) 38M->38M(44M) 33.941ms
[4.928s][info][gc,cpu         ] GC(76) User=0.08s Sys=0.00s Real=0.03s
[4.928s][info][gc,start       ] GC(77) Pause Full (Ergonomics)
[4.928s][info][gc,phases,start] GC(77) Marking Phase
[4.951s][info][gc,phases      ] GC(77) Marking Phase 22.506ms
[4.951s][info][gc,phases,start] GC(77) Summary Phase
[4.951s][info][gc,phases      ] GC(77) Summary Phase 0.011ms
[4.951s][info][gc,phases,start] GC(77) Adjust Roots
[4.955s][info][gc,phases      ] GC(77) Adjust Roots 3.716ms
[4.955s][info][gc,phases,start] GC(77) Compaction Phase
[4.980s][info][gc,phases      ] GC(77) Compaction Phase 25.540ms
[4.980s][info][gc,phases,start] GC(77) Post Compact
[4.981s][info][gc,phases      ] GC(77) Post Compact 0.140ms
[4.981s][info][gc,heap        ] GC(77) PSYoungGen: 5631K(11264K)->5631K(11264K) Eden: 5631K(5632K)->5631K(5632K) From: 0K(5632K)->0K(5632K)
[4.981s][info][gc,heap        ] GC(77) ParOldGen: 34019K(34304K)->34017K(34304K)
[4.981s][info][gc,metaspace   ] GC(77) Metaspace: 16729K(17024K)->16729K(17024K) NonClass: 14734K(14912K)->14734K(14912K) Class: 1995K(2112K)->1995K(2112K)
[4.981s][info][gc             ] GC(77) Pause Full (Ergonomics) 38M->38M(44M) 52.201ms
[4.981s][info][gc,cpu         ] GC(77) User=0.16s Sys=0.00s Real=0.05s
[4.981s][info][gc,start       ] GC(78) Pause Full (Ergonomics)
[4.981s][info][gc,phases,start] GC(78) Marking Phase
[5.003s][info][gc,phases      ] GC(78) Marking Phase 22.083ms
[5.003s][info][gc,phases,start] GC(78) Summary Phase
[5.003s][info][gc,phases      ] GC(78) Summary Phase 0.011ms
[5.003s][info][gc,phases,start] GC(78) Adjust Roots
[5.006s][info][gc,phases      ] GC(78) Adjust Roots 3.060ms
[5.006s][info][gc,phases,start] GC(78) Compaction Phase
[5.015s][info][gc,phases      ] GC(78) Compaction Phase 9.245ms
[5.015s][info][gc,phases,start] GC(78) Post Compact
[5.015s][info][gc,phases      ] GC(78) Post Compact 0.091ms
[5.015s][info][gc,heap        ] GC(78) PSYoungGen: 5631K(11264K)->5631K(11264K) Eden: 5631K(5632K)->5631K(5632K) From: 0K(5632K)->0K(5632K)
[5.015s][info][gc,heap        ] GC(78) ParOldGen: 34019K(34304K)->34019K(34304K)
[5.016s][info][gc,metaspace   ] GC(78) Metaspace: 16729K(17024K)->16729K(17024K) NonClass: 14734K(14912K)->14734K(14912K) Class: 1995K(2112K)->1995K(2112K)
[5.016s][info][gc             ] GC(78) Pause Full (Ergonomics) 38M->38M(44M) 34.748ms
[5.016s][info][gc,cpu         ] GC(78) User=0.12s Sys=0.00s Real=0.04s
[5.016s][info][gc,start       ] GC(79) Pause Full (Ergonomics)
[5.016s][info][gc,phases,start] GC(79) Marking Phase
[5.041s][info][gc,phases      ] GC(79) Marking Phase 25.507ms
[5.041s][info][gc,phases,start] GC(79) Summary Phase
[5.041s][info][gc,phases      ] GC(79) Summary Phase 0.012ms
[5.041s][info][gc,phases,start] GC(79) Adjust Roots
[5.045s][info][gc,phases      ] GC(79) Adjust Roots 3.192ms
[5.045s][info][gc,phases,start] GC(79) Compaction Phase
[5.054s][info][gc,phases      ] GC(79) Compaction Phase 9.466ms
[5.054s][info][gc,phases,start] GC(79) Post Compact
[5.054s][info][gc,phases      ] GC(79) Post Compact 0.134ms
[5.054s][info][gc,heap        ] GC(79) PSYoungGen: 5631K(11264K)->5631K(11264K) Eden: 5631K(5632K)->5631K(5632K) From: 0K(5632K)->0K(5632K)
[5.054s][info][gc,heap        ] GC(79) ParOldGen: 34021K(34304K)->34021K(34304K)
[5.054s][info][gc,metaspace   ] GC(79) Metaspace: 16729K(17024K)->16729K(17024K) NonClass: 14734K(14912K)->14734K(14912K) Class: 1995K(2112K)->1995K(2112K)
[5.054s][info][gc             ] GC(79) Pause Full (Ergonomics) 38M->38M(44M) 38.618ms
[5.054s][info][gc,cpu         ] GC(79) User=0.09s Sys=0.00s Real=0.04s
[5.055s][info][gc,start       ] GC(80) Pause Full (Ergonomics)
[5.055s][info][gc,phases,start] GC(80) Marking Phase
[5.081s][info][gc,phases      ] GC(80) Marking Phase 26.404ms
[5.081s][info][gc,phases,start] GC(80) Summary Phase
[5.081s][info][gc,phases      ] GC(80) Summary Phase 0.017ms
[5.081s][info][gc,phases,start] GC(80) Adjust Roots
[5.084s][info][gc,phases      ] GC(80) Adjust Roots 3.278ms
[5.084s][info][gc,phases,start] GC(80) Compaction Phase
[5.095s][info][gc,phases      ] GC(80) Compaction Phase 10.634ms
[5.095s][info][gc,phases,start] GC(80) Post Compact
[5.095s][info][gc,phases      ] GC(80) Post Compact 0.177ms
[5.095s][info][gc,heap        ] GC(80) PSYoungGen: 5631K(11264K)->5631K(11264K) Eden: 5631K(5632K)->5631K(5632K) From: 0K(5632K)->0K(5632K)
[5.095s][info][gc,heap        ] GC(80) ParOldGen: 34023K(34304K)->34021K(34304K)
[5.095s][info][gc,metaspace   ] GC(80) Metaspace: 16729K(17024K)->16729K(17024K) NonClass: 14734K(14912K)->14734K(14912K) Class: 1995K(2112K)->1995K(2112K)
[5.096s][info][gc             ] GC(80) Pause Full (Ergonomics) 38M->38M(44M) 40.908ms
[5.096s][info][gc,cpu         ] GC(80) User=0.19s Sys=0.00s Real=0.04s
[5.096s][info][gc,start       ] GC(81) Pause Full (Ergonomics)
[5.096s][info][gc,phases,start] GC(81) Marking Phase
[5.122s][info][gc,phases      ] GC(81) Marking Phase 25.890ms
[5.122s][info][gc,phases,start] GC(81) Summary Phase
[5.122s][info][gc,phases      ] GC(81) Summary Phase 0.012ms
[5.122s][info][gc,phases,start] GC(81) Adjust Roots
[5.125s][info][gc,phases      ] GC(81) Adjust Roots 3.353ms
[5.125s][info][gc,phases,start] GC(81) Compaction Phase
[5.155s][info][gc,phases      ] GC(81) Compaction Phase 29.630ms
[5.155s][info][gc,phases,start] GC(81) Post Compact
[5.155s][info][gc,phases      ] GC(81) Post Compact 0.147ms
[5.155s][info][gc,heap        ] GC(81) PSYoungGen: 5631K(11264K)->5631K(11264K) Eden: 5631K(5632K)->5631K(5632K) From: 0K(5632K)->0K(5632K)
[5.155s][info][gc,heap        ] GC(81) ParOldGen: 34023K(34304K)->34022K(34304K)
[5.155s][info][gc,metaspace   ] GC(81) Metaspace: 16729K(17024K)->16729K(17024K) NonClass: 14734K(14912K)->14734K(14912K) Class: 1995K(2112K)->1995K(2112K)
[5.155s][info][gc             ] GC(81) Pause Full (Ergonomics) 38M->38M(44M) 59.381ms
[5.155s][info][gc,cpu         ] GC(81) User=0.17s Sys=0.00s Real=0.06s
[5.156s][info][gc,start       ] GC(82) Pause Full (Ergonomics)
[5.156s][info][gc,phases,start] GC(82) Marking Phase
[5.179s][info][gc,phases      ] GC(82) Marking Phase 23.331ms
[5.179s][info][gc,phases,start] GC(82) Summary Phase
[5.179s][info][gc,phases      ] GC(82) Summary Phase 0.013ms
[5.179s][info][gc,phases,start] GC(82) Adjust Roots
[5.183s][info][gc,phases      ] GC(82) Adjust Roots 3.818ms
[5.183s][info][gc,phases,start] GC(82) Compaction Phase
[5.210s][info][gc,phases      ] GC(82) Compaction Phase 26.711ms
[5.210s][info][gc,phases,start] GC(82) Post Compact
[5.210s][info][gc,phases      ] GC(82) Post Compact 0.162ms
[5.210s][info][gc,heap        ] GC(82) PSYoungGen: 5631K(11264K)->5631K(11264K) Eden: 5631K(5632K)->5631K(5632K) From: 0K(5632K)->0K(5632K)
[5.210s][info][gc,heap        ] GC(82) ParOldGen: 34024K(34304K)->34021K(34304K)
[5.210s][info][gc,metaspace   ] GC(82) Metaspace: 16729K(17024K)->16729K(17024K) NonClass: 14734K(14912K)->14734K(14912K) Class: 1995K(2112K)->1995K(2112K)
[5.210s][info][gc             ] GC(82) Pause Full (Ergonomics) 38M->38M(44M) 54.400ms
[5.210s][info][gc,cpu         ] GC(82) User=0.12s Sys=0.00s Real=0.05s
[5.210s][info][gc,start       ] GC(83) Pause Full (Ergonomics)
[5.210s][info][gc,phases,start] GC(83) Marking Phase
[5.235s][info][gc,phases      ] GC(83) Marking Phase 24.630ms
[5.235s][info][gc,phases,start] GC(83) Summary Phase
[5.235s][info][gc,phases      ] GC(83) Summary Phase 0.011ms
[5.235s][info][gc,phases,start] GC(83) Adjust Roots
[5.238s][info][gc,phases      ] GC(83) Adjust Roots 3.221ms
[5.238s][info][gc,phases,start] GC(83) Compaction Phase
[5.247s][info][gc,phases      ] GC(83) Compaction Phase 8.591ms
[5.247s][info][gc,phases,start] GC(83) Post Compact
[5.247s][info][gc,phases      ] GC(83) Post Compact 0.108ms
[5.247s][info][gc,heap        ] GC(83) PSYoungGen: 5631K(11264K)->5631K(11264K) Eden: 5631K(5632K)->5631K(5632K) From: 0K(5632K)->0K(5632K)
[5.247s][info][gc,heap        ] GC(83) ParOldGen: 34023K(34304K)->34023K(34304K)
[5.247s][info][gc,metaspace   ] GC(83) Metaspace: 16729K(17024K)->16729K(17024K) NonClass: 14734K(14912K)->14734K(14912K) Class: 1995K(2112K)->1995K(2112K)
[5.247s][info][gc             ] GC(83) Pause Full (Ergonomics) 38M->38M(44M) 36.837ms
[5.247s][info][gc,cpu         ] GC(83) User=0.19s Sys=0.00s Real=0.04s
[5.248s][info][gc,start       ] GC(84) Pause Full (Ergonomics)
[5.248s][info][gc,phases,start] GC(84) Marking Phase
[5.270s][info][gc,phases      ] GC(84) Marking Phase 22.808ms
[5.270s][info][gc,phases,start] GC(84) Summary Phase
[5.270s][info][gc,phases      ] GC(84) Summary Phase 0.012ms
[5.271s][info][gc,phases,start] GC(84) Adjust Roots
[5.274s][info][gc,phases      ] GC(84) Adjust Roots 3.140ms
[5.274s][info][gc,phases,start] GC(84) Compaction Phase
[5.283s][info][gc,phases      ] GC(84) Compaction Phase 9.045ms
[5.283s][info][gc,phases,start] GC(84) Post Compact
[5.283s][info][gc,phases      ] GC(84) Post Compact 0.106ms
[5.283s][info][gc,heap        ] GC(84) PSYoungGen: 5631K(11264K)->5631K(11264K) Eden: 5631K(5632K)->5631K(5632K) From: 0K(5632K)->0K(5632K)
[5.283s][info][gc,heap        ] GC(84) ParOldGen: 34025K(34304K)->34025K(34304K)
[5.283s][info][gc,metaspace   ] GC(84) Metaspace: 16729K(17024K)->16729K(17024K) NonClass: 14734K(14912K)->14734K(14912K) Class: 1995K(2112K)->1995K(2112K)
[5.283s][info][gc             ] GC(84) Pause Full (Ergonomics) 38M->38M(44M) 35.369ms
[5.283s][info][gc,cpu         ] GC(84) User=0.12s Sys=0.00s Real=0.04s
[7.576s][info][gc,start       ] GC(85) Pause Full (Ergonomics)
[7.576s][info][gc,phases,start] GC(85) Marking Phase
[7.597s][info][gc,phases      ] GC(85) Marking Phase 21.167ms
[7.597s][info][gc,phases,start] GC(85) Summary Phase
[7.597s][info][gc,phases      ] GC(85) Summary Phase 0.011ms
[7.598s][info][gc,phases,start] GC(85) Adjust Roots
[7.601s][info][gc,phases      ] GC(85) Adjust Roots 3.401ms
[7.601s][info][gc,phases,start] GC(85) Compaction Phase
[7.624s][info][gc,phases      ] GC(85) Compaction Phase 23.028ms
[7.624s][info][gc,phases,start] GC(85) Post Compact
[7.624s][info][gc,phases      ] GC(85) Post Compact 0.134ms
[7.624s][info][gc,heap        ] GC(85) PSYoungGen: 5631K(11264K)->5631K(11264K) Eden: 5631K(5632K)->5631K(5632K) From: 0K(5632K)->0K(5632K)
[7.624s][info][gc,heap        ] GC(85) ParOldGen: 34027K(34304K)->34026K(34304K)
[7.624s][info][gc,metaspace   ] GC(85) Metaspace: 16730K(17024K)->16730K(17024K) NonClass: 14734K(14912K)->14734K(14912K) Class: 1995K(2112K)->1995K(2112K)
[7.624s][info][gc             ] GC(85) Pause Full (Ergonomics) 38M->38M(44M) 48.083ms
[7.624s][info][gc,cpu         ] GC(85) User=0.16s Sys=0.00s Real=0.05s
[7.625s][info][gc,start       ] GC(86) Pause Full (Ergonomics)
[7.625s][info][gc,phases,start] GC(86) Marking Phase
[7.646s][info][gc,phases      ] GC(86) Marking Phase 21.415ms
[7.646s][info][gc,phases,start] GC(86) Summary Phase
[7.646s][info][gc,phases      ] GC(86) Summary Phase 0.011ms
[7.646s][info][gc,phases,start] GC(86) Adjust Roots
[7.650s][info][gc,phases      ] GC(86) Adjust Roots 3.534ms
[7.650s][info][gc,phases,start] GC(86) Compaction Phase
[7.663s][info][gc,phases      ] GC(86) Compaction Phase 12.785ms
[7.663s][info][gc,phases,start] GC(86) Post Compact
[7.663s][info][gc,phases      ] GC(86) Post Compact 0.157ms
[7.663s][info][gc,heap        ] GC(86) PSYoungGen: 5631K(11264K)->5631K(11264K) Eden: 5631K(5632K)->5631K(5632K) From: 0K(5632K)->0K(5632K)
[7.663s][info][gc,heap        ] GC(86) ParOldGen: 34028K(34304K)->34026K(34304K)
[7.663s][info][gc,metaspace   ] GC(86) Metaspace: 16730K(17024K)->16730K(17024K) NonClass: 14734K(14912K)->14734K(14912K) Class: 1995K(2112K)->1995K(2112K)
[7.663s][info][gc             ] GC(86) Pause Full (Ergonomics) 38M->38M(44M) 38.200ms
[7.663s][info][gc,cpu         ] GC(86) User=0.12s Sys=0.00s Real=0.04s
[7.663s][info][gc,start       ] GC(87) Pause Full (Ergonomics)
[7.663s][info][gc,phases,start] GC(87) Marking Phase
[7.685s][info][gc,phases      ] GC(87) Marking Phase 21.356ms
[7.685s][info][gc,phases,start] GC(87) Summary Phase
[7.685s][info][gc,phases      ] GC(87) Summary Phase 0.012ms
[7.685s][info][gc,phases,start] GC(87) Adjust Roots
[7.688s][info][gc,phases      ] GC(87) Adjust Roots 3.230ms
[7.688s][info][gc,phases,start] GC(87) Compaction Phase
[7.701s][info][gc,phases      ] GC(87) Compaction Phase 12.274ms
[7.701s][info][gc,phases,start] GC(87) Post Compact
[7.701s][info][gc,phases      ] GC(87) Post Compact 0.196ms
[7.701s][info][gc,heap        ] GC(87) PSYoungGen: 5631K(11264K)->5631K(11264K) Eden: 5631K(5632K)->5631K(5632K) From: 0K(5632K)->0K(5632K)
[7.701s][info][gc,heap        ] GC(87) ParOldGen: 34028K(34304K)->34027K(34304K)
[7.701s][info][gc,metaspace   ] GC(87) Metaspace: 16730K(17024K)->16730K(17024K) NonClass: 14734K(14912K)->14734K(14912K) Class: 1995K(2112K)->1995K(2112K)
[7.701s][info][gc             ] GC(87) Pause Full (Ergonomics) 38M->38M(44M) 37.440ms
[7.701s][info][gc,cpu         ] GC(87) User=0.12s Sys=0.00s Real=0.04s
[7.702s][info][gc,start       ] GC(88) Pause Full (Ergonomics)
[7.702s][info][gc,phases,start] GC(88) Marking Phase
[7.724s][info][gc,phases      ] GC(88) Marking Phase 22.173ms
[7.724s][info][gc,phases,start] GC(88) Summary Phase
[7.724s][info][gc,phases      ] GC(88) Summary Phase 0.011ms
[7.724s][info][gc,phases,start] GC(88) Adjust Roots
[7.727s][info][gc,phases      ] GC(88) Adjust Roots 3.103ms
[7.727s][info][gc,phases,start] GC(88) Compaction Phase
[7.737s][info][gc,phases      ] GC(88) Compaction Phase 10.039ms
[7.737s][info][gc,phases,start] GC(88) Post Compact
[7.737s][info][gc,phases      ] GC(88) Post Compact 0.121ms
[7.737s][info][gc,heap        ] GC(88) PSYoungGen: 5631K(11264K)->5631K(11264K) Eden: 5631K(5632K)->5631K(5632K) From: 0K(5632K)->0K(5632K)
[7.737s][info][gc,heap        ] GC(88) ParOldGen: 34029K(34304K)->34028K(34304K)
[7.737s][info][gc,metaspace   ] GC(88) Metaspace: 16730K(17024K)->16730K(17024K) NonClass: 14734K(14912K)->14734K(14912K) Class: 1995K(2112K)->1995K(2112K)
[7.737s][info][gc             ] GC(88) Pause Full (Ergonomics) 38M->38M(44M) 35.717ms
[7.737s][info][gc,cpu         ] GC(88) User=0.11s Sys=0.00s Real=0.04s
[7.737s][info][gc,start       ] GC(89) Pause Full (Ergonomics)
[7.737s][info][gc,phases,start] GC(89) Marking Phase
[7.759s][info][gc,phases      ] GC(89) Marking Phase 21.326ms
[7.759s][info][gc,phases,start] GC(89) Summary Phase
[7.759s][info][gc,phases      ] GC(89) Summary Phase 0.011ms
[7.759s][info][gc,phases,start] GC(89) Adjust Roots
[7.762s][info][gc,phases      ] GC(89) Adjust Roots 3.082ms
[7.762s][info][gc,phases,start] GC(89) Compaction Phase
[7.771s][info][gc,phases      ] GC(89) Compaction Phase 9.255ms
[7.771s][info][gc,phases,start] GC(89) Post Compact
[7.771s][info][gc,phases      ] GC(89) Post Compact 0.101ms
[7.771s][info][gc,heap        ] GC(89) PSYoungGen: 5631K(11264K)->5631K(11264K) Eden: 5631K(5632K)->5631K(5632K) From: 0K(5632K)->0K(5632K)
[7.771s][info][gc,heap        ] GC(89) ParOldGen: 34030K(34304K)->34030K(34304K)
[7.771s][info][gc,metaspace   ] GC(89) Metaspace: 16730K(17024K)->16730K(17024K) NonClass: 14734K(14912K)->14734K(14912K) Class: 1995K(2112K)->1995K(2112K)
[7.771s][info][gc             ] GC(89) Pause Full (Ergonomics) 38M->38M(44M) 34.018ms
[7.772s][info][gc,cpu         ] GC(89) User=0.08s Sys=0.00s Real=0.03s
[7.772s][info][gc,start       ] GC(90) Pause Full (Ergonomics)
[7.772s][info][gc,phases,start] GC(90) Marking Phase
[7.793s][info][gc,phases      ] GC(90) Marking Phase 21.594ms
[7.793s][info][gc,phases,start] GC(90) Summary Phase
[7.793s][info][gc,phases      ] GC(90) Summary Phase 0.011ms
[7.793s][info][gc,phases,start] GC(90) Adjust Roots
[7.796s][info][gc,phases      ] GC(90) Adjust Roots 3.093ms
[7.796s][info][gc,phases,start] GC(90) Compaction Phase
[7.805s][info][gc,phases      ] GC(90) Compaction Phase 8.682ms
[7.805s][info][gc,phases,start] GC(90) Post Compact
[7.805s][info][gc,phases      ] GC(90) Post Compact 0.092ms
[7.805s][info][gc,heap        ] GC(90) PSYoungGen: 5631K(11264K)->5631K(11264K) Eden: 5631K(5632K)->5631K(5632K) From: 0K(5632K)->0K(5632K)
[7.805s][info][gc,heap        ] GC(90) ParOldGen: 34031K(34304K)->34031K(34304K)
[7.805s][info][gc,metaspace   ] GC(90) Metaspace: 16730K(17024K)->16730K(17024K) NonClass: 14734K(14912K)->14734K(14912K) Class: 1995K(2112K)->1995K(2112K)
[7.805s][info][gc             ] GC(90) Pause Full (Ergonomics) 38M->38M(44M) 33.739ms
[7.805s][info][gc,cpu         ] GC(90) User=0.08s Sys=0.00s Real=0.03s
[7.806s][info][gc,start       ] GC(91) Pause Full (Ergonomics)
[7.806s][info][gc,phases,start] GC(91) Marking Phase
[7.836s][info][gc,phases      ] GC(91) Marking Phase 29.830ms
[7.836s][info][gc,phases,start] GC(91) Summary Phase
[7.836s][info][gc,phases      ] GC(91) Summary Phase 0.011ms
[7.836s][info][gc,phases,start] GC(91) Adjust Roots
[7.839s][info][gc,phases      ] GC(91) Adjust Roots 3.280ms
[7.839s][info][gc,phases,start] GC(91) Compaction Phase
[7.861s][info][gc,phases      ] GC(91) Compaction Phase 21.996ms
[7.861s][info][gc,phases,start] GC(91) Post Compact
[7.861s][info][gc,phases      ] GC(91) Post Compact 0.111ms
[7.861s][info][gc,heap        ] GC(91) PSYoungGen: 5631K(11264K)->5631K(11264K) Eden: 5631K(5632K)->5631K(5632K) From: 0K(5632K)->0K(5632K)
[7.861s][info][gc,heap        ] GC(91) ParOldGen: 34036K(34304K)->34022K(34304K)
[7.862s][info][gc,metaspace   ] GC(91) Metaspace: 16732K(17024K)->16732K(17024K) NonClass: 14735K(14912K)->14735K(14912K) Class: 1996K(2112K)->1996K(2112K)
[7.862s][info][gc             ] GC(91) Pause Full (Ergonomics) 38M->38M(44M) 55.518ms
[7.862s][info][gc,cpu         ] GC(91) User=0.20s Sys=0.00s Real=0.06s
[7.863s][info][gc,start       ] GC(92) Pause Full (Ergonomics)
[7.863s][info][gc,phases,start] GC(92) Marking Phase
[7.895s][info][gc,phases      ] GC(92) Marking Phase 31.647ms
[7.895s][info][gc,phases,start] GC(92) Summary Phase
[7.895s][info][gc,phases      ] GC(92) Summary Phase 0.011ms
[7.895s][info][gc,phases,start] GC(92) Adjust Roots
[7.898s][info][gc,phases      ] GC(92) Adjust Roots 3.153ms
[7.898s][info][gc,phases,start] GC(92) Compaction Phase
[7.924s][info][gc,phases      ] GC(92) Compaction Phase 26.399ms
[7.925s][info][gc,phases,start] GC(92) Post Compact
[7.925s][info][gc,phases      ] GC(92) Post Compact 0.168ms
[7.925s][info][gc,heap        ] GC(92) PSYoungGen: 5631K(11264K)->5631K(11264K) Eden: 5631K(5632K)->5631K(5632K) From: 0K(5632K)->0K(5632K)
[7.925s][info][gc,heap        ] GC(92) ParOldGen: 34024K(34304K)->34021K(34304K)
[7.925s][info][gc,metaspace   ] GC(92) Metaspace: 16732K(17024K)->16732K(17024K) NonClass: 14736K(14912K)->14736K(14912K) Class: 1996K(2112K)->1996K(2112K)
[7.925s][info][gc             ] GC(92) Pause Full (Ergonomics) 38M->38M(44M) 61.676ms
[7.925s][info][gc,cpu         ] GC(92) User=0.19s Sys=0.00s Real=0.06s
[7.926s][info][gc,start       ] GC(93) Pause Full (Ergonomics)
[7.926s][info][gc,phases,start] GC(93) Marking Phase
[7.940s][info][gc,phases      ] GC(93) Marking Phase 13.662ms
[7.940s][info][gc,phases,start] GC(93) Summary Phase
[7.940s][info][gc,phases      ] GC(93) Summary Phase 0.011ms
[7.940s][info][gc,phases,start] GC(93) Adjust Roots
[7.944s][info][gc,phases      ] GC(93) Adjust Roots 4.273ms
[7.944s][info][gc,phases,start] GC(93) Compaction Phase
[7.951s][info][gc,phases      ] GC(93) Compaction Phase 6.611ms
[7.951s][info][gc,phases,start] GC(93) Post Compact
[7.951s][info][gc,phases      ] GC(93) Post Compact 0.300ms
[7.951s][info][gc,heap        ] GC(93) PSYoungGen: 5631K(11264K)->0K(11264K) Eden: 5631K(5632K)->0K(5632K) From: 0K(5632K)->0K(5632K)
[7.951s][info][gc,heap        ] GC(93) ParOldGen: 34024K(34304K)->10620K(30208K)
[7.951s][info][gc,metaspace   ] GC(93) Metaspace: 16736K(17024K)->16709K(16960K) NonClass: 14738K(14912K)->14717K(14848K) Class: 1997K(2112K)->1992K(2112K)
[7.952s][info][gc             ] GC(93) Pause Full (Ergonomics) 38M->10M(40M) 25.615ms
[7.952s][info][gc,cpu         ] GC(93) User=0.05s Sys=0.00s Real=0.03s
[7.964s][info][gc,heap,exit   ] Heap
[7.964s][info][gc,heap,exit   ]  PSYoungGen      total 11264K, used 376K [0x00000000fef80000, 0x0000000100000000, 0x0000000100000000)
[7.964s][info][gc,heap,exit   ]   eden space 5632K, 6% used [0x00000000fef80000,0x00000000fefde1d0,0x00000000ff500000)
[7.964s][info][gc,heap,exit   ]   from space 5632K, 0% used [0x00000000ffa80000,0x00000000ffa80000,0x0000000100000000)
[7.964s][info][gc,heap,exit   ]   to   space 5632K, 0% used [0x00000000ff500000,0x00000000ff500000,0x00000000ffa80000)
[7.964s][info][gc,heap,exit   ]  ParOldGen       total 30208K, used 10620K [0x00000000fce00000, 0x00000000feb80000, 0x00000000fef80000)
[7.964s][info][gc,heap,exit   ]   object space 30208K, 35% used [0x00000000fce00000,0x00000000fd85f2e8,0x00000000feb80000)
[7.964s][info][gc,heap,exit   ]  Metaspace       used 16730K, committed 16960K, reserved 1114112K
[7.964s][info][gc,heap,exit   ]   class space    used 1995K, committed 2112K, reserved 1048576K
