[0.008s][info][gc] Using Serial
[0.009s][info][gc,init] Version: 17.0.8+9-LTS-211 (release)
[0.009s][info][gc,init] CPUs: 4 total, 4 available
[0.009s][info][gc,init] Memory: 7550M
[0.009s][info][gc,init] Large Page Support: Disabled
[0.009s][info][gc,init] NUMA Support: Disabled
[0.009s][info][gc,init] Compressed Oops: Enabled (32-bit)
[0.009s][info][gc,init] Heap Min Capacity: 8M
[0.009s][info][gc,init] Heap Initial Capacity: 50M
[0.009s][info][gc,init] Heap Max Capacity: 50M
[0.009s][info][gc,init] Pre-touch: Disabled
[0.017s][info][gc,metaspace] CDS archive(s) mapped at: [0x0000021c80000000-0x0000021c80bd0000-0x0000021c80bd0000), size 12386304, SharedBaseAddress: 0x0000021c80000000, ArchiveRelocationMode: 1.
[0.017s][info][gc,metaspace] Compressed class space mapped at: 0x0000021c81000000-0x0000021cc1000000, reserved size: 1073741824
[0.017s][info][gc,metaspace] Narrow klass base: 0x0000021c80000000, Narrow klass shift: 0, Narrow klass range: 0x100000000
[0.402s][info][gc,start    ] GC(0) Pause Young (Allocation Failure)
[0.408s][info][gc,heap     ] GC(0) DefNew: 13696K(15360K)->1664K(15360K) Eden: 13696K(13696K)->0K(13696K) From: 0K(1664K)->1664K(1664K)
[0.408s][info][gc,heap     ] GC(0) Tenured: 0K(34176K)->1460K(34176K)
[0.408s][info][gc,metaspace] GC(0) Metaspace: 3579K(3776K)->3579K(3776K) NonClass: 3201K(3328K)->3201K(3328K) Class: 377K(448K)->377K(448K)
[0.408s][info][gc          ] GC(0) Pause Young (Allocation Failure) 13M->3M(48M) 6.168ms
[0.408s][info][gc,cpu      ] GC(0) User=0.00s Sys=0.00s Real=0.01s
[0.607s][info][gc,start    ] GC(1) Pause Young (Allocation Failure)
[0.612s][info][gc,heap     ] GC(1) DefNew: 15360K(15360K)->511K(15360K) Eden: 13696K(13696K)->0K(13696K) From: 1664K(1664K)->511K(1664K)
[0.612s][info][gc,heap     ] GC(1) Tenured: 1460K(34176K)->3098K(34176K)
[0.612s][info][gc,metaspace] GC(1) Metaspace: 5673K(5824K)->5673K(5824K) NonClass: 4982K(5056K)->4982K(5056K) Class: 690K(768K)->690K(768K)
[0.612s][info][gc          ] GC(1) Pause Young (Allocation Failure) 16M->3M(48M) 4.510ms
[0.612s][info][gc,cpu      ] GC(1) User=0.00s Sys=0.00s Real=0.00s
[0.816s][info][gc,start    ] GC(2) Pause Young (Allocation Failure)
[0.818s][info][gc,heap     ] GC(2) DefNew: 14207K(15360K)->1000K(15360K) Eden: 13696K(13696K)->0K(13696K) From: 511K(1664K)->1000K(1664K)
[0.818s][info][gc,heap     ] GC(2) Tenured: 3098K(34176K)->3098K(34176K)
[0.818s][info][gc,metaspace] GC(2) Metaspace: 7019K(7232K)->7019K(7232K) NonClass: 6179K(6272K)->6179K(6272K) Class: 840K(960K)->840K(960K)
[0.818s][info][gc          ] GC(2) Pause Young (Allocation Failure) 16M->4M(48M) 1.789ms
[0.818s][info][gc,cpu      ] GC(2) User=0.00s Sys=0.00s Real=0.00s
[1.046s][info][gc,start    ] GC(3) Pause Young (Allocation Failure)
[1.050s][info][gc,heap     ] GC(3) DefNew: 14696K(15360K)->1398K(15360K) Eden: 13696K(13696K)->0K(13696K) From: 1000K(1664K)->1398K(1664K)
[1.050s][info][gc,heap     ] GC(3) Tenured: 3098K(34176K)->3561K(34176K)
[1.050s][info][gc,metaspace] GC(3) Metaspace: 9544K(9664K)->9544K(9664K) NonClass: 8382K(8448K)->8382K(8448K) Class: 1162K(1216K)->1162K(1216K)
[1.050s][info][gc          ] GC(3) Pause Young (Allocation Failure) 17M->4M(48M) 4.322ms
[1.050s][info][gc,cpu      ] GC(3) User=0.00s Sys=0.00s Real=0.00s
[1.375s][info][gc,start    ] GC(4) Pause Young (Allocation Failure)
[1.380s][info][gc,heap     ] GC(4) DefNew: 15094K(15360K)->1322K(15360K) Eden: 13696K(13696K)->0K(13696K) From: 1398K(1664K)->1322K(1664K)
[1.380s][info][gc,heap     ] GC(4) Tenured: 3561K(34176K)->4924K(34176K)
[1.380s][info][gc,metaspace] GC(4) Metaspace: 12032K(12224K)->12032K(12224K) NonClass: 10531K(10624K)->10531K(10624K) Class: 1501K(1600K)->1501K(1600K)
[1.380s][info][gc          ] GC(4) Pause Young (Allocation Failure) 18M->6M(48M) 5.026ms
[1.380s][info][gc,cpu      ] GC(4) User=0.00s Sys=0.00s Real=0.00s
[1.697s][info][gc,start    ] GC(5) Pause Young (Allocation Failure)
[1.703s][info][gc,heap     ] GC(5) DefNew: 15018K(15360K)->1291K(15360K) Eden: 13696K(13696K)->0K(13696K) From: 1322K(1664K)->1291K(1664K)
[1.703s][info][gc,heap     ] GC(5) Tenured: 4924K(34176K)->6236K(34176K)
[1.703s][info][gc,metaspace] GC(5) Metaspace: 14760K(14912K)->14760K(14912K) NonClass: 12950K(13056K)->12950K(13056K) Class: 1810K(1856K)->1810K(1856K)
[1.703s][info][gc          ] GC(5) Pause Young (Allocation Failure) 19M->7M(48M) 6.169ms
[1.703s][info][gc,cpu      ] GC(5) User=0.00s Sys=0.00s Real=0.01s
[1.857s][info][gc,start    ] GC(6) Pause Young (Allocation Failure)
[1.863s][info][gc,heap     ] GC(6) DefNew: 14987K(15360K)->1469K(15360K) Eden: 13696K(13696K)->0K(13696K) From: 1291K(1664K)->1469K(1664K)
[1.863s][info][gc,heap     ] GC(6) Tenured: 6236K(34176K)->7513K(34176K)
[1.863s][info][gc,metaspace] GC(6) Metaspace: 15006K(15232K)->15006K(15232K) NonClass: 13189K(13312K)->13189K(13312K) Class: 1817K(1920K)->1817K(1920K)
[1.863s][info][gc          ] GC(6) Pause Young (Allocation Failure) 20M->8M(48M) 5.738ms
[1.863s][info][gc,cpu      ] GC(6) User=0.00s Sys=0.00s Real=0.01s
[2.007s][info][gc,start    ] GC(7) Pause Young (Allocation Failure)
[2.011s][info][gc,heap     ] GC(7) DefNew: 15165K(15360K)->1311K(15360K) Eden: 13696K(13696K)->0K(13696K) From: 1469K(1664K)->1311K(1664K)
[2.012s][info][gc,heap     ] GC(7) Tenured: 7513K(34176K)->8788K(34176K)
[2.012s][info][gc,metaspace] GC(7) Metaspace: 15437K(15616K)->15437K(15616K) NonClass: 13575K(13696K)->13575K(13696K) Class: 1861K(1920K)->1861K(1920K)
[2.012s][info][gc          ] GC(7) Pause Young (Allocation Failure) 22M->9M(48M) 4.892ms
[2.012s][info][gc,cpu      ] GC(7) User=0.00s Sys=0.00s Real=0.00s
[2.181s][info][gc,start    ] GC(8) Pause Young (Allocation Failure)
[2.185s][info][gc,heap     ] GC(8) DefNew: 15007K(15360K)->584K(15360K) Eden: 13696K(13696K)->0K(13696K) From: 1311K(1664K)->584K(1664K)
[2.185s][info][gc,heap     ] GC(8) Tenured: 8788K(34176K)->10039K(34176K)
[2.185s][info][gc,metaspace] GC(8) Metaspace: 15559K(15744K)->15559K(15744K) NonClass: 13695K(13824K)->13695K(13824K) Class: 1864K(1920K)->1864K(1920K)
[2.185s][info][gc          ] GC(8) Pause Young (Allocation Failure) 23M->10M(48M) 3.204ms
[2.185s][info][gc,cpu      ] GC(8) User=0.00s Sys=0.00s Real=0.00s
[2.427s][info][gc,start    ] GC(9) Pause Young (Allocation Failure)
[2.430s][info][gc,heap     ] GC(9) DefNew: 14280K(15360K)->1314K(15360K) Eden: 13696K(13696K)->0K(13696K) From: 584K(1664K)->1314K(1664K)
[2.430s][info][gc,heap     ] GC(9) Tenured: 10039K(34176K)->10039K(34176K)
[2.430s][info][gc,metaspace] GC(9) Metaspace: 15864K(16128K)->15864K(16128K) NonClass: 13981K(14144K)->13981K(14144K) Class: 1882K(1984K)->1882K(1984K)
[2.430s][info][gc          ] GC(9) Pause Young (Allocation Failure) 23M->11M(48M) 3.089ms
[2.430s][info][gc,cpu      ] GC(9) User=0.05s Sys=0.00s Real=0.00s
[2.605s][info][gc,start    ] GC(10) Pause Young (Allocation Failure)
[2.613s][info][gc,heap     ] GC(10) DefNew: 15010K(15360K)->1663K(15360K) Eden: 13696K(13696K)->0K(13696K) From: 1314K(1664K)->1663K(1664K)
[2.613s][info][gc,heap     ] GC(10) Tenured: 10039K(34176K)->12793K(34176K)
[2.613s][info][gc,metaspace] GC(10) Metaspace: 16750K(17024K)->16750K(17024K) NonClass: 14748K(14912K)->14748K(14912K) Class: 2001K(2112K)->2001K(2112K)
[2.613s][info][gc          ] GC(10) Pause Young (Allocation Failure) 24M->14M(48M) 7.960ms
[2.613s][info][gc,cpu      ] GC(10) User=0.00s Sys=0.00s Real=0.01s
[2.644s][info][gc,start    ] GC(11) Pause Young (Allocation Failure)
[2.663s][info][gc,heap     ] GC(11) DefNew: 15212K(15360K)->1663K(15360K) Eden: 13548K(13696K)->0K(13696K) From: 1663K(1664K)->1663K(1664K)
[2.663s][info][gc,heap     ] GC(11) Tenured: 12793K(34176K)->24610K(34176K)
[2.663s][info][gc,metaspace] GC(11) Metaspace: 16752K(17024K)->16752K(17024K) NonClass: 14750K(14912K)->14750K(14912K) Class: 2001K(2112K)->2001K(2112K)
[2.663s][info][gc          ] GC(11) Pause Young (Allocation Failure) 27M->25M(48M) 19.436ms
[2.663s][info][gc,cpu      ] GC(11) User=0.08s Sys=0.02s Real=0.02s
[2.697s][info][gc,start    ] GC(12) Pause Young (Allocation Failure)
[2.716s][info][gc,promotion] GC(12) Promotion failed
[2.716s][info][gc          ] GC(12) Pause Young (Allocation Failure) 39M->48M(48M) 18.900ms
[2.716s][info][gc,cpu      ] GC(12) User=0.05s Sys=0.00s Real=0.02s
[2.716s][info][gc,start    ] GC(13) Pause Full (Allocation Failure)
[2.716s][info][gc,phases,start] GC(13) Phase 1: Mark live objects
[2.746s][info][gc,phases      ] GC(13) Phase 1: Mark live objects 29.572ms
[2.746s][info][gc,phases,start] GC(13) Phase 2: Compute new object addresses
[2.757s][info][gc,phases      ] GC(13) Phase 2: Compute new object addresses 10.986ms
[2.757s][info][gc,phases,start] GC(13) Phase 3: Adjust pointers
[2.773s][info][gc,phases      ] GC(13) Phase 3: Adjust pointers 15.993ms
[2.773s][info][gc,phases,start] GC(13) Phase 4: Move objects
[2.774s][info][gc,phases      ] GC(13) Phase 4: Move objects 0.886ms
[2.774s][info][gc,heap        ] GC(13) DefNew: 15359K(15360K)->3312K(15360K) Eden: 13696K(13696K)->3312K(13696K) From: 1663K(1664K)->0K(1664K)
[2.774s][info][gc,heap        ] GC(13) Tenured: 24610K(34176K)->34175K(34176K)
[2.774s][info][gc,metaspace   ] GC(13) Metaspace: 16752K(17024K)->16752K(17024K) NonClass: 14750K(14912K)->14750K(14912K) Class: 2001K(2112K)->2001K(2112K)
[2.774s][info][gc             ] GC(13) Pause Full (Allocation Failure) 48M->36M(48M) 57.975ms
[2.774s][info][gc,cpu         ] GC(13) User=0.12s Sys=0.00s Real=0.06s
[2.801s][info][gc,start       ] GC(14) Pause Full (Allocation Failure)
[2.801s][info][gc,phases,start] GC(14) Phase 1: Mark live objects
[2.830s][info][gc,phases      ] GC(14) Phase 1: Mark live objects 29.255ms
[2.830s][info][gc,phases,start] GC(14) Phase 2: Compute new object addresses
[2.842s][info][gc,phases      ] GC(14) Phase 2: Compute new object addresses 11.956ms
[2.842s][info][gc,phases,start] GC(14) Phase 3: Adjust pointers
[2.861s][info][gc,phases      ] GC(14) Phase 3: Adjust pointers 19.033ms
[2.861s][info][gc,phases,start] GC(14) Phase 4: Move objects
[2.866s][info][gc,phases      ] GC(14) Phase 4: Move objects 4.668ms
[2.866s][info][gc,heap        ] GC(14) DefNew: 15360K(15360K)->13091K(15360K) Eden: 13696K(13696K)->13091K(13696K) From: 1664K(1664K)->0K(1664K)
[2.866s][info][gc,heap        ] GC(14) Tenured: 34175K(34176K)->34175K(34176K)
[2.866s][info][gc,metaspace   ] GC(14) Metaspace: 16752K(17024K)->16752K(17024K) NonClass: 14750K(14912K)->14750K(14912K) Class: 2001K(2112K)->2001K(2112K)
[2.866s][info][gc             ] GC(14) Pause Full (Allocation Failure) 48M->46M(48M) 65.393ms
[2.866s][info][gc,cpu         ] GC(14) User=0.16s Sys=0.00s Real=0.07s
[2.876s][info][gc,start       ] GC(15) Pause Full (Allocation Failure)
[2.876s][info][gc,phases,start] GC(15) Phase 1: Mark live objects
[2.906s][info][gc,phases      ] GC(15) Phase 1: Mark live objects 30.441ms
[2.906s][info][gc,phases,start] GC(15) Phase 2: Compute new object addresses
[2.918s][info][gc,phases      ] GC(15) Phase 2: Compute new object addresses 11.557ms
[2.918s][info][gc,phases,start] GC(15) Phase 3: Adjust pointers
[2.938s][info][gc,phases      ] GC(15) Phase 3: Adjust pointers 19.838ms
[2.938s][info][gc,phases,start] GC(15) Phase 4: Move objects
[2.938s][info][gc,phases      ] GC(15) Phase 4: Move objects 0.436ms
[2.938s][info][gc,heap        ] GC(15) DefNew: 15360K(15360K)->15354K(15360K) Eden: 13696K(13696K)->13696K(13696K) From: 1664K(1664K)->1658K(1664K)
[2.938s][info][gc,heap        ] GC(15) Tenured: 34175K(34176K)->34175K(34176K)
[2.938s][info][gc,metaspace   ] GC(15) Metaspace: 16752K(17024K)->16752K(17024K) NonClass: 14750K(14912K)->14750K(14912K) Class: 2001K(2112K)->2001K(2112K)
[2.938s][info][gc             ] GC(15) Pause Full (Allocation Failure) 48M->48M(48M) 62.644ms
[2.938s][info][gc,cpu         ] GC(15) User=0.12s Sys=0.00s Real=0.06s
[2.938s][info][gc,start       ] GC(16) Pause Full (Allocation Failure)
[2.938s][info][gc,phases,start] GC(16) Phase 1: Mark live objects
[2.970s][info][gc,phases      ] GC(16) Phase 1: Mark live objects 32.046ms
[2.971s][info][gc,phases,start] GC(16) Phase 2: Compute new object addresses
[2.982s][info][gc,phases      ] GC(16) Phase 2: Compute new object addresses 11.459ms
[2.982s][info][gc,phases,start] GC(16) Phase 3: Adjust pointers
[3.002s][info][gc,phases      ] GC(16) Phase 3: Adjust pointers 20.018ms
[3.002s][info][gc,phases,start] GC(16) Phase 4: Move objects
[3.013s][info][gc,phases      ] GC(16) Phase 4: Move objects 10.629ms
[3.013s][info][gc,heap        ] GC(16) DefNew: 15359K(15360K)->14138K(15360K) Eden: 13696K(13696K)->13695K(13696K) From: 1663K(1664K)->442K(1664K)
[3.013s][info][gc,heap        ] GC(16) Tenured: 34175K(34176K)->34175K(34176K)
[3.013s][info][gc,metaspace   ] GC(16) Metaspace: 16752K(17024K)->16750K(17024K) NonClass: 14750K(14912K)->14749K(14912K) Class: 2001K(2112K)->2001K(2112K)
[3.013s][info][gc             ] GC(16) Pause Full (Allocation Failure) 48M->47M(48M) 74.610ms
[3.013s][info][gc,cpu         ] GC(16) User=0.16s Sys=0.00s Real=0.07s
[3.020s][info][gc,start       ] GC(17) Pause Full (Allocation Failure)
[3.020s][info][gc,phases,start] GC(17) Phase 1: Mark live objects
[3.050s][info][gc,phases      ] GC(17) Phase 1: Mark live objects 29.779ms
[3.050s][info][gc,phases,start] GC(17) Phase 2: Compute new object addresses
[3.062s][info][gc,phases      ] GC(17) Phase 2: Compute new object addresses 12.524ms
[3.062s][info][gc,phases,start] GC(17) Phase 3: Adjust pointers
[3.082s][info][gc,phases      ] GC(17) Phase 3: Adjust pointers 19.574ms
[3.082s][info][gc,phases,start] GC(17) Phase 4: Move objects
[3.082s][info][gc,phases      ] GC(17) Phase 4: Move objects 0.012ms
[3.082s][info][gc,heap        ] GC(17) DefNew: 15359K(15360K)->15359K(15360K) Eden: 13696K(13696K)->13696K(13696K) From: 1663K(1664K)->1663K(1664K)
[3.082s][info][gc,heap        ] GC(17) Tenured: 34175K(34176K)->34175K(34176K)
[3.082s][info][gc,metaspace   ] GC(17) Metaspace: 16750K(17024K)->16750K(17024K) NonClass: 14749K(14912K)->14749K(14912K) Class: 2001K(2112K)->2001K(2112K)
[3.082s][info][gc             ] GC(17) Pause Full (Allocation Failure) 48M->48M(48M) 62.288ms
[3.082s][info][gc,cpu         ] GC(17) User=0.12s Sys=0.00s Real=0.06s
[3.082s][info][gc,start       ] GC(18) Pause Full (Allocation Failure)
[3.082s][info][gc,phases,start] GC(18) Phase 1: Mark live objects
[3.115s][info][gc,phases      ] GC(18) Phase 1: Mark live objects 32.700ms
[3.115s][info][gc,phases,start] GC(18) Phase 2: Compute new object addresses
[3.127s][info][gc,phases      ] GC(18) Phase 2: Compute new object addresses 12.221ms
[3.127s][info][gc,phases,start] GC(18) Phase 3: Adjust pointers
[3.147s][info][gc,phases      ] GC(18) Phase 3: Adjust pointers 20.187ms
[3.147s][info][gc,phases,start] GC(18) Phase 4: Move objects
[3.158s][info][gc,phases      ] GC(18) Phase 4: Move objects 10.590ms
[3.158s][info][gc,heap        ] GC(18) DefNew: 15359K(15360K)->15034K(15360K) Eden: 13696K(13696K)->13695K(13696K) From: 1663K(1664K)->1338K(1664K)
[3.158s][info][gc,heap        ] GC(18) Tenured: 34175K(34176K)->34175K(34176K)
[3.158s][info][gc,metaspace   ] GC(18) Metaspace: 16750K(17024K)->16730K(17024K) NonClass: 14749K(14912K)->14734K(14912K) Class: 2001K(2112K)->1995K(2112K)
[3.158s][info][gc             ] GC(18) Pause Full (Allocation Failure) 48M->48M(48M) 76.163ms
[3.158s][info][gc,cpu         ] GC(18) User=0.16s Sys=0.00s Real=0.08s
[3.160s][info][gc,start       ] GC(19) Pause Full (Allocation Failure)
[3.160s][info][gc,phases,start] GC(19) Phase 1: Mark live objects
[3.190s][info][gc,phases      ] GC(19) Phase 1: Mark live objects 29.733ms
[3.190s][info][gc,phases,start] GC(19) Phase 2: Compute new object addresses
[3.202s][info][gc,phases      ] GC(19) Phase 2: Compute new object addresses 11.739ms
[3.202s][info][gc,phases,start] GC(19) Phase 3: Adjust pointers
[3.222s][info][gc,phases      ] GC(19) Phase 3: Adjust pointers 20.221ms
[3.222s][info][gc,phases,start] GC(19) Phase 4: Move objects
[3.222s][info][gc,phases      ] GC(19) Phase 4: Move objects 0.012ms
[3.222s][info][gc,heap        ] GC(19) DefNew: 15359K(15360K)->15359K(15360K) Eden: 13695K(13696K)->13695K(13696K) From: 1663K(1664K)->1663K(1664K)
[3.222s][info][gc,heap        ] GC(19) Tenured: 34175K(34176K)->34175K(34176K)
[3.222s][info][gc,metaspace   ] GC(19) Metaspace: 16730K(17024K)->16730K(17024K) NonClass: 14734K(14912K)->14734K(14912K) Class: 1995K(2112K)->1995K(2112K)
[3.222s][info][gc             ] GC(19) Pause Full (Allocation Failure) 48M->48M(48M) 62.195ms
[3.223s][info][gc,cpu         ] GC(19) User=0.12s Sys=0.00s Real=0.06s
[3.223s][info][gc,start       ] GC(20) Pause Full (Allocation Failure)
[3.223s][info][gc,phases,start] GC(20) Phase 1: Mark live objects
[3.253s][info][gc,phases      ] GC(20) Phase 1: Mark live objects 30.340ms
[3.253s][info][gc,phases,start] GC(20) Phase 2: Compute new object addresses
[3.265s][info][gc,phases      ] GC(20) Phase 2: Compute new object addresses 12.312ms
[3.265s][info][gc,phases,start] GC(20) Phase 3: Adjust pointers
[3.286s][info][gc,phases      ] GC(20) Phase 3: Adjust pointers 21.067ms
[3.286s][info][gc,phases,start] GC(20) Phase 4: Move objects
[3.286s][info][gc,phases      ] GC(20) Phase 4: Move objects 0.013ms
[3.287s][info][gc,heap        ] GC(20) DefNew: 15359K(15360K)->15359K(15360K) Eden: 13695K(13696K)->13695K(13696K) From: 1663K(1664K)->1663K(1664K)
[3.287s][info][gc,heap        ] GC(20) Tenured: 34175K(34176K)->34175K(34176K)
[3.287s][info][gc,metaspace   ] GC(20) Metaspace: 16730K(17024K)->16730K(17024K) NonClass: 14734K(14912K)->14734K(14912K) Class: 1995K(2112K)->1995K(2112K)
[3.287s][info][gc             ] GC(20) Pause Full (Allocation Failure) 48M->48M(48M) 64.094ms
[3.287s][info][gc,cpu         ] GC(20) User=0.12s Sys=0.00s Real=0.06s
[3.287s][info][gc,start       ] GC(21) Pause Full (Allocation Failure)
[3.287s][info][gc,phases,start] GC(21) Phase 1: Mark live objects
[3.318s][info][gc,phases      ] GC(21) Phase 1: Mark live objects 31.635ms
[3.318s][info][gc,phases,start] GC(21) Phase 2: Compute new object addresses
[3.330s][info][gc,phases      ] GC(21) Phase 2: Compute new object addresses 11.755ms
[3.330s][info][gc,phases,start] GC(21) Phase 3: Adjust pointers
[3.350s][info][gc,phases      ] GC(21) Phase 3: Adjust pointers 19.755ms
[3.350s][info][gc,phases,start] GC(21) Phase 4: Move objects
[3.350s][info][gc,phases      ] GC(21) Phase 4: Move objects 0.013ms
[3.350s][info][gc,heap        ] GC(21) DefNew: 15359K(15360K)->15359K(15360K) Eden: 13695K(13696K)->13695K(13696K) From: 1663K(1664K)->1663K(1664K)
[3.350s][info][gc,heap        ] GC(21) Tenured: 34175K(34176K)->34175K(34176K)
[3.350s][info][gc,metaspace   ] GC(21) Metaspace: 16730K(17024K)->16730K(17024K) NonClass: 14734K(14912K)->14734K(14912K) Class: 1995K(2112K)->1995K(2112K)
[3.350s][info][gc             ] GC(21) Pause Full (Allocation Failure) 48M->48M(48M) 63.505ms
[3.350s][info][gc,cpu         ] GC(21) User=0.16s Sys=0.00s Real=0.06s
[3.350s][info][gc,start       ] GC(22) Pause Full (Allocation Failure)
[3.350s][info][gc,phases,start] GC(22) Phase 1: Mark live objects
[3.381s][info][gc,phases      ] GC(22) Phase 1: Mark live objects 30.613ms
[3.381s][info][gc,phases,start] GC(22) Phase 2: Compute new object addresses
[3.393s][info][gc,phases      ] GC(22) Phase 2: Compute new object addresses 11.835ms
[3.393s][info][gc,phases,start] GC(22) Phase 3: Adjust pointers
[3.413s][info][gc,phases      ] GC(22) Phase 3: Adjust pointers 20.540ms
[3.413s][info][gc,phases,start] GC(22) Phase 4: Move objects
[3.424s][info][gc,phases      ] GC(22) Phase 4: Move objects 10.024ms
[3.424s][info][gc,heap        ] GC(22) DefNew: 15359K(15360K)->15358K(15360K) Eden: 13695K(13696K)->13696K(13696K) From: 1663K(1664K)->1662K(1664K)
[3.424s][info][gc,heap        ] GC(22) Tenured: 34175K(34176K)->34175K(34176K)
[3.424s][info][gc,metaspace   ] GC(22) Metaspace: 16730K(17024K)->16730K(17024K) NonClass: 14734K(14912K)->14734K(14912K) Class: 1995K(2112K)->1995K(2112K)
[3.424s][info][gc             ] GC(22) Pause Full (Allocation Failure) 48M->48M(48M) 73.448ms
[3.424s][info][gc,cpu         ] GC(22) User=0.08s Sys=0.02s Real=0.07s
[3.424s][info][gc,start       ] GC(23) Pause Full (Allocation Failure)
[3.424s][info][gc,phases,start] GC(23) Phase 1: Mark live objects
[3.455s][info][gc,phases      ] GC(23) Phase 1: Mark live objects 30.562ms
[3.455s][info][gc,phases,start] GC(23) Phase 2: Compute new object addresses
[3.467s][info][gc,phases      ] GC(23) Phase 2: Compute new object addresses 12.714ms
[3.467s][info][gc,phases,start] GC(23) Phase 3: Adjust pointers
[3.488s][info][gc,phases      ] GC(23) Phase 3: Adjust pointers 20.145ms
[3.488s][info][gc,phases,start] GC(23) Phase 4: Move objects
[3.488s][info][gc,phases      ] GC(23) Phase 4: Move objects 0.012ms
[3.488s][info][gc,heap        ] GC(23) DefNew: 15360K(15360K)->15360K(15360K) Eden: 13696K(13696K)->13696K(13696K) From: 1664K(1664K)->1664K(1664K)
[3.488s][info][gc,heap        ] GC(23) Tenured: 34176K(34176K)->34176K(34176K)
[3.488s][info][gc,metaspace   ] GC(23) Metaspace: 16730K(17024K)->16730K(17024K) NonClass: 14734K(14912K)->14734K(14912K) Class: 1995K(2112K)->1995K(2112K)
[3.488s][info][gc             ] GC(23) Pause Full (Allocation Failure) 48M->48M(48M) 63.864ms
[3.488s][info][gc,cpu         ] GC(23) User=0.06s Sys=0.00s Real=0.06s
[3.488s][info][gc,start       ] GC(24) Pause Full (Allocation Failure)
[3.488s][info][gc,phases,start] GC(24) Phase 1: Mark live objects
[3.519s][info][gc,phases      ] GC(24) Phase 1: Mark live objects 31.111ms
[3.519s][info][gc,phases,start] GC(24) Phase 2: Compute new object addresses
[3.531s][info][gc,phases      ] GC(24) Phase 2: Compute new object addresses 12.331ms
[3.531s][info][gc,phases,start] GC(24) Phase 3: Adjust pointers
[3.552s][info][gc,phases      ] GC(24) Phase 3: Adjust pointers 20.298ms
[3.552s][info][gc,phases,start] GC(24) Phase 4: Move objects
[3.562s][info][gc,phases      ] GC(24) Phase 4: Move objects 10.462ms
[3.562s][info][gc,heap        ] GC(24) DefNew: 15360K(15360K)->15357K(15360K) Eden: 13696K(13696K)->13696K(13696K) From: 1664K(1664K)->1661K(1664K)
[3.562s][info][gc,heap        ] GC(24) Tenured: 34176K(34176K)->34176K(34176K)
[3.562s][info][gc,metaspace   ] GC(24) Metaspace: 16730K(17024K)->16730K(17024K) NonClass: 14734K(14912K)->14734K(14912K) Class: 1995K(2112K)->1995K(2112K)
[3.563s][info][gc             ] GC(24) Pause Full (Allocation Failure) 48M->48M(48M) 74.682ms
[3.563s][info][gc,cpu         ] GC(24) User=0.08s Sys=0.00s Real=0.08s
[3.563s][info][gc,start       ] GC(25) Pause Full (Allocation Failure)
[3.563s][info][gc,phases,start] GC(25) Phase 1: Mark live objects
[3.594s][info][gc,phases      ] GC(25) Phase 1: Mark live objects 31.302ms
[3.594s][info][gc,phases,start] GC(25) Phase 2: Compute new object addresses
[3.606s][info][gc,phases      ] GC(25) Phase 2: Compute new object addresses 12.026ms
[3.606s][info][gc,phases,start] GC(25) Phase 3: Adjust pointers
[3.626s][info][gc,phases      ] GC(25) Phase 3: Adjust pointers 19.651ms
[3.626s][info][gc,phases,start] GC(25) Phase 4: Move objects
[3.626s][info][gc,phases      ] GC(25) Phase 4: Move objects 0.011ms
[3.626s][info][gc,heap        ] GC(25) DefNew: 15360K(15360K)->15360K(15360K) Eden: 13696K(13696K)->13696K(13696K) From: 1664K(1664K)->1664K(1664K)
[3.626s][info][gc,heap        ] GC(25) Tenured: 34176K(34176K)->34176K(34176K)
[3.626s][info][gc,metaspace   ] GC(25) Metaspace: 16730K(17024K)->16730K(17024K) NonClass: 14734K(14912K)->14734K(14912K) Class: 1995K(2112K)->1995K(2112K)
[3.626s][info][gc             ] GC(25) Pause Full (Allocation Failure) 48M->48M(48M) 63.382ms
[3.626s][info][gc,cpu         ] GC(25) User=0.08s Sys=0.00s Real=0.06s
[3.626s][info][gc,start       ] GC(26) Pause Full (Allocation Failure)
[3.626s][info][gc,phases,start] GC(26) Phase 1: Mark live objects
[3.656s][info][gc,phases      ] GC(26) Phase 1: Mark live objects 29.826ms
[3.656s][info][gc,phases,start] GC(26) Phase 2: Compute new object addresses
[3.668s][info][gc,phases      ] GC(26) Phase 2: Compute new object addresses 11.688ms
[3.668s][info][gc,phases,start] GC(26) Phase 3: Adjust pointers
[3.688s][info][gc,phases      ] GC(26) Phase 3: Adjust pointers 20.259ms
[3.688s][info][gc,phases,start] GC(26) Phase 4: Move objects
[3.699s][info][gc,phases      ] GC(26) Phase 4: Move objects 10.546ms
[3.699s][info][gc,heap        ] GC(26) DefNew: 15360K(15360K)->15355K(15360K) Eden: 13696K(13696K)->13696K(13696K) From: 1664K(1664K)->1659K(1664K)
[3.699s][info][gc,heap        ] GC(26) Tenured: 34176K(34176K)->34175K(34176K)
[3.699s][info][gc,metaspace   ] GC(26) Metaspace: 16730K(17024K)->16730K(17024K) NonClass: 14734K(14912K)->14734K(14912K) Class: 1995K(2112K)->1995K(2112K)
[3.699s][info][gc             ] GC(26) Pause Full (Allocation Failure) 48M->48M(48M) 72.781ms
[3.699s][info][gc,cpu         ] GC(26) User=0.08s Sys=0.00s Real=0.07s
[3.699s][info][gc,start       ] GC(27) Pause Full (Allocation Failure)
[3.700s][info][gc,phases,start] GC(27) Phase 1: Mark live objects
[3.731s][info][gc,phases      ] GC(27) Phase 1: Mark live objects 31.356ms
[3.731s][info][gc,phases,start] GC(27) Phase 2: Compute new object addresses
[3.743s][info][gc,phases      ] GC(27) Phase 2: Compute new object addresses 11.654ms
[3.743s][info][gc,phases,start] GC(27) Phase 3: Adjust pointers
[3.762s][info][gc,phases      ] GC(27) Phase 3: Adjust pointers 19.600ms
[3.762s][info][gc,phases,start] GC(27) Phase 4: Move objects
[3.762s][info][gc,phases      ] GC(27) Phase 4: Move objects 0.012ms
[3.762s][info][gc,heap        ] GC(27) DefNew: 15359K(15360K)->15359K(15360K) Eden: 13696K(13696K)->13696K(13696K) From: 1663K(1664K)->1663K(1664K)
[3.762s][info][gc,heap        ] GC(27) Tenured: 34175K(34176K)->34175K(34176K)
[3.762s][info][gc,metaspace   ] GC(27) Metaspace: 16730K(17024K)->16730K(17024K) NonClass: 14734K(14912K)->14734K(14912K) Class: 1995K(2112K)->1995K(2112K)
[3.762s][info][gc             ] GC(27) Pause Full (Allocation Failure) 48M->48M(48M) 63.009ms
[3.762s][info][gc,cpu         ] GC(27) User=0.06s Sys=0.00s Real=0.06s
[3.763s][info][gc,start       ] GC(28) Pause Full (Allocation Failure)
[3.763s][info][gc,phases,start] GC(28) Phase 1: Mark live objects
[3.792s][info][gc,phases      ] GC(28) Phase 1: Mark live objects 29.608ms
[3.792s][info][gc,phases,start] GC(28) Phase 2: Compute new object addresses
[3.804s][info][gc,phases      ] GC(28) Phase 2: Compute new object addresses 11.744ms
[3.804s][info][gc,phases,start] GC(28) Phase 3: Adjust pointers
[3.824s][info][gc,phases      ] GC(28) Phase 3: Adjust pointers 19.999ms
[3.824s][info][gc,phases,start] GC(28) Phase 4: Move objects
[3.824s][info][gc,phases      ] GC(28) Phase 4: Move objects 0.011ms
[3.824s][info][gc,heap        ] GC(28) DefNew: 15360K(15360K)->15360K(15360K) Eden: 13696K(13696K)->13696K(13696K) From: 1664K(1664K)->1664K(1664K)
[3.824s][info][gc,heap        ] GC(28) Tenured: 34175K(34176K)->34175K(34176K)
[3.824s][info][gc,metaspace   ] GC(28) Metaspace: 16730K(17024K)->16730K(17024K) NonClass: 14734K(14912K)->14734K(14912K) Class: 1995K(2112K)->1995K(2112K)
[3.824s][info][gc             ] GC(28) Pause Full (Allocation Failure) 48M->48M(48M) 61.682ms
[3.824s][info][gc,cpu         ] GC(28) User=0.06s Sys=0.00s Real=0.06s
[3.824s][info][gc,start       ] GC(29) Pause Full (Allocation Failure)
[3.825s][info][gc,phases,start] GC(29) Phase 1: Mark live objects
[3.854s][info][gc,phases      ] GC(29) Phase 1: Mark live objects 29.892ms
[3.854s][info][gc,phases,start] GC(29) Phase 2: Compute new object addresses
[3.866s][info][gc,phases      ] GC(29) Phase 2: Compute new object addresses 11.610ms
[3.866s][info][gc,phases,start] GC(29) Phase 3: Adjust pointers
[3.886s][info][gc,phases      ] GC(29) Phase 3: Adjust pointers 19.903ms
[3.886s][info][gc,phases,start] GC(29) Phase 4: Move objects
[3.886s][info][gc,phases      ] GC(29) Phase 4: Move objects 0.011ms
[3.886s][info][gc,heap        ] GC(29) DefNew: 15360K(15360K)->15360K(15360K) Eden: 13696K(13696K)->13696K(13696K) From: 1664K(1664K)->1664K(1664K)
[3.886s][info][gc,heap        ] GC(29) Tenured: 34175K(34176K)->34175K(34176K)
[3.886s][info][gc,metaspace   ] GC(29) Metaspace: 16730K(17024K)->16730K(17024K) NonClass: 14734K(14912K)->14734K(14912K) Class: 1995K(2112K)->1995K(2112K)
[3.886s][info][gc             ] GC(29) Pause Full (Allocation Failure) 48M->48M(48M) 61.712ms
[3.886s][info][gc,cpu         ] GC(29) User=0.06s Sys=0.00s Real=0.06s
[3.887s][info][gc,start       ] GC(30) Pause Full (Allocation Failure)
[3.887s][info][gc,phases,start] GC(30) Phase 1: Mark live objects
[3.917s][info][gc,phases      ] GC(30) Phase 1: Mark live objects 30.321ms
[3.917s][info][gc,phases,start] GC(30) Phase 2: Compute new object addresses
[3.929s][info][gc,phases      ] GC(30) Phase 2: Compute new object addresses 11.935ms
[3.929s][info][gc,phases,start] GC(30) Phase 3: Adjust pointers
[3.950s][info][gc,phases      ] GC(30) Phase 3: Adjust pointers 20.517ms
[3.950s][info][gc,phases,start] GC(30) Phase 4: Move objects
[3.950s][info][gc,phases      ] GC(30) Phase 4: Move objects 0.013ms
[3.950s][info][gc,heap        ] GC(30) DefNew: 15360K(15360K)->15360K(15360K) Eden: 13696K(13696K)->13696K(13696K) From: 1664K(1664K)->1664K(1664K)
[3.950s][info][gc,heap        ] GC(30) Tenured: 34175K(34176K)->34175K(34176K)
[3.950s][info][gc,metaspace   ] GC(30) Metaspace: 16730K(17024K)->16730K(17024K) NonClass: 14734K(14912K)->14734K(14912K) Class: 1995K(2112K)->1995K(2112K)
[3.950s][info][gc             ] GC(30) Pause Full (Allocation Failure) 48M->48M(48M) 63.173ms
[3.950s][info][gc,cpu         ] GC(30) User=0.06s Sys=0.00s Real=0.06s
[3.950s][info][gc,start       ] GC(31) Pause Full (Allocation Failure)
[3.950s][info][gc,phases,start] GC(31) Phase 1: Mark live objects
[3.980s][info][gc,phases      ] GC(31) Phase 1: Mark live objects 29.994ms
[3.980s][info][gc,phases,start] GC(31) Phase 2: Compute new object addresses
[3.992s][info][gc,phases      ] GC(31) Phase 2: Compute new object addresses 11.748ms
[3.992s][info][gc,phases,start] GC(31) Phase 3: Adjust pointers
[4.011s][info][gc,phases      ] GC(31) Phase 3: Adjust pointers 19.599ms
[4.011s][info][gc,phases,start] GC(31) Phase 4: Move objects
[4.011s][info][gc,phases      ] GC(31) Phase 4: Move objects 0.011ms
[4.011s][info][gc,heap        ] GC(31) DefNew: 15360K(15360K)->15360K(15360K) Eden: 13696K(13696K)->13696K(13696K) From: 1664K(1664K)->1664K(1664K)
[4.011s][info][gc,heap        ] GC(31) Tenured: 34175K(34176K)->34175K(34176K)
[4.011s][info][gc,metaspace   ] GC(31) Metaspace: 16730K(17024K)->16730K(17024K) NonClass: 14734K(14912K)->14734K(14912K) Class: 1995K(2112K)->1995K(2112K)
[4.011s][info][gc             ] GC(31) Pause Full (Allocation Failure) 48M->48M(48M) 61.659ms
[4.011s][info][gc,cpu         ] GC(31) User=0.06s Sys=0.00s Real=0.06s
[4.012s][info][gc,start       ] GC(32) Pause Full (Allocation Failure)
[4.012s][info][gc,phases,start] GC(32) Phase 1: Mark live objects
[4.043s][info][gc,phases      ] GC(32) Phase 1: Mark live objects 30.797ms
[4.043s][info][gc,phases,start] GC(32) Phase 2: Compute new object addresses
[4.055s][info][gc,phases      ] GC(32) Phase 2: Compute new object addresses 11.869ms
[4.055s][info][gc,phases,start] GC(32) Phase 3: Adjust pointers
[4.074s][info][gc,phases      ] GC(32) Phase 3: Adjust pointers 19.664ms
[4.074s][info][gc,phases,start] GC(32) Phase 4: Move objects
[4.074s][info][gc,phases      ] GC(32) Phase 4: Move objects 0.012ms
[4.074s][info][gc,heap        ] GC(32) DefNew: 15360K(15360K)->15360K(15360K) Eden: 13696K(13696K)->13696K(13696K) From: 1664K(1664K)->1664K(1664K)
[4.074s][info][gc,heap        ] GC(32) Tenured: 34175K(34176K)->34175K(34176K)
[4.074s][info][gc,metaspace   ] GC(32) Metaspace: 16730K(17024K)->16730K(17024K) NonClass: 14734K(14912K)->14734K(14912K) Class: 1995K(2112K)->1995K(2112K)
[4.075s][info][gc             ] GC(32) Pause Full (Allocation Failure) 48M->48M(48M) 62.740ms
[4.075s][info][gc,cpu         ] GC(32) User=0.06s Sys=0.00s Real=0.06s
[4.075s][info][gc,start       ] GC(33) Pause Full (Allocation Failure)
[4.075s][info][gc,phases,start] GC(33) Phase 1: Mark live objects
[4.104s][info][gc,phases      ] GC(33) Phase 1: Mark live objects 29.524ms
[4.104s][info][gc,phases,start] GC(33) Phase 2: Compute new object addresses
[4.116s][info][gc,phases      ] GC(33) Phase 2: Compute new object addresses 11.765ms
[4.118s][info][gc,phases,start] GC(33) Phase 3: Adjust pointers
[4.138s][info][gc,phases      ] GC(33) Phase 3: Adjust pointers 19.861ms
[4.138s][info][gc,phases,start] GC(33) Phase 4: Move objects
[4.138s][info][gc,phases      ] GC(33) Phase 4: Move objects 0.012ms
[4.138s][info][gc,heap        ] GC(33) DefNew: 15360K(15360K)->15360K(15360K) Eden: 13696K(13696K)->13696K(13696K) From: 1664K(1664K)->1664K(1664K)
[4.138s][info][gc,heap        ] GC(33) Tenured: 34175K(34176K)->34175K(34176K)
[4.138s][info][gc,metaspace   ] GC(33) Metaspace: 16730K(17024K)->16730K(17024K) NonClass: 14734K(14912K)->14734K(14912K) Class: 1995K(2112K)->1995K(2112K)
[4.138s][info][gc             ] GC(33) Pause Full (Allocation Failure) 48M->48M(48M) 63.427ms
[4.138s][info][gc,cpu         ] GC(33) User=0.06s Sys=0.00s Real=0.06s
[4.138s][info][gc,start       ] GC(34) Pause Full (Allocation Failure)
[4.138s][info][gc,phases,start] GC(34) Phase 1: Mark live objects
[4.168s][info][gc,phases      ] GC(34) Phase 1: Mark live objects 30.036ms
[4.168s][info][gc,phases,start] GC(34) Phase 2: Compute new object addresses
[4.180s][info][gc,phases      ] GC(34) Phase 2: Compute new object addresses 11.671ms
[4.180s][info][gc,phases,start] GC(34) Phase 3: Adjust pointers
[4.200s][info][gc,phases      ] GC(34) Phase 3: Adjust pointers 19.724ms
[4.200s][info][gc,phases,start] GC(34) Phase 4: Move objects
[4.200s][info][gc,phases      ] GC(34) Phase 4: Move objects 0.012ms
[4.200s][info][gc,heap        ] GC(34) DefNew: 15360K(15360K)->15360K(15360K) Eden: 13696K(13696K)->13696K(13696K) From: 1664K(1664K)->1664K(1664K)
[4.200s][info][gc,heap        ] GC(34) Tenured: 34175K(34176K)->34175K(34176K)
[4.200s][info][gc,metaspace   ] GC(34) Metaspace: 16730K(17024K)->16730K(17024K) NonClass: 14734K(14912K)->14734K(14912K) Class: 1995K(2112K)->1995K(2112K)
[4.200s][info][gc             ] GC(34) Pause Full (Allocation Failure) 48M->48M(48M) 61.825ms
[4.200s][info][gc,cpu         ] GC(34) User=0.06s Sys=0.00s Real=0.06s
[4.200s][info][gc,start       ] GC(35) Pause Full (Allocation Failure)
[4.200s][info][gc,phases,start] GC(35) Phase 1: Mark live objects
[4.230s][info][gc,phases      ] GC(35) Phase 1: Mark live objects 30.201ms
[4.230s][info][gc,phases,start] GC(35) Phase 2: Compute new object addresses
[4.242s][info][gc,phases      ] GC(35) Phase 2: Compute new object addresses 12.072ms
[4.242s][info][gc,phases,start] GC(35) Phase 3: Adjust pointers
[4.263s][info][gc,phases      ] GC(35) Phase 3: Adjust pointers 20.763ms
[4.263s][info][gc,phases,start] GC(35) Phase 4: Move objects
[4.263s][info][gc,phases      ] GC(35) Phase 4: Move objects 0.011ms
[4.263s][info][gc,heap        ] GC(35) DefNew: 15360K(15360K)->15360K(15360K) Eden: 13696K(13696K)->13696K(13696K) From: 1664K(1664K)->1664K(1664K)
[4.263s][info][gc,heap        ] GC(35) Tenured: 34175K(34176K)->34175K(34176K)
[4.263s][info][gc,metaspace   ] GC(35) Metaspace: 16730K(17024K)->16730K(17024K) NonClass: 14734K(14912K)->14734K(14912K) Class: 1995K(2112K)->1995K(2112K)
[4.263s][info][gc             ] GC(35) Pause Full (Allocation Failure) 48M->48M(48M) 63.369ms
[4.263s][info][gc,cpu         ] GC(35) User=0.06s Sys=0.00s Real=0.06s
[4.264s][info][gc,start       ] GC(36) Pause Full (Allocation Failure)
[4.264s][info][gc,phases,start] GC(36) Phase 1: Mark live objects
[4.293s][info][gc,phases      ] GC(36) Phase 1: Mark live objects 29.817ms
[4.293s][info][gc,phases,start] GC(36) Phase 2: Compute new object addresses
[4.305s][info][gc,phases      ] GC(36) Phase 2: Compute new object addresses 11.689ms
[4.305s][info][gc,phases,start] GC(36) Phase 3: Adjust pointers
[4.325s][info][gc,phases      ] GC(36) Phase 3: Adjust pointers 19.861ms
[4.325s][info][gc,phases,start] GC(36) Phase 4: Move objects
[4.325s][info][gc,phases      ] GC(36) Phase 4: Move objects 0.012ms
[4.325s][info][gc,heap        ] GC(36) DefNew: 15360K(15360K)->15359K(15360K) Eden: 13696K(13696K)->13696K(13696K) From: 1664K(1664K)->1663K(1664K)
[4.325s][info][gc,heap        ] GC(36) Tenured: 34175K(34176K)->34175K(34176K)
[4.325s][info][gc,metaspace   ] GC(36) Metaspace: 16730K(17024K)->16730K(17024K) NonClass: 14734K(14912K)->14734K(14912K) Class: 1995K(2112K)->1995K(2112K)
[4.325s][info][gc             ] GC(36) Pause Full (Allocation Failure) 48M->48M(48M) 61.764ms
[4.325s][info][gc,cpu         ] GC(36) User=0.06s Sys=0.00s Real=0.06s
[4.325s][info][gc,start       ] GC(37) Pause Full (Allocation Failure)
[4.326s][info][gc,phases,start] GC(37) Phase 1: Mark live objects
[4.357s][info][gc,phases      ] GC(37) Phase 1: Mark live objects 31.359ms
[4.357s][info][gc,phases,start] GC(37) Phase 2: Compute new object addresses
[4.369s][info][gc,phases      ] GC(37) Phase 2: Compute new object addresses 12.385ms
[4.369s][info][gc,phases,start] GC(37) Phase 3: Adjust pointers
[4.389s][info][gc,phases      ] GC(37) Phase 3: Adjust pointers 19.871ms
[4.389s][info][gc,phases,start] GC(37) Phase 4: Move objects
[4.389s][info][gc,phases      ] GC(37) Phase 4: Move objects 0.011ms
[4.389s][info][gc,heap        ] GC(37) DefNew: 15360K(15360K)->15360K(15360K) Eden: 13696K(13696K)->13696K(13696K) From: 1664K(1664K)->1664K(1664K)
[4.389s][info][gc,heap        ] GC(37) Tenured: 34175K(34176K)->34175K(34176K)
[4.389s][info][gc,metaspace   ] GC(37) Metaspace: 16730K(17024K)->16730K(17024K) NonClass: 14734K(14912K)->14734K(14912K) Class: 1995K(2112K)->1995K(2112K)
[4.389s][info][gc             ] GC(37) Pause Full (Allocation Failure) 48M->48M(48M) 64.011ms
[4.389s][info][gc,cpu         ] GC(37) User=0.06s Sys=0.00s Real=0.06s
[4.389s][info][gc,start       ] GC(38) Pause Full (Allocation Failure)
[4.389s][info][gc,phases,start] GC(38) Phase 1: Mark live objects
[4.419s][info][gc,phases      ] GC(38) Phase 1: Mark live objects 29.930ms
[4.419s][info][gc,phases,start] GC(38) Phase 2: Compute new object addresses
[4.432s][info][gc,phases      ] GC(38) Phase 2: Compute new object addresses 12.640ms
[4.432s][info][gc,phases,start] GC(38) Phase 3: Adjust pointers
[4.454s][info][gc,phases      ] GC(38) Phase 3: Adjust pointers 21.356ms
[4.454s][info][gc,phases,start] GC(38) Phase 4: Move objects
[4.461s][info][gc,phases      ] GC(38) Phase 4: Move objects 7.789ms
[4.462s][info][gc,heap        ] GC(38) DefNew: 15360K(15360K)->15359K(15360K) Eden: 13696K(13696K)->13695K(13696K) From: 1664K(1664K)->1663K(1664K)
[4.462s][info][gc,heap        ] GC(38) Tenured: 34175K(34176K)->34175K(34176K)
[4.462s][info][gc,metaspace   ] GC(38) Metaspace: 16730K(17024K)->16730K(17024K) NonClass: 14734K(14912K)->14734K(14912K) Class: 1995K(2112K)->1995K(2112K)
[4.462s][info][gc             ] GC(38) Pause Full (Allocation Failure) 48M->48M(48M) 72.178ms
[4.462s][info][gc,cpu         ] GC(38) User=0.08s Sys=0.00s Real=0.07s
[4.462s][info][gc,start       ] GC(39) Pause Full (Allocation Failure)
[4.462s][info][gc,phases,start] GC(39) Phase 1: Mark live objects
[4.493s][info][gc,phases      ] GC(39) Phase 1: Mark live objects 30.791ms
[4.493s][info][gc,phases,start] GC(39) Phase 2: Compute new object addresses
[4.506s][info][gc,phases      ] GC(39) Phase 2: Compute new object addresses 13.572ms
[4.507s][info][gc,phases,start] GC(39) Phase 3: Adjust pointers
[4.526s][info][gc,phases      ] GC(39) Phase 3: Adjust pointers 19.459ms
[4.526s][info][gc,phases,start] GC(39) Phase 4: Move objects
[4.526s][info][gc,phases      ] GC(39) Phase 4: Move objects 0.013ms
[4.526s][info][gc,heap        ] GC(39) DefNew: 15359K(15360K)->15359K(15360K) Eden: 13695K(13696K)->13695K(13696K) From: 1663K(1664K)->1663K(1664K)
[4.526s][info][gc,heap        ] GC(39) Tenured: 34175K(34176K)->34175K(34176K)
[4.526s][info][gc,metaspace   ] GC(39) Metaspace: 16730K(17024K)->16730K(17024K) NonClass: 14734K(14912K)->14734K(14912K) Class: 1995K(2112K)->1995K(2112K)
[4.526s][info][gc             ] GC(39) Pause Full (Allocation Failure) 48M->48M(48M) 64.213ms
[4.526s][info][gc,cpu         ] GC(39) User=0.06s Sys=0.00s Real=0.06s
[4.526s][info][gc,start       ] GC(40) Pause Full (Allocation Failure)
[4.526s][info][gc,phases,start] GC(40) Phase 1: Mark live objects
[4.557s][info][gc,phases      ] GC(40) Phase 1: Mark live objects 30.340ms
[4.557s][info][gc,phases,start] GC(40) Phase 2: Compute new object addresses
[4.570s][info][gc,phases      ] GC(40) Phase 2: Compute new object addresses 12.966ms
[4.570s][info][gc,phases,start] GC(40) Phase 3: Adjust pointers
[4.591s][info][gc,phases      ] GC(40) Phase 3: Adjust pointers 21.154ms
[4.591s][info][gc,phases,start] GC(40) Phase 4: Move objects
[4.601s][info][gc,phases      ] GC(40) Phase 4: Move objects 9.438ms
[4.601s][info][gc,heap        ] GC(40) DefNew: 15359K(15360K)->15359K(15360K) Eden: 13695K(13696K)->13695K(13696K) From: 1663K(1664K)->1663K(1664K)
[4.601s][info][gc,heap        ] GC(40) Tenured: 34175K(34176K)->34175K(34176K)
[4.601s][info][gc,metaspace   ] GC(40) Metaspace: 16730K(17024K)->16730K(17024K) NonClass: 14734K(14912K)->14734K(14912K) Class: 1995K(2112K)->1995K(2112K)
[4.601s][info][gc             ] GC(40) Pause Full (Allocation Failure) 48M->48M(48M) 74.450ms
[4.601s][info][gc,cpu         ] GC(40) User=0.08s Sys=0.00s Real=0.08s
[4.601s][info][gc,start       ] GC(41) Pause Full (Allocation Failure)
[4.601s][info][gc,phases,start] GC(41) Phase 1: Mark live objects
[4.632s][info][gc,phases      ] GC(41) Phase 1: Mark live objects 31.058ms
[4.632s][info][gc,phases,start] GC(41) Phase 2: Compute new object addresses
[4.644s][info][gc,phases      ] GC(41) Phase 2: Compute new object addresses 11.975ms
[4.644s][info][gc,phases,start] GC(41) Phase 3: Adjust pointers
[4.664s][info][gc,phases      ] GC(41) Phase 3: Adjust pointers 19.604ms
[4.664s][info][gc,phases,start] GC(41) Phase 4: Move objects
[4.664s][info][gc,phases      ] GC(41) Phase 4: Move objects 0.012ms
[4.664s][info][gc,heap        ] GC(41) DefNew: 15359K(15360K)->15359K(15360K) Eden: 13695K(13696K)->13695K(13696K) From: 1663K(1664K)->1663K(1664K)
[4.664s][info][gc,heap        ] GC(41) Tenured: 34175K(34176K)->34175K(34176K)
[4.664s][info][gc,metaspace   ] GC(41) Metaspace: 16730K(17024K)->16730K(17024K) NonClass: 14734K(14912K)->14734K(14912K) Class: 1995K(2112K)->1995K(2112K)
[4.664s][info][gc             ] GC(41) Pause Full (Allocation Failure) 48M->48M(48M) 62.982ms
[4.664s][info][gc,cpu         ] GC(41) User=0.06s Sys=0.00s Real=0.06s
[4.664s][info][gc,start       ] GC(42) Pause Full (Allocation Failure)
[4.664s][info][gc,phases,start] GC(42) Phase 1: Mark live objects
[4.695s][info][gc,phases      ] GC(42) Phase 1: Mark live objects 30.946ms
[4.695s][info][gc,phases,start] GC(42) Phase 2: Compute new object addresses
[4.707s][info][gc,phases      ] GC(42) Phase 2: Compute new object addresses 12.402ms
[4.707s][info][gc,phases,start] GC(42) Phase 3: Adjust pointers
[4.727s][info][gc,phases      ] GC(42) Phase 3: Adjust pointers 19.654ms
[4.727s][info][gc,phases,start] GC(42) Phase 4: Move objects
[4.727s][info][gc,phases      ] GC(42) Phase 4: Move objects 0.012ms
[4.727s][info][gc,heap        ] GC(42) DefNew: 15359K(15360K)->15359K(15360K) Eden: 13695K(13696K)->13695K(13696K) From: 1663K(1664K)->1663K(1664K)
[4.727s][info][gc,heap        ] GC(42) Tenured: 34175K(34176K)->34175K(34176K)
[4.727s][info][gc,metaspace   ] GC(42) Metaspace: 16730K(17024K)->16730K(17024K) NonClass: 14734K(14912K)->14734K(14912K) Class: 1995K(2112K)->1995K(2112K)
[4.727s][info][gc             ] GC(42) Pause Full (Allocation Failure) 48M->48M(48M) 63.359ms
[4.727s][info][gc,cpu         ] GC(42) User=0.06s Sys=0.00s Real=0.06s
[4.727s][info][gc,start       ] GC(43) Pause Full (Allocation Failure)
[4.728s][info][gc,phases,start] GC(43) Phase 1: Mark live objects
[4.758s][info][gc,phases      ] GC(43) Phase 1: Mark live objects 30.828ms
[4.758s][info][gc,phases,start] GC(43) Phase 2: Compute new object addresses
[4.770s][info][gc,phases      ] GC(43) Phase 2: Compute new object addresses 12.024ms
[4.771s][info][gc,phases,start] GC(43) Phase 3: Adjust pointers
[4.790s][info][gc,phases      ] GC(43) Phase 3: Adjust pointers 19.498ms
[4.790s][info][gc,phases,start] GC(43) Phase 4: Move objects
[4.790s][info][gc,phases      ] GC(43) Phase 4: Move objects 0.020ms
[4.790s][info][gc,heap        ] GC(43) DefNew: 15359K(15360K)->15359K(15360K) Eden: 13695K(13696K)->13695K(13696K) From: 1663K(1664K)->1663K(1664K)
[4.790s][info][gc,heap        ] GC(43) Tenured: 34175K(34176K)->34175K(34176K)
[4.790s][info][gc,metaspace   ] GC(43) Metaspace: 16730K(17024K)->16730K(17024K) NonClass: 14734K(14912K)->14734K(14912K) Class: 1995K(2112K)->1995K(2112K)
[4.790s][info][gc             ] GC(43) Pause Full (Allocation Failure) 48M->48M(48M) 62.740ms
[4.790s][info][gc,cpu         ] GC(43) User=0.06s Sys=0.00s Real=0.06s
[4.790s][info][gc,start       ] GC(44) Pause Full (Allocation Failure)
[4.790s][info][gc,phases,start] GC(44) Phase 1: Mark live objects
[4.820s][info][gc,phases      ] GC(44) Phase 1: Mark live objects 30.157ms
[4.820s][info][gc,phases,start] GC(44) Phase 2: Compute new object addresses
[4.833s][info][gc,phases      ] GC(44) Phase 2: Compute new object addresses 12.138ms
[4.833s][info][gc,phases,start] GC(44) Phase 3: Adjust pointers
[4.853s][info][gc,phases      ] GC(44) Phase 3: Adjust pointers 20.717ms
[4.853s][info][gc,phases,start] GC(44) Phase 4: Move objects
[4.864s][info][gc,phases      ] GC(44) Phase 4: Move objects 10.245ms
[4.864s][info][gc,heap        ] GC(44) DefNew: 15359K(15360K)->15359K(15360K) Eden: 13695K(13696K)->13696K(13696K) From: 1663K(1664K)->1663K(1664K)
[4.864s][info][gc,heap        ] GC(44) Tenured: 34175K(34176K)->34175K(34176K)
[4.864s][info][gc,metaspace   ] GC(44) Metaspace: 16730K(17024K)->16730K(17024K) NonClass: 14734K(14912K)->14734K(14912K) Class: 1995K(2112K)->1995K(2112K)
[4.864s][info][gc             ] GC(44) Pause Full (Allocation Failure) 48M->48M(48M) 73.710ms
[4.864s][info][gc,cpu         ] GC(44) User=0.06s Sys=0.00s Real=0.07s
[4.864s][info][gc,start       ] GC(45) Pause Full (Allocation Failure)
[4.864s][info][gc,phases,start] GC(45) Phase 1: Mark live objects
[4.895s][info][gc,phases      ] GC(45) Phase 1: Mark live objects 30.377ms
[4.895s][info][gc,phases,start] GC(45) Phase 2: Compute new object addresses
[4.907s][info][gc,phases      ] GC(45) Phase 2: Compute new object addresses 11.727ms
[4.907s][info][gc,phases,start] GC(45) Phase 3: Adjust pointers
[4.928s][info][gc,phases      ] GC(45) Phase 3: Adjust pointers 20.917ms
[4.928s][info][gc,phases,start] GC(45) Phase 4: Move objects
[4.928s][info][gc,phases      ] GC(45) Phase 4: Move objects 0.013ms
[4.928s][info][gc,heap        ] GC(45) DefNew: 15359K(15360K)->15359K(15360K) Eden: 13696K(13696K)->13696K(13696K) From: 1663K(1664K)->1663K(1664K)
[4.928s][info][gc,heap        ] GC(45) Tenured: 34175K(34176K)->34175K(34176K)
[4.928s][info][gc,metaspace   ] GC(45) Metaspace: 16730K(17024K)->16730K(17024K) NonClass: 14734K(14912K)->14734K(14912K) Class: 1995K(2112K)->1995K(2112K)
[4.928s][info][gc             ] GC(45) Pause Full (Allocation Failure) 48M->48M(48M) 63.446ms
[4.928s][info][gc,cpu         ] GC(45) User=0.08s Sys=0.00s Real=0.06s
[4.928s][info][gc,start       ] GC(46) Pause Full (Allocation Failure)
[4.928s][info][gc,phases,start] GC(46) Phase 1: Mark live objects
[4.958s][info][gc,phases      ] GC(46) Phase 1: Mark live objects 29.917ms
[4.958s][info][gc,phases,start] GC(46) Phase 2: Compute new object addresses
[4.970s][info][gc,phases      ] GC(46) Phase 2: Compute new object addresses 11.812ms
[4.970s][info][gc,phases,start] GC(46) Phase 3: Adjust pointers
[4.989s][info][gc,phases      ] GC(46) Phase 3: Adjust pointers 19.631ms
[4.989s][info][gc,phases,start] GC(46) Phase 4: Move objects
[4.989s][info][gc,phases      ] GC(46) Phase 4: Move objects 0.012ms
[4.990s][info][gc,heap        ] GC(46) DefNew: 15359K(15360K)->15359K(15360K) Eden: 13696K(13696K)->13696K(13696K) From: 1663K(1664K)->1663K(1664K)
[4.990s][info][gc,heap        ] GC(46) Tenured: 34175K(34176K)->34175K(34176K)
[4.990s][info][gc,metaspace   ] GC(46) Metaspace: 16730K(17024K)->16730K(17024K) NonClass: 14734K(14912K)->14734K(14912K) Class: 1995K(2112K)->1995K(2112K)
[4.990s][info][gc             ] GC(46) Pause Full (Allocation Failure) 48M->48M(48M) 61.688ms
[4.990s][info][gc,cpu         ] GC(46) User=0.05s Sys=0.00s Real=0.06s
[4.990s][info][gc,start       ] GC(47) Pause Full (Allocation Failure)
[4.990s][info][gc,phases,start] GC(47) Phase 1: Mark live objects
[5.019s][info][gc,phases      ] GC(47) Phase 1: Mark live objects 29.638ms
[5.019s][info][gc,phases,start] GC(47) Phase 2: Compute new object addresses
[5.032s][info][gc,phases      ] GC(47) Phase 2: Compute new object addresses 12.454ms
[5.032s][info][gc,phases,start] GC(47) Phase 3: Adjust pointers
[5.052s][info][gc,phases      ] GC(47) Phase 3: Adjust pointers 20.383ms
[5.052s][info][gc,phases,start] GC(47) Phase 4: Move objects
[5.061s][info][gc,phases      ] GC(47) Phase 4: Move objects 8.563ms
[5.061s][info][gc,heap        ] GC(47) DefNew: 15359K(15360K)->15359K(15360K) Eden: 13696K(13696K)->13695K(13696K) From: 1663K(1664K)->1663K(1664K)
[5.061s][info][gc,heap        ] GC(47) Tenured: 34175K(34176K)->34175K(34176K)
[5.061s][info][gc,metaspace   ] GC(47) Metaspace: 16730K(17024K)->16730K(17024K) NonClass: 14734K(14912K)->14734K(14912K) Class: 1995K(2112K)->1995K(2112K)
[5.061s][info][gc             ] GC(47) Pause Full (Allocation Failure) 48M->48M(48M) 71.479ms
[5.061s][info][gc,cpu         ] GC(47) User=0.08s Sys=0.00s Real=0.07s
[5.061s][info][gc,start       ] GC(48) Pause Full (Allocation Failure)
[5.061s][info][gc,phases,start] GC(48) Phase 1: Mark live objects
[5.093s][info][gc,phases      ] GC(48) Phase 1: Mark live objects 32.033ms
[5.094s][info][gc,phases,start] GC(48) Phase 2: Compute new object addresses
[5.105s][info][gc,phases      ] GC(48) Phase 2: Compute new object addresses 11.732ms
[5.105s][info][gc,phases,start] GC(48) Phase 3: Adjust pointers
[5.125s][info][gc,phases      ] GC(48) Phase 3: Adjust pointers 20.106ms
[5.125s][info][gc,phases,start] GC(48) Phase 4: Move objects
[5.125s][info][gc,phases      ] GC(48) Phase 4: Move objects 0.011ms
[5.126s][info][gc,heap        ] GC(48) DefNew: 15359K(15360K)->15359K(15360K) Eden: 13695K(13696K)->13695K(13696K) From: 1663K(1664K)->1663K(1664K)
[5.126s][info][gc,heap        ] GC(48) Tenured: 34175K(34176K)->34175K(34176K)
[5.126s][info][gc,metaspace   ] GC(48) Metaspace: 16730K(17024K)->16730K(17024K) NonClass: 14734K(14912K)->14734K(14912K) Class: 1995K(2112K)->1995K(2112K)
[5.126s][info][gc             ] GC(48) Pause Full (Allocation Failure) 48M->48M(48M) 64.265ms
[5.126s][info][gc,cpu         ] GC(48) User=0.06s Sys=0.00s Real=0.06s
[5.126s][info][gc,start       ] GC(49) Pause Full (Allocation Failure)
[5.126s][info][gc,phases,start] GC(49) Phase 1: Mark live objects
[5.156s][info][gc,phases      ] GC(49) Phase 1: Mark live objects 30.634ms
[5.157s][info][gc,phases,start] GC(49) Phase 2: Compute new object addresses
[5.168s][info][gc,phases      ] GC(49) Phase 2: Compute new object addresses 11.754ms
[5.168s][info][gc,phases,start] GC(49) Phase 3: Adjust pointers
[5.188s][info][gc,phases      ] GC(49) Phase 3: Adjust pointers 19.805ms
[5.188s][info][gc,phases,start] GC(49) Phase 4: Move objects
[5.188s][info][gc,phases      ] GC(49) Phase 4: Move objects 0.011ms
[5.188s][info][gc,heap        ] GC(49) DefNew: 15359K(15360K)->15359K(15360K) Eden: 13695K(13696K)->13695K(13696K) From: 1664K(1664K)->1664K(1664K)
[5.188s][info][gc,heap        ] GC(49) Tenured: 34175K(34176K)->34175K(34176K)
[5.188s][info][gc,metaspace   ] GC(49) Metaspace: 16730K(17024K)->16730K(17024K) NonClass: 14734K(14912K)->14734K(14912K) Class: 1995K(2112K)->1995K(2112K)
[5.188s][info][gc             ] GC(49) Pause Full (Allocation Failure) 48M->48M(48M) 62.581ms
[5.188s][info][gc,cpu         ] GC(49) User=0.06s Sys=0.00s Real=0.06s
[5.188s][info][gc,start       ] GC(50) Pause Full (Allocation Failure)
[5.188s][info][gc,phases,start] GC(50) Phase 1: Mark live objects
[5.218s][info][gc,phases      ] GC(50) Phase 1: Mark live objects 29.748ms
[5.218s][info][gc,phases,start] GC(50) Phase 2: Compute new object addresses
[5.230s][info][gc,phases      ] GC(50) Phase 2: Compute new object addresses 12.065ms
[5.230s][info][gc,phases,start] GC(50) Phase 3: Adjust pointers
[5.251s][info][gc,phases      ] GC(50) Phase 3: Adjust pointers 20.671ms
[5.251s][info][gc,phases,start] GC(50) Phase 4: Move objects
[5.251s][info][gc,phases      ] GC(50) Phase 4: Move objects 0.015ms
[5.251s][info][gc,heap        ] GC(50) DefNew: 15359K(15360K)->15359K(15360K) Eden: 13695K(13696K)->13695K(13696K) From: 1664K(1664K)->1664K(1664K)
[5.251s][info][gc,heap        ] GC(50) Tenured: 34175K(34176K)->34175K(34176K)
[5.251s][info][gc,metaspace   ] GC(50) Metaspace: 16730K(17024K)->16730K(17024K) NonClass: 14734K(14912K)->14734K(14912K) Class: 1995K(2112K)->1995K(2112K)
[5.251s][info][gc             ] GC(50) Pause Full (Allocation Failure) 48M->48M(48M) 62.938ms
[5.251s][info][gc,cpu         ] GC(50) User=0.06s Sys=0.00s Real=0.06s
[5.252s][info][gc,start       ] GC(51) Pause Full (Allocation Failure)
[5.252s][info][gc,phases,start] GC(51) Phase 1: Mark live objects
[5.283s][info][gc,phases      ] GC(51) Phase 1: Mark live objects 31.297ms
[5.283s][info][gc,phases,start] GC(51) Phase 2: Compute new object addresses
[5.295s][info][gc,phases      ] GC(51) Phase 2: Compute new object addresses 11.824ms
[5.295s][info][gc,phases,start] GC(51) Phase 3: Adjust pointers
[5.314s][info][gc,phases      ] GC(51) Phase 3: Adjust pointers 19.588ms
[5.314s][info][gc,phases,start] GC(51) Phase 4: Move objects
[5.314s][info][gc,phases      ] GC(51) Phase 4: Move objects 0.012ms
[5.315s][info][gc,heap        ] GC(51) DefNew: 15359K(15360K)->15359K(15360K) Eden: 13695K(13696K)->13695K(13696K) From: 1664K(1664K)->1664K(1664K)
[5.315s][info][gc,heap        ] GC(51) Tenured: 34175K(34176K)->34175K(34176K)
[5.315s][info][gc,metaspace   ] GC(51) Metaspace: 16730K(17024K)->16730K(17024K) NonClass: 14734K(14912K)->14734K(14912K) Class: 1995K(2112K)->1995K(2112K)
[5.315s][info][gc             ] GC(51) Pause Full (Allocation Failure) 48M->48M(48M) 63.103ms
[5.315s][info][gc,cpu         ] GC(51) User=0.06s Sys=0.00s Real=0.06s
[5.315s][info][gc,start       ] GC(52) Pause Full (Allocation Failure)
[5.315s][info][gc,phases,start] GC(52) Phase 1: Mark live objects
[5.344s][info][gc,phases      ] GC(52) Phase 1: Mark live objects 29.757ms
[5.344s][info][gc,phases,start] GC(52) Phase 2: Compute new object addresses
[5.357s][info][gc,phases      ] GC(52) Phase 2: Compute new object addresses 12.198ms
[5.357s][info][gc,phases,start] GC(52) Phase 3: Adjust pointers
[5.378s][info][gc,phases      ] GC(52) Phase 3: Adjust pointers 21.549ms
[5.378s][info][gc,phases,start] GC(52) Phase 4: Move objects
[5.378s][info][gc,phases      ] GC(52) Phase 4: Move objects 0.013ms
[5.378s][info][gc,heap        ] GC(52) DefNew: 15359K(15360K)->15359K(15360K) Eden: 13695K(13696K)->13695K(13696K) From: 1664K(1664K)->1664K(1664K)
[5.378s][info][gc,heap        ] GC(52) Tenured: 34175K(34176K)->34175K(34176K)
[5.378s][info][gc,metaspace   ] GC(52) Metaspace: 16730K(17024K)->16730K(17024K) NonClass: 14734K(14912K)->14734K(14912K) Class: 1995K(2112K)->1995K(2112K)
[5.378s][info][gc             ] GC(52) Pause Full (Allocation Failure) 48M->48M(48M) 63.845ms
[5.379s][info][gc,cpu         ] GC(52) User=0.06s Sys=0.00s Real=0.06s
[5.379s][info][gc,start       ] GC(53) Pause Full (Allocation Failure)
[5.379s][info][gc,phases,start] GC(53) Phase 1: Mark live objects
[5.409s][info][gc,phases      ] GC(53) Phase 1: Mark live objects 29.966ms
[5.409s][info][gc,phases,start] GC(53) Phase 2: Compute new object addresses
[5.420s][info][gc,phases      ] GC(53) Phase 2: Compute new object addresses 11.709ms
[5.421s][info][gc,phases,start] GC(53) Phase 3: Adjust pointers
[5.440s][info][gc,phases      ] GC(53) Phase 3: Adjust pointers 19.750ms
[5.440s][info][gc,phases,start] GC(53) Phase 4: Move objects
[5.440s][info][gc,phases      ] GC(53) Phase 4: Move objects 0.014ms
[5.440s][info][gc,heap        ] GC(53) DefNew: 15359K(15360K)->15359K(15360K) Eden: 13695K(13696K)->13695K(13696K) From: 1664K(1664K)->1663K(1664K)
[5.440s][info][gc,heap        ] GC(53) Tenured: 34175K(34176K)->34175K(34176K)
[5.440s][info][gc,metaspace   ] GC(53) Metaspace: 16730K(17024K)->16730K(17024K) NonClass: 14734K(14912K)->14734K(14912K) Class: 1995K(2112K)->1995K(2112K)
[5.441s][info][gc             ] GC(53) Pause Full (Allocation Failure) 48M->48M(48M) 61.839ms
[5.441s][info][gc,cpu         ] GC(53) User=0.06s Sys=0.00s Real=0.06s
[5.441s][info][gc,start       ] GC(54) Pause Full (Allocation Failure)
[5.441s][info][gc,phases,start] GC(54) Phase 1: Mark live objects
[5.470s][info][gc,phases      ] GC(54) Phase 1: Mark live objects 29.636ms
[5.470s][info][gc,phases,start] GC(54) Phase 2: Compute new object addresses
[5.482s][info][gc,phases      ] GC(54) Phase 2: Compute new object addresses 11.574ms
[5.482s][info][gc,phases,start] GC(54) Phase 3: Adjust pointers
[5.503s][info][gc,phases      ] GC(54) Phase 3: Adjust pointers 20.722ms
[5.503s][info][gc,phases,start] GC(54) Phase 4: Move objects
[5.503s][info][gc,phases      ] GC(54) Phase 4: Move objects 0.014ms
[5.503s][info][gc,heap        ] GC(54) DefNew: 15359K(15360K)->15359K(15360K) Eden: 13695K(13696K)->13695K(13696K) From: 1663K(1664K)->1663K(1664K)
[5.503s][info][gc,heap        ] GC(54) Tenured: 34175K(34176K)->34175K(34176K)
[5.503s][info][gc,metaspace   ] GC(54) Metaspace: 16730K(17024K)->16730K(17024K) NonClass: 14734K(14912K)->14734K(14912K) Class: 1995K(2112K)->1995K(2112K)
[5.503s][info][gc             ] GC(54) Pause Full (Allocation Failure) 48M->48M(48M) 62.421ms
[5.503s][info][gc,cpu         ] GC(54) User=0.06s Sys=0.00s Real=0.06s
[5.503s][info][gc,start       ] GC(55) Pause Full (Allocation Failure)
[5.503s][info][gc,phases,start] GC(55) Phase 1: Mark live objects
[5.534s][info][gc,phases      ] GC(55) Phase 1: Mark live objects 30.222ms
[5.534s][info][gc,phases,start] GC(55) Phase 2: Compute new object addresses
[5.545s][info][gc,phases      ] GC(55) Phase 2: Compute new object addresses 11.632ms
[5.545s][info][gc,phases,start] GC(55) Phase 3: Adjust pointers
[5.565s][info][gc,phases      ] GC(55) Phase 3: Adjust pointers 19.737ms
[5.565s][info][gc,phases,start] GC(55) Phase 4: Move objects
[5.565s][info][gc,phases      ] GC(55) Phase 4: Move objects 0.012ms
[5.565s][info][gc,heap        ] GC(55) DefNew: 15359K(15360K)->15359K(15360K) Eden: 13695K(13696K)->13695K(13696K) From: 1663K(1664K)->1663K(1664K)
[5.565s][info][gc,heap        ] GC(55) Tenured: 34175K(34176K)->34175K(34176K)
[5.565s][info][gc,metaspace   ] GC(55) Metaspace: 16730K(17024K)->16730K(17024K) NonClass: 14734K(14912K)->14734K(14912K) Class: 1995K(2112K)->1995K(2112K)
[5.565s][info][gc             ] GC(55) Pause Full (Allocation Failure) 48M->48M(48M) 61.963ms
[5.565s][info][gc,cpu         ] GC(55) User=0.06s Sys=0.00s Real=0.06s
[5.565s][info][gc,start       ] GC(56) Pause Full (Allocation Failure)
[5.565s][info][gc,phases,start] GC(56) Phase 1: Mark live objects
[5.595s][info][gc,phases      ] GC(56) Phase 1: Mark live objects 30.048ms
[5.595s][info][gc,phases,start] GC(56) Phase 2: Compute new object addresses
[5.607s][info][gc,phases      ] GC(56) Phase 2: Compute new object addresses 11.570ms
[5.607s][info][gc,phases,start] GC(56) Phase 3: Adjust pointers
[5.628s][info][gc,phases      ] GC(56) Phase 3: Adjust pointers 20.458ms
[5.628s][info][gc,phases,start] GC(56) Phase 4: Move objects
[5.636s][info][gc,phases      ] GC(56) Phase 4: Move objects 8.368ms
[5.636s][info][gc,heap        ] GC(56) DefNew: 15359K(15360K)->15359K(15360K) Eden: 13695K(13696K)->13695K(13696K) From: 1663K(1664K)->1663K(1664K)
[5.636s][info][gc,heap        ] GC(56) Tenured: 34175K(34176K)->34175K(34176K)
[5.636s][info][gc,metaspace   ] GC(56) Metaspace: 16730K(17024K)->16730K(17024K) NonClass: 14734K(14912K)->14734K(14912K) Class: 1995K(2112K)->1995K(2112K)
[5.636s][info][gc             ] GC(56) Pause Full (Allocation Failure) 48M->48M(48M) 70.862ms
[5.636s][info][gc,cpu         ] GC(56) User=0.08s Sys=0.00s Real=0.07s
[5.637s][info][gc,start       ] GC(57) Pause Full (Allocation Failure)
[5.637s][info][gc,phases,start] GC(57) Phase 1: Mark live objects
[5.667s][info][gc,phases      ] GC(57) Phase 1: Mark live objects 29.979ms
[5.667s][info][gc,phases,start] GC(57) Phase 2: Compute new object addresses
[5.679s][info][gc,phases      ] GC(57) Phase 2: Compute new object addresses 11.966ms
[5.679s][info][gc,phases,start] GC(57) Phase 3: Adjust pointers
[5.698s][info][gc,phases      ] GC(57) Phase 3: Adjust pointers 19.666ms
[5.698s][info][gc,phases,start] GC(57) Phase 4: Move objects
[5.698s][info][gc,phases      ] GC(57) Phase 4: Move objects 0.012ms
[5.699s][info][gc,heap        ] GC(57) DefNew: 15359K(15360K)->15359K(15360K) Eden: 13695K(13696K)->13695K(13696K) From: 1664K(1664K)->1663K(1664K)
[5.699s][info][gc,heap        ] GC(57) Tenured: 34176K(34176K)->34176K(34176K)
[5.699s][info][gc,metaspace   ] GC(57) Metaspace: 16730K(17024K)->16730K(17024K) NonClass: 14734K(14912K)->14734K(14912K) Class: 1995K(2112K)->1995K(2112K)
[5.699s][info][gc             ] GC(57) Pause Full (Allocation Failure) 48M->48M(48M) 61.958ms
[5.699s][info][gc,cpu         ] GC(57) User=0.06s Sys=0.00s Real=0.06s
[5.699s][info][gc,start       ] GC(58) Pause Full (Allocation Failure)
[5.699s][info][gc,phases,start] GC(58) Phase 1: Mark live objects
[5.729s][info][gc,phases      ] GC(58) Phase 1: Mark live objects 30.346ms
[5.729s][info][gc,phases,start] GC(58) Phase 2: Compute new object addresses
[5.741s][info][gc,phases      ] GC(58) Phase 2: Compute new object addresses 11.952ms
[5.741s][info][gc,phases,start] GC(58) Phase 3: Adjust pointers
[5.761s][info][gc,phases      ] GC(58) Phase 3: Adjust pointers 19.641ms
[5.761s][info][gc,phases,start] GC(58) Phase 4: Move objects
[5.761s][info][gc,phases      ] GC(58) Phase 4: Move objects 0.011ms
[5.761s][info][gc,heap        ] GC(58) DefNew: 15359K(15360K)->15359K(15360K) Eden: 13695K(13696K)->13695K(13696K) From: 1663K(1664K)->1663K(1664K)
[5.761s][info][gc,heap        ] GC(58) Tenured: 34176K(34176K)->34176K(34176K)
[5.761s][info][gc,metaspace   ] GC(58) Metaspace: 16730K(17024K)->16730K(17024K) NonClass: 14734K(14912K)->14734K(14912K) Class: 1995K(2112K)->1995K(2112K)
[5.761s][info][gc             ] GC(58) Pause Full (Allocation Failure) 48M->48M(48M) 62.310ms
[5.761s][info][gc,cpu         ] GC(58) User=0.06s Sys=0.00s Real=0.06s
[5.761s][info][gc,start       ] GC(59) Pause Full (Allocation Failure)
[5.761s][info][gc,phases,start] GC(59) Phase 1: Mark live objects
[5.792s][info][gc,phases      ] GC(59) Phase 1: Mark live objects 31.070ms
[5.792s][info][gc,phases,start] GC(59) Phase 2: Compute new object addresses
[5.804s][info][gc,phases      ] GC(59) Phase 2: Compute new object addresses 11.984ms
[5.804s][info][gc,phases,start] GC(59) Phase 3: Adjust pointers
[5.824s][info][gc,phases      ] GC(59) Phase 3: Adjust pointers 19.660ms
[5.824s][info][gc,phases,start] GC(59) Phase 4: Move objects
[5.824s][info][gc,phases      ] GC(59) Phase 4: Move objects 0.012ms
[5.824s][info][gc,heap        ] GC(59) DefNew: 15359K(15360K)->15359K(15360K) Eden: 13695K(13696K)->13695K(13696K) From: 1663K(1664K)->1663K(1664K)
[5.824s][info][gc,heap        ] GC(59) Tenured: 34176K(34176K)->34176K(34176K)
[5.824s][info][gc,metaspace   ] GC(59) Metaspace: 16730K(17024K)->16730K(17024K) NonClass: 14734K(14912K)->14734K(14912K) Class: 1995K(2112K)->1995K(2112K)
[5.824s][info][gc             ] GC(59) Pause Full (Allocation Failure) 48M->48M(48M) 63.075ms
[5.824s][info][gc,cpu         ] GC(59) User=0.06s Sys=0.00s Real=0.06s
[5.825s][info][gc,start       ] GC(60) Pause Full (Allocation Failure)
[5.825s][info][gc,phases,start] GC(60) Phase 1: Mark live objects
[5.857s][info][gc,phases      ] GC(60) Phase 1: Mark live objects 32.010ms
[5.857s][info][gc,phases,start] GC(60) Phase 2: Compute new object addresses
[5.869s][info][gc,phases      ] GC(60) Phase 2: Compute new object addresses 11.788ms
[5.869s][info][gc,phases,start] GC(60) Phase 3: Adjust pointers
[5.889s][info][gc,phases      ] GC(60) Phase 3: Adjust pointers 19.929ms
[5.889s][info][gc,phases,start] GC(60) Phase 4: Move objects
[5.889s][info][gc,phases      ] GC(60) Phase 4: Move objects 0.013ms
[5.889s][info][gc,heap        ] GC(60) DefNew: 15359K(15360K)->15359K(15360K) Eden: 13695K(13696K)->13695K(13696K) From: 1663K(1664K)->1663K(1664K)
[5.889s][info][gc,heap        ] GC(60) Tenured: 34176K(34176K)->34175K(34176K)
[5.889s][info][gc,metaspace   ] GC(60) Metaspace: 16730K(17024K)->16730K(17024K) NonClass: 14734K(14912K)->14734K(14912K) Class: 1995K(2112K)->1995K(2112K)
[5.889s][info][gc             ] GC(60) Pause Full (Allocation Failure) 48M->48M(48M) 64.241ms
[5.889s][info][gc,cpu         ] GC(60) User=0.06s Sys=0.00s Real=0.06s
[5.889s][info][gc,start       ] GC(61) Pause Full (Allocation Failure)
[5.889s][info][gc,phases,start] GC(61) Phase 1: Mark live objects
[5.919s][info][gc,phases      ] GC(61) Phase 1: Mark live objects 30.157ms
[5.920s][info][gc,phases,start] GC(61) Phase 2: Compute new object addresses
[5.931s][info][gc,phases      ] GC(61) Phase 2: Compute new object addresses 11.578ms
[5.931s][info][gc,phases,start] GC(61) Phase 3: Adjust pointers
[5.951s][info][gc,phases      ] GC(61) Phase 3: Adjust pointers 19.706ms
[5.951s][info][gc,phases,start] GC(61) Phase 4: Move objects
[5.951s][info][gc,phases      ] GC(61) Phase 4: Move objects 0.012ms
[5.951s][info][gc,heap        ] GC(61) DefNew: 15359K(15360K)->15359K(15360K) Eden: 13695K(13696K)->13695K(13696K) From: 1664K(1664K)->1664K(1664K)
[5.951s][info][gc,heap        ] GC(61) Tenured: 34175K(34176K)->34175K(34176K)
[5.951s][info][gc,metaspace   ] GC(61) Metaspace: 16730K(17024K)->16730K(17024K) NonClass: 14734K(14912K)->14734K(14912K) Class: 1995K(2112K)->1995K(2112K)
[5.951s][info][gc             ] GC(61) Pause Full (Allocation Failure) 48M->48M(48M) 61.833ms
[5.951s][info][gc,cpu         ] GC(61) User=0.06s Sys=0.00s Real=0.06s
[5.951s][info][gc,start       ] GC(62) Pause Full (Allocation Failure)
[5.951s][info][gc,phases,start] GC(62) Phase 1: Mark live objects
[5.981s][info][gc,phases      ] GC(62) Phase 1: Mark live objects 30.058ms
[5.981s][info][gc,phases,start] GC(62) Phase 2: Compute new object addresses
[5.993s][info][gc,phases      ] GC(62) Phase 2: Compute new object addresses 12.037ms
[5.993s][info][gc,phases,start] GC(62) Phase 3: Adjust pointers
[6.013s][info][gc,phases      ] GC(62) Phase 3: Adjust pointers 20.118ms
[6.014s][info][gc,phases,start] GC(62) Phase 4: Move objects
[6.021s][info][gc,phases      ] GC(62) Phase 4: Move objects 7.699ms
[6.021s][info][gc,heap        ] GC(62) DefNew: 15359K(15360K)->15359K(15360K) Eden: 13695K(13696K)->13695K(13696K) From: 1664K(1664K)->1663K(1664K)
[6.021s][info][gc,heap        ] GC(62) Tenured: 34175K(34176K)->34176K(34176K)
[6.021s][info][gc,metaspace   ] GC(62) Metaspace: 16730K(17024K)->16730K(17024K) NonClass: 14734K(14912K)->14734K(14912K) Class: 1995K(2112K)->1995K(2112K)
[6.021s][info][gc             ] GC(62) Pause Full (Allocation Failure) 48M->48M(48M) 70.318ms
[6.021s][info][gc,cpu         ] GC(62) User=0.06s Sys=0.00s Real=0.07s
[6.022s][info][gc,start       ] GC(63) Pause Full (Allocation Failure)
[6.022s][info][gc,phases,start] GC(63) Phase 1: Mark live objects
[6.052s][info][gc,phases      ] GC(63) Phase 1: Mark live objects 30.175ms
[6.052s][info][gc,phases,start] GC(63) Phase 2: Compute new object addresses
[6.064s][info][gc,phases      ] GC(63) Phase 2: Compute new object addresses 11.641ms
[6.064s][info][gc,phases,start] GC(63) Phase 3: Adjust pointers
[6.083s][info][gc,phases      ] GC(63) Phase 3: Adjust pointers 19.616ms
[6.083s][info][gc,phases,start] GC(63) Phase 4: Move objects
[6.083s][info][gc,phases      ] GC(63) Phase 4: Move objects 0.011ms
[6.083s][info][gc,heap        ] GC(63) DefNew: 15359K(15360K)->15359K(15360K) Eden: 13695K(13696K)->13695K(13696K) From: 1663K(1664K)->1663K(1664K)
[6.083s][info][gc,heap        ] GC(63) Tenured: 34176K(34176K)->34176K(34176K)
[6.083s][info][gc,metaspace   ] GC(63) Metaspace: 16730K(17024K)->16730K(17024K) NonClass: 14734K(14912K)->14734K(14912K) Class: 1995K(2112K)->1995K(2112K)
[6.083s][info][gc             ] GC(63) Pause Full (Allocation Failure) 48M->48M(48M) 61.803ms
[6.083s][info][gc,cpu         ] GC(63) User=0.06s Sys=0.00s Real=0.06s
[6.083s][info][gc,start       ] GC(64) Pause Full (Allocation Failure)
[6.084s][info][gc,phases,start] GC(64) Phase 1: Mark live objects
[6.113s][info][gc,phases      ] GC(64) Phase 1: Mark live objects 29.245ms
[6.113s][info][gc,phases,start] GC(64) Phase 2: Compute new object addresses
[6.124s][info][gc,phases      ] GC(64) Phase 2: Compute new object addresses 11.465ms
[6.124s][info][gc,phases,start] GC(64) Phase 3: Adjust pointers
[6.145s][info][gc,phases      ] GC(64) Phase 3: Adjust pointers 20.843ms
[6.145s][info][gc,phases,start] GC(64) Phase 4: Move objects
[6.153s][info][gc,phases      ] GC(64) Phase 4: Move objects 7.852ms
[6.153s][info][gc,heap        ] GC(64) DefNew: 15359K(15360K)->15359K(15360K) Eden: 13695K(13696K)->13696K(13696K) From: 1663K(1664K)->1663K(1664K)
[6.153s][info][gc,heap        ] GC(64) Tenured: 34176K(34176K)->34175K(34176K)
[6.153s][info][gc,metaspace   ] GC(64) Metaspace: 16730K(17024K)->16730K(17024K) NonClass: 14734K(14912K)->14734K(14912K) Class: 1995K(2112K)->1995K(2112K)
[6.153s][info][gc             ] GC(64) Pause Full (Allocation Failure) 48M->48M(48M) 69.858ms
[6.153s][info][gc,cpu         ] GC(64) User=0.08s Sys=0.00s Real=0.07s
[6.154s][info][gc,start       ] GC(65) Pause Full (Allocation Failure)
[6.154s][info][gc,phases,start] GC(65) Phase 1: Mark live objects
[6.184s][info][gc,phases      ] GC(65) Phase 1: Mark live objects 29.942ms
[6.184s][info][gc,phases,start] GC(65) Phase 2: Compute new object addresses
[6.195s][info][gc,phases      ] GC(65) Phase 2: Compute new object addresses 11.594ms
[6.195s][info][gc,phases,start] GC(65) Phase 3: Adjust pointers
[6.215s][info][gc,phases      ] GC(65) Phase 3: Adjust pointers 19.705ms
[6.215s][info][gc,phases,start] GC(65) Phase 4: Move objects
[6.215s][info][gc,phases      ] GC(65) Phase 4: Move objects 0.012ms
[6.215s][info][gc,heap        ] GC(65) DefNew: 15359K(15360K)->15359K(15360K) Eden: 13696K(13696K)->13696K(13696K) From: 1663K(1664K)->1663K(1664K)
[6.215s][info][gc,heap        ] GC(65) Tenured: 34176K(34176K)->34176K(34176K)
[6.215s][info][gc,metaspace   ] GC(65) Metaspace: 16730K(17024K)->16730K(17024K) NonClass: 14734K(14912K)->14734K(14912K) Class: 1995K(2112K)->1995K(2112K)
[6.215s][info][gc             ] GC(65) Pause Full (Allocation Failure) 48M->48M(48M) 61.620ms
[6.215s][info][gc,cpu         ] GC(65) User=0.06s Sys=0.00s Real=0.06s
[6.216s][info][gc,start       ] GC(66) Pause Full (Allocation Failure)
[6.216s][info][gc,phases,start] GC(66) Phase 1: Mark live objects
[6.245s][info][gc,phases      ] GC(66) Phase 1: Mark live objects 29.910ms
[6.246s][info][gc,phases,start] GC(66) Phase 2: Compute new object addresses
[6.258s][info][gc,phases      ] GC(66) Phase 2: Compute new object addresses 12.565ms
[6.258s][info][gc,phases,start] GC(66) Phase 3: Adjust pointers
[6.279s][info][gc,phases      ] GC(66) Phase 3: Adjust pointers 20.881ms
[6.279s][info][gc,phases,start] GC(66) Phase 4: Move objects
[6.279s][info][gc,phases      ] GC(66) Phase 4: Move objects 0.011ms
[6.279s][info][gc,heap        ] GC(66) DefNew: 15359K(15360K)->15359K(15360K) Eden: 13696K(13696K)->13696K(13696K) From: 1663K(1664K)->1663K(1664K)
[6.279s][info][gc,heap        ] GC(66) Tenured: 34176K(34176K)->34176K(34176K)
[6.279s][info][gc,metaspace   ] GC(66) Metaspace: 16730K(17024K)->16730K(17024K) NonClass: 14734K(14912K)->14734K(14912K) Class: 1995K(2112K)->1995K(2112K)
[6.279s][info][gc             ] GC(66) Pause Full (Allocation Failure) 48M->48M(48M) 63.686ms
[6.279s][info][gc,cpu         ] GC(66) User=0.06s Sys=0.00s Real=0.06s
[6.279s][info][gc,start       ] GC(67) Pause Full (Allocation Failure)
[6.279s][info][gc,phases,start] GC(67) Phase 1: Mark live objects
[6.309s][info][gc,phases      ] GC(67) Phase 1: Mark live objects 29.847ms
[6.309s][info][gc,phases,start] GC(67) Phase 2: Compute new object addresses
[6.321s][info][gc,phases      ] GC(67) Phase 2: Compute new object addresses 11.635ms
[6.321s][info][gc,phases,start] GC(67) Phase 3: Adjust pointers
[6.340s][info][gc,phases      ] GC(67) Phase 3: Adjust pointers 19.579ms
[6.340s][info][gc,phases,start] GC(67) Phase 4: Move objects
[6.341s][info][gc,phases      ] GC(67) Phase 4: Move objects 0.011ms
[6.341s][info][gc,heap        ] GC(67) DefNew: 15359K(15360K)->15359K(15360K) Eden: 13696K(13696K)->13696K(13696K) From: 1663K(1664K)->1663K(1664K)
[6.341s][info][gc,heap        ] GC(67) Tenured: 34176K(34176K)->34176K(34176K)
[6.341s][info][gc,metaspace   ] GC(67) Metaspace: 16730K(17024K)->16730K(17024K) NonClass: 14734K(14912K)->14734K(14912K) Class: 1995K(2112K)->1995K(2112K)
[6.341s][info][gc             ] GC(67) Pause Full (Allocation Failure) 48M->48M(48M) 61.376ms
[6.341s][info][gc,cpu         ] GC(67) User=0.06s Sys=0.00s Real=0.06s
[6.341s][info][gc,start       ] GC(68) Pause Full (Allocation Failure)
[6.341s][info][gc,phases,start] GC(68) Phase 1: Mark live objects
[6.372s][info][gc,phases      ] GC(68) Phase 1: Mark live objects 30.874ms
[6.372s][info][gc,phases,start] GC(68) Phase 2: Compute new object addresses
[6.384s][info][gc,phases      ] GC(68) Phase 2: Compute new object addresses 11.955ms
[6.384s][info][gc,phases,start] GC(68) Phase 3: Adjust pointers
[6.403s][info][gc,phases      ] GC(68) Phase 3: Adjust pointers 19.590ms
[6.403s][info][gc,phases,start] GC(68) Phase 4: Move objects
[6.403s][info][gc,phases      ] GC(68) Phase 4: Move objects 0.012ms
[6.404s][info][gc,heap        ] GC(68) DefNew: 15359K(15360K)->15359K(15360K) Eden: 13696K(13696K)->13696K(13696K) From: 1663K(1664K)->1663K(1664K)
[6.404s][info][gc,heap        ] GC(68) Tenured: 34176K(34176K)->34176K(34176K)
[6.404s][info][gc,metaspace   ] GC(68) Metaspace: 16730K(17024K)->16730K(17024K) NonClass: 14734K(14912K)->14734K(14912K) Class: 1995K(2112K)->1995K(2112K)
[6.404s][info][gc             ] GC(68) Pause Full (Allocation Failure) 48M->48M(48M) 62.764ms
[6.404s][info][gc,cpu         ] GC(68) User=0.08s Sys=0.02s Real=0.06s
[6.404s][info][gc,start       ] GC(69) Pause Full (Allocation Failure)
[6.404s][info][gc,phases,start] GC(69) Phase 1: Mark live objects
[6.433s][info][gc,phases      ] GC(69) Phase 1: Mark live objects 29.800ms
[6.434s][info][gc,phases,start] GC(69) Phase 2: Compute new object addresses
[6.445s][info][gc,phases      ] GC(69) Phase 2: Compute new object addresses 11.829ms
[6.445s][info][gc,phases,start] GC(69) Phase 3: Adjust pointers
[6.465s][info][gc,phases      ] GC(69) Phase 3: Adjust pointers 19.558ms
[6.465s][info][gc,phases,start] GC(69) Phase 4: Move objects
[6.465s][info][gc,phases      ] GC(69) Phase 4: Move objects 0.014ms
[6.465s][info][gc,heap        ] GC(69) DefNew: 15359K(15360K)->15359K(15360K) Eden: 13696K(13696K)->13696K(13696K) From: 1663K(1664K)->1663K(1664K)
[6.465s][info][gc,heap        ] GC(69) Tenured: 34176K(34176K)->34176K(34176K)
[6.465s][info][gc,metaspace   ] GC(69) Metaspace: 16730K(17024K)->16730K(17024K) NonClass: 14734K(14912K)->14734K(14912K) Class: 1995K(2112K)->1995K(2112K)
[6.465s][info][gc             ] GC(69) Pause Full (Allocation Failure) 48M->48M(48M) 61.564ms
[6.465s][info][gc,cpu         ] GC(69) User=0.06s Sys=0.00s Real=0.06s
[6.466s][info][gc,start       ] GC(70) Pause Full (Allocation Failure)
[6.466s][info][gc,phases,start] GC(70) Phase 1: Mark live objects
[6.497s][info][gc,phases      ] GC(70) Phase 1: Mark live objects 31.528ms
[6.497s][info][gc,phases,start] GC(70) Phase 2: Compute new object addresses
[6.510s][info][gc,phases      ] GC(70) Phase 2: Compute new object addresses 12.321ms
[6.510s][info][gc,phases,start] GC(70) Phase 3: Adjust pointers
[6.529s][info][gc,phases      ] GC(70) Phase 3: Adjust pointers 19.719ms
[6.529s][info][gc,phases,start] GC(70) Phase 4: Move objects
[6.529s][info][gc,phases      ] GC(70) Phase 4: Move objects 0.015ms
[6.529s][info][gc,heap        ] GC(70) DefNew: 15359K(15360K)->15359K(15360K) Eden: 13696K(13696K)->13696K(13696K) From: 1663K(1664K)->1663K(1664K)
[6.529s][info][gc,heap        ] GC(70) Tenured: 34176K(34176K)->34176K(34176K)
[6.529s][info][gc,metaspace   ] GC(70) Metaspace: 16730K(17024K)->16730K(17024K) NonClass: 14734K(14912K)->14734K(14912K) Class: 1995K(2112K)->1995K(2112K)
[6.530s][info][gc             ] GC(70) Pause Full (Allocation Failure) 48M->48M(48M) 64.010ms
[6.530s][info][gc,cpu         ] GC(70) User=0.06s Sys=0.00s Real=0.06s
[6.534s][info][gc,start       ] GC(71) Pause Full (Allocation Failure)
[6.534s][info][gc,phases,start] GC(71) Phase 1: Mark live objects
[6.565s][info][gc,phases      ] GC(71) Phase 1: Mark live objects 31.001ms
[6.565s][info][gc,phases,start] GC(71) Phase 2: Compute new object addresses
[6.577s][info][gc,phases      ] GC(71) Phase 2: Compute new object addresses 12.666ms
[6.578s][info][gc,phases,start] GC(71) Phase 3: Adjust pointers
[6.597s][info][gc,phases      ] GC(71) Phase 3: Adjust pointers 19.590ms
[6.597s][info][gc,phases,start] GC(71) Phase 4: Move objects
[6.597s][info][gc,phases      ] GC(71) Phase 4: Move objects 0.012ms
[6.597s][info][gc,heap        ] GC(71) DefNew: 15359K(15360K)->15359K(15360K) Eden: 13696K(13696K)->13696K(13696K) From: 1663K(1664K)->1663K(1664K)
[6.597s][info][gc,heap        ] GC(71) Tenured: 34176K(34176K)->34176K(34176K)
[6.597s][info][gc,metaspace   ] GC(71) Metaspace: 16730K(17024K)->16730K(17024K) NonClass: 14734K(14912K)->14734K(14912K) Class: 1995K(2112K)->1995K(2112K)
[6.597s][info][gc             ] GC(71) Pause Full (Allocation Failure) 48M->48M(48M) 63.691ms
[6.597s][info][gc,cpu         ] GC(71) User=0.06s Sys=0.00s Real=0.06s
[6.598s][info][gc,start       ] GC(72) Pause Full (Allocation Failure)
[6.598s][info][gc,phases,start] GC(72) Phase 1: Mark live objects
[6.628s][info][gc,phases      ] GC(72) Phase 1: Mark live objects 29.672ms
[6.628s][info][gc,phases,start] GC(72) Phase 2: Compute new object addresses
[6.639s][info][gc,phases      ] GC(72) Phase 2: Compute new object addresses 11.678ms
[6.639s][info][gc,phases,start] GC(72) Phase 3: Adjust pointers
[6.660s][info][gc,phases      ] GC(72) Phase 3: Adjust pointers 20.641ms
[6.660s][info][gc,phases,start] GC(72) Phase 4: Move objects
[6.670s][info][gc,phases      ] GC(72) Phase 4: Move objects 9.946ms
[6.670s][info][gc,heap        ] GC(72) DefNew: 15360K(15360K)->15358K(15360K) Eden: 13696K(13696K)->13696K(13696K) From: 1664K(1664K)->1662K(1664K)
[6.670s][info][gc,heap        ] GC(72) Tenured: 34176K(34176K)->34176K(34176K)
[6.670s][info][gc,metaspace   ] GC(72) Metaspace: 16730K(17024K)->16730K(17024K) NonClass: 14734K(14912K)->14734K(14912K) Class: 1995K(2112K)->1995K(2112K)
[6.670s][info][gc             ] GC(72) Pause Full (Allocation Failure) 48M->48M(48M) 72.399ms
[6.670s][info][gc,cpu         ] GC(72) User=0.08s Sys=0.00s Real=0.07s
[6.671s][info][gc,start       ] GC(73) Pause Full (Allocation Failure)
[6.671s][info][gc,phases,start] GC(73) Phase 1: Mark live objects
[6.701s][info][gc,phases      ] GC(73) Phase 1: Mark live objects 30.142ms
[6.701s][info][gc,phases,start] GC(73) Phase 2: Compute new object addresses
[6.713s][info][gc,phases      ] GC(73) Phase 2: Compute new object addresses 12.153ms
[6.714s][info][gc,phases,start] GC(73) Phase 3: Adjust pointers
[6.733s][info][gc,phases      ] GC(73) Phase 3: Adjust pointers 19.677ms
[6.733s][info][gc,phases,start] GC(73) Phase 4: Move objects
[6.733s][info][gc,phases      ] GC(73) Phase 4: Move objects 0.013ms
[6.733s][info][gc,heap        ] GC(73) DefNew: 15359K(15360K)->15358K(15360K) Eden: 13696K(13696K)->13696K(13696K) From: 1663K(1664K)->1662K(1664K)
[6.733s][info][gc,heap        ] GC(73) Tenured: 34176K(34176K)->34176K(34176K)
[6.733s][info][gc,metaspace   ] GC(73) Metaspace: 16730K(17024K)->16730K(17024K) NonClass: 14734K(14912K)->14734K(14912K) Class: 1995K(2112K)->1995K(2112K)
[6.733s][info][gc             ] GC(73) Pause Full (Allocation Failure) 48M->48M(48M) 62.387ms
[6.733s][info][gc,cpu         ] GC(73) User=0.06s Sys=0.00s Real=0.06s
[6.734s][info][gc,start       ] GC(74) Pause Full (Allocation Failure)
[6.734s][info][gc,phases,start] GC(74) Phase 1: Mark live objects
[6.767s][info][gc,phases      ] GC(74) Phase 1: Mark live objects 32.293ms
[6.767s][info][gc,phases,start] GC(74) Phase 2: Compute new object addresses
[6.779s][info][gc,phases      ] GC(74) Phase 2: Compute new object addresses 11.844ms
[6.779s][info][gc,phases,start] GC(74) Phase 3: Adjust pointers
[6.800s][info][gc,phases      ] GC(74) Phase 3: Adjust pointers 21.242ms
[6.800s][info][gc,phases,start] GC(74) Phase 4: Move objects
[6.800s][info][gc,phases      ] GC(74) Phase 4: Move objects 0.015ms
[6.800s][info][gc,heap        ] GC(74) DefNew: 15359K(15360K)->15359K(15360K) Eden: 13696K(13696K)->13696K(13696K) From: 1663K(1664K)->1663K(1664K)
[6.800s][info][gc,heap        ] GC(74) Tenured: 34176K(34176K)->34176K(34176K)
[6.800s][info][gc,metaspace   ] GC(74) Metaspace: 16730K(17024K)->16730K(17024K) NonClass: 14734K(14912K)->14734K(14912K) Class: 1995K(2112K)->1995K(2112K)
[6.800s][info][gc             ] GC(74) Pause Full (Allocation Failure) 48M->48M(48M) 65.832ms
[6.800s][info][gc,cpu         ] GC(74) User=0.12s Sys=0.00s Real=0.07s
[6.801s][info][gc,start       ] GC(75) Pause Full (Allocation Failure)
[6.801s][info][gc,phases,start] GC(75) Phase 1: Mark live objects
[6.833s][info][gc,phases      ] GC(75) Phase 1: Mark live objects 31.666ms
[6.833s][info][gc,phases,start] GC(75) Phase 2: Compute new object addresses
[6.846s][info][gc,phases      ] GC(75) Phase 2: Compute new object addresses 12.571ms
[6.846s][info][gc,phases,start] GC(75) Phase 3: Adjust pointers
[6.867s][info][gc,phases      ] GC(75) Phase 3: Adjust pointers 21.166ms
[6.867s][info][gc,phases,start] GC(75) Phase 4: Move objects
[6.867s][info][gc,phases      ] GC(75) Phase 4: Move objects 0.013ms
[6.867s][info][gc,heap        ] GC(75) DefNew: 15359K(15360K)->15358K(15360K) Eden: 13696K(13696K)->13696K(13696K) From: 1663K(1664K)->1662K(1664K)
[6.867s][info][gc,heap        ] GC(75) Tenured: 34176K(34176K)->34176K(34176K)
[6.867s][info][gc,metaspace   ] GC(75) Metaspace: 16730K(17024K)->16730K(17024K) NonClass: 14734K(14912K)->14734K(14912K) Class: 1995K(2112K)->1995K(2112K)
[6.867s][info][gc             ] GC(75) Pause Full (Allocation Failure) 48M->48M(48M) 65.866ms
[6.867s][info][gc,cpu         ] GC(75) User=0.12s Sys=0.03s Real=0.07s
[6.868s][info][gc,start       ] GC(76) Pause Full (Allocation Failure)
[6.868s][info][gc,phases,start] GC(76) Phase 1: Mark live objects
[6.899s][info][gc,phases      ] GC(76) Phase 1: Mark live objects 31.247ms
[6.899s][info][gc,phases,start] GC(76) Phase 2: Compute new object addresses
[6.912s][info][gc,phases      ] GC(76) Phase 2: Compute new object addresses 12.687ms
[6.912s][info][gc,phases,start] GC(76) Phase 3: Adjust pointers
[6.933s][info][gc,phases      ] GC(76) Phase 3: Adjust pointers 20.840ms
[6.933s][info][gc,phases,start] GC(76) Phase 4: Move objects
[6.941s][info][gc,phases      ] GC(76) Phase 4: Move objects 7.718ms
[6.941s][info][gc,heap        ] GC(76) DefNew: 15360K(15360K)->15358K(15360K) Eden: 13696K(13696K)->13696K(13696K) From: 1664K(1664K)->1662K(1664K)
[6.941s][info][gc,heap        ] GC(76) Tenured: 34176K(34176K)->34175K(34176K)
[6.941s][info][gc,metaspace   ] GC(76) Metaspace: 16730K(17024K)->16730K(17024K) NonClass: 14734K(14912K)->14734K(14912K) Class: 1995K(2112K)->1995K(2112K)
[6.941s][info][gc             ] GC(76) Pause Full (Allocation Failure) 48M->48M(48M) 73.004ms
[6.941s][info][gc,cpu         ] GC(76) User=0.09s Sys=0.00s Real=0.07s
[7.609s][info][gc,start       ] GC(77) Pause Full (Allocation Failure)
[7.609s][info][gc,phases,start] GC(77) Phase 1: Mark live objects
[7.640s][info][gc,phases      ] GC(77) Phase 1: Mark live objects 31.566ms
[7.640s][info][gc,phases,start] GC(77) Phase 2: Compute new object addresses
[7.653s][info][gc,phases      ] GC(77) Phase 2: Compute new object addresses 12.492ms
[7.653s][info][gc,phases,start] GC(77) Phase 3: Adjust pointers
[7.675s][info][gc,phases      ] GC(77) Phase 3: Adjust pointers 21.531ms
[7.675s][info][gc,phases,start] GC(77) Phase 4: Move objects
[7.675s][info][gc,phases      ] GC(77) Phase 4: Move objects 0.014ms
[7.675s][info][gc,heap        ] GC(77) DefNew: 15359K(15360K)->15358K(15360K) Eden: 13696K(13696K)->13696K(13696K) From: 1663K(1664K)->1662K(1664K)
[7.675s][info][gc,heap        ] GC(77) Tenured: 34175K(34176K)->34175K(34176K)
[7.675s][info][gc,metaspace   ] GC(77) Metaspace: 16730K(17024K)->16730K(17024K) NonClass: 14734K(14912K)->14734K(14912K) Class: 1995K(2112K)->1995K(2112K)
[7.675s][info][gc             ] GC(77) Pause Full (Allocation Failure) 48M->48M(48M) 66.127ms
[7.675s][info][gc,cpu         ] GC(77) User=0.06s Sys=0.00s Real=0.07s
[7.675s][info][gc,start       ] GC(78) Pause Full (Allocation Failure)
[7.675s][info][gc,phases,start] GC(78) Phase 1: Mark live objects
[7.706s][info][gc,phases      ] GC(78) Phase 1: Mark live objects 30.667ms
[7.706s][info][gc,phases,start] GC(78) Phase 2: Compute new object addresses
[7.718s][info][gc,phases      ] GC(78) Phase 2: Compute new object addresses 11.832ms
[7.718s][info][gc,phases,start] GC(78) Phase 3: Adjust pointers
[7.737s][info][gc,phases      ] GC(78) Phase 3: Adjust pointers 19.574ms
[7.737s][info][gc,phases,start] GC(78) Phase 4: Move objects
[7.737s][info][gc,phases      ] GC(78) Phase 4: Move objects 0.012ms
[7.738s][info][gc,heap        ] GC(78) DefNew: 15359K(15360K)->15359K(15360K) Eden: 13696K(13696K)->13696K(13696K) From: 1663K(1664K)->1663K(1664K)
[7.738s][info][gc,heap        ] GC(78) Tenured: 34175K(34176K)->34175K(34176K)
[7.738s][info][gc,metaspace   ] GC(78) Metaspace: 16730K(17024K)->16730K(17024K) NonClass: 14734K(14912K)->14734K(14912K) Class: 1995K(2112K)->1995K(2112K)
[7.738s][info][gc             ] GC(78) Pause Full (Allocation Failure) 48M->48M(48M) 62.428ms
[7.738s][info][gc,cpu         ] GC(78) User=0.06s Sys=0.00s Real=0.06s
[7.738s][info][gc,start       ] GC(79) Pause Full (Allocation Failure)
[7.738s][info][gc,phases,start] GC(79) Phase 1: Mark live objects
[7.768s][info][gc,phases      ] GC(79) Phase 1: Mark live objects 30.137ms
[7.768s][info][gc,phases,start] GC(79) Phase 2: Compute new object addresses
[7.780s][info][gc,phases      ] GC(79) Phase 2: Compute new object addresses 11.909ms
[7.780s][info][gc,phases,start] GC(79) Phase 3: Adjust pointers
[7.800s][info][gc,phases      ] GC(79) Phase 3: Adjust pointers 19.630ms
[7.800s][info][gc,phases,start] GC(79) Phase 4: Move objects
[7.800s][info][gc,phases      ] GC(79) Phase 4: Move objects 0.013ms
[7.800s][info][gc,heap        ] GC(79) DefNew: 15359K(15360K)->15359K(15360K) Eden: 13696K(13696K)->13696K(13696K) From: 1663K(1664K)->1663K(1664K)
[7.800s][info][gc,heap        ] GC(79) Tenured: 34175K(34176K)->34175K(34176K)
[7.800s][info][gc,metaspace   ] GC(79) Metaspace: 16730K(17024K)->16730K(17024K) NonClass: 14734K(14912K)->14734K(14912K) Class: 1995K(2112K)->1995K(2112K)
[7.800s][info][gc             ] GC(79) Pause Full (Allocation Failure) 48M->48M(48M) 62.032ms
[7.800s][info][gc,cpu         ] GC(79) User=0.06s Sys=0.00s Real=0.06s
[7.800s][info][gc,start       ] GC(80) Pause Full (Allocation Failure)
[7.800s][info][gc,phases,start] GC(80) Phase 1: Mark live objects
[7.830s][info][gc,phases      ] GC(80) Phase 1: Mark live objects 29.900ms
[7.830s][info][gc,phases,start] GC(80) Phase 2: Compute new object addresses
[7.842s][info][gc,phases      ] GC(80) Phase 2: Compute new object addresses 12.255ms
[7.843s][info][gc,phases,start] GC(80) Phase 3: Adjust pointers
[7.863s][info][gc,phases      ] GC(80) Phase 3: Adjust pointers 20.407ms
[7.863s][info][gc,phases,start] GC(80) Phase 4: Move objects
[7.873s][info][gc,phases      ] GC(80) Phase 4: Move objects 10.318ms
[7.873s][info][gc,heap        ] GC(80) DefNew: 15359K(15360K)->15358K(15360K) Eden: 13696K(13696K)->13696K(13696K) From: 1663K(1664K)->1662K(1664K)
[7.873s][info][gc,heap        ] GC(80) Tenured: 34175K(34176K)->34175K(34176K)
[7.874s][info][gc,metaspace   ] GC(80) Metaspace: 16730K(17024K)->16730K(17024K) NonClass: 14734K(14912K)->14734K(14912K) Class: 1995K(2112K)->1995K(2112K)
[7.874s][info][gc             ] GC(80) Pause Full (Allocation Failure) 48M->48M(48M) 73.310ms
[7.874s][info][gc,cpu         ] GC(80) User=0.08s Sys=0.00s Real=0.07s
[7.874s][info][gc,start       ] GC(81) Pause Full (Allocation Failure)
[7.874s][info][gc,phases,start] GC(81) Phase 1: Mark live objects
[7.904s][info][gc,phases      ] GC(81) Phase 1: Mark live objects 29.578ms
[7.904s][info][gc,phases,start] GC(81) Phase 2: Compute new object addresses
[7.916s][info][gc,phases      ] GC(81) Phase 2: Compute new object addresses 12.202ms
[7.916s][info][gc,phases,start] GC(81) Phase 3: Adjust pointers
[7.936s][info][gc,phases      ] GC(81) Phase 3: Adjust pointers 20.012ms
[7.936s][info][gc,phases,start] GC(81) Phase 4: Move objects
[7.936s][info][gc,phases      ] GC(81) Phase 4: Move objects 0.013ms
[7.936s][info][gc,heap        ] GC(81) DefNew: 15359K(15360K)->15359K(15360K) Eden: 13696K(13696K)->13696K(13696K) From: 1663K(1664K)->1663K(1664K)
[7.936s][info][gc,heap        ] GC(81) Tenured: 34175K(34176K)->34175K(34176K)
[7.936s][info][gc,metaspace   ] GC(81) Metaspace: 16730K(17024K)->16730K(17024K) NonClass: 14734K(14912K)->14734K(14912K) Class: 1995K(2112K)->1995K(2112K)
[7.936s][info][gc             ] GC(81) Pause Full (Allocation Failure) 48M->48M(48M) 62.355ms
[7.936s][info][gc,cpu         ] GC(81) User=0.06s Sys=0.00s Real=0.06s
[7.937s][info][gc,start       ] GC(82) Pause Full (Allocation Failure)
[7.937s][info][gc,phases,start] GC(82) Phase 1: Mark live objects
[7.967s][info][gc,phases      ] GC(82) Phase 1: Mark live objects 30.287ms
[7.967s][info][gc,phases,start] GC(82) Phase 2: Compute new object addresses
[7.979s][info][gc,phases      ] GC(82) Phase 2: Compute new object addresses 12.188ms
[7.979s][info][gc,phases,start] GC(82) Phase 3: Adjust pointers
[8.000s][info][gc,phases      ] GC(82) Phase 3: Adjust pointers 20.556ms
[8.000s][info][gc,phases,start] GC(82) Phase 4: Move objects
[8.000s][info][gc,phases      ] GC(82) Phase 4: Move objects 0.015ms
[8.000s][info][gc,heap        ] GC(82) DefNew: 15360K(15360K)->15359K(15360K) Eden: 13696K(13696K)->13696K(13696K) From: 1664K(1664K)->1663K(1664K)
[8.000s][info][gc,heap        ] GC(82) Tenured: 34175K(34176K)->34175K(34176K)
[8.000s][info][gc,metaspace   ] GC(82) Metaspace: 16730K(17024K)->16730K(17024K) NonClass: 14734K(14912K)->14734K(14912K) Class: 1995K(2112K)->1995K(2112K)
[8.000s][info][gc             ] GC(82) Pause Full (Allocation Failure) 48M->48M(48M) 63.449ms
[8.000s][info][gc,cpu         ] GC(82) User=0.06s Sys=0.00s Real=0.06s
[8.000s][info][gc,start       ] GC(83) Pause Full (Allocation Failure)
[8.000s][info][gc,phases,start] GC(83) Phase 1: Mark live objects
[8.030s][info][gc,phases      ] GC(83) Phase 1: Mark live objects 29.923ms
[8.030s][info][gc,phases,start] GC(83) Phase 2: Compute new object addresses
[8.042s][info][gc,phases      ] GC(83) Phase 2: Compute new object addresses 11.834ms
[8.042s][info][gc,phases,start] GC(83) Phase 3: Adjust pointers
[8.062s][info][gc,phases      ] GC(83) Phase 3: Adjust pointers 20.002ms
[8.062s][info][gc,phases,start] GC(83) Phase 4: Move objects
[8.062s][info][gc,phases      ] GC(83) Phase 4: Move objects 0.014ms
[8.062s][info][gc,heap        ] GC(83) DefNew: 15359K(15360K)->15359K(15360K) Eden: 13696K(13696K)->13696K(13696K) From: 1663K(1664K)->1663K(1664K)
[8.062s][info][gc,heap        ] GC(83) Tenured: 34175K(34176K)->34175K(34176K)
[8.062s][info][gc,metaspace   ] GC(83) Metaspace: 16730K(17024K)->16730K(17024K) NonClass: 14734K(14912K)->14734K(14912K) Class: 1995K(2112K)->1995K(2112K)
[8.062s][info][gc             ] GC(83) Pause Full (Allocation Failure) 48M->48M(48M) 62.122ms
[8.062s][info][gc,cpu         ] GC(83) User=0.06s Sys=0.00s Real=0.06s
[8.062s][info][gc,start       ] GC(84) Pause Full (Allocation Failure)
[8.063s][info][gc,phases,start] GC(84) Phase 1: Mark live objects
[8.092s][info][gc,phases      ] GC(84) Phase 1: Mark live objects 29.634ms
[8.092s][info][gc,phases,start] GC(84) Phase 2: Compute new object addresses
[8.104s][info][gc,phases      ] GC(84) Phase 2: Compute new object addresses 11.856ms
[8.104s][info][gc,phases,start] GC(84) Phase 3: Adjust pointers
[8.125s][info][gc,phases      ] GC(84) Phase 3: Adjust pointers 20.585ms
[8.125s][info][gc,phases,start] GC(84) Phase 4: Move objects
[8.134s][info][gc,phases      ] GC(84) Phase 4: Move objects 9.354ms
[8.134s][info][gc,heap        ] GC(84) DefNew: 15359K(15360K)->15359K(15360K) Eden: 13696K(13696K)->13695K(13696K) From: 1663K(1664K)->1663K(1664K)
[8.134s][info][gc,heap        ] GC(84) Tenured: 34175K(34176K)->34175K(34176K)
[8.134s][info][gc,metaspace   ] GC(84) Metaspace: 16730K(17024K)->16730K(17024K) NonClass: 14734K(14912K)->14734K(14912K) Class: 1995K(2112K)->1995K(2112K)
[8.134s][info][gc             ] GC(84) Pause Full (Allocation Failure) 48M->48M(48M) 71.895ms
[8.134s][info][gc,cpu         ] GC(84) User=0.08s Sys=0.00s Real=0.07s
[8.135s][info][gc,start       ] GC(85) Pause Full (Allocation Failure)
[8.135s][info][gc,phases,start] GC(85) Phase 1: Mark live objects
[8.164s][info][gc,phases      ] GC(85) Phase 1: Mark live objects 29.738ms
[8.164s][info][gc,phases,start] GC(85) Phase 2: Compute new object addresses
[8.176s][info][gc,phases      ] GC(85) Phase 2: Compute new object addresses 11.846ms
[8.176s][info][gc,phases,start] GC(85) Phase 3: Adjust pointers
[8.196s][info][gc,phases      ] GC(85) Phase 3: Adjust pointers 19.657ms
[8.196s][info][gc,phases,start] GC(85) Phase 4: Move objects
[8.196s][info][gc,phases      ] GC(85) Phase 4: Move objects 0.012ms
[8.196s][info][gc,heap        ] GC(85) DefNew: 15359K(15360K)->15359K(15360K) Eden: 13695K(13696K)->13695K(13696K) From: 1663K(1664K)->1663K(1664K)
[8.196s][info][gc,heap        ] GC(85) Tenured: 34175K(34176K)->34175K(34176K)
[8.196s][info][gc,metaspace   ] GC(85) Metaspace: 16730K(17024K)->16730K(17024K) NonClass: 14734K(14912K)->14734K(14912K) Class: 1995K(2112K)->1995K(2112K)
[8.196s][info][gc             ] GC(85) Pause Full (Allocation Failure) 48M->48M(48M) 61.609ms
[8.196s][info][gc,cpu         ] GC(85) User=0.06s Sys=0.00s Real=0.06s
[8.196s][info][gc,start       ] GC(86) Pause Full (Allocation Failure)
[8.196s][info][gc,phases,start] GC(86) Phase 1: Mark live objects
[8.226s][info][gc,phases      ] GC(86) Phase 1: Mark live objects 29.594ms
[8.226s][info][gc,phases,start] GC(86) Phase 2: Compute new object addresses
[8.238s][info][gc,phases      ] GC(86) Phase 2: Compute new object addresses 12.250ms
[8.238s][info][gc,phases,start] GC(86) Phase 3: Adjust pointers
[8.259s][info][gc,phases      ] GC(86) Phase 3: Adjust pointers 20.914ms
[8.259s][info][gc,phases,start] GC(86) Phase 4: Move objects
[8.259s][info][gc,phases      ] GC(86) Phase 4: Move objects 0.012ms
[8.259s][info][gc,heap        ] GC(86) DefNew: 15359K(15360K)->15359K(15360K) Eden: 13695K(13696K)->13695K(13696K) From: 1663K(1664K)->1663K(1664K)
[8.259s][info][gc,heap        ] GC(86) Tenured: 34175K(34176K)->34175K(34176K)
[8.259s][info][gc,metaspace   ] GC(86) Metaspace: 16730K(17024K)->16730K(17024K) NonClass: 14734K(14912K)->14734K(14912K) Class: 1995K(2112K)->1995K(2112K)
[8.259s][info][gc             ] GC(86) Pause Full (Allocation Failure) 48M->48M(48M) 63.087ms
[8.259s][info][gc,cpu         ] GC(86) User=0.06s Sys=0.00s Real=0.06s
[8.259s][info][gc,start       ] GC(87) Pause Full (Allocation Failure)
[8.260s][info][gc,phases,start] GC(87) Phase 1: Mark live objects
[8.289s][info][gc,phases      ] GC(87) Phase 1: Mark live objects 29.604ms
[8.289s][info][gc,phases,start] GC(87) Phase 2: Compute new object addresses
[8.301s][info][gc,phases      ] GC(87) Phase 2: Compute new object addresses 12.027ms
[8.301s][info][gc,phases,start] GC(87) Phase 3: Adjust pointers
[8.321s][info][gc,phases      ] GC(87) Phase 3: Adjust pointers 19.802ms
[8.321s][info][gc,phases,start] GC(87) Phase 4: Move objects
[8.321s][info][gc,phases      ] GC(87) Phase 4: Move objects 0.016ms
[8.321s][info][gc,heap        ] GC(87) DefNew: 15359K(15360K)->15359K(15360K) Eden: 13695K(13696K)->13695K(13696K) From: 1663K(1664K)->1663K(1664K)
[8.321s][info][gc,heap        ] GC(87) Tenured: 34175K(34176K)->34175K(34176K)
[8.321s][info][gc,metaspace   ] GC(87) Metaspace: 16730K(17024K)->16730K(17024K) NonClass: 14734K(14912K)->14734K(14912K) Class: 1995K(2112K)->1995K(2112K)
[8.321s][info][gc             ] GC(87) Pause Full (Allocation Failure) 48M->48M(48M) 61.820ms
[8.321s][info][gc,cpu         ] GC(87) User=0.06s Sys=0.00s Real=0.06s
[8.321s][info][gc,start       ] GC(88) Pause Full (Allocation Failure)
[8.321s][info][gc,phases,start] GC(88) Phase 1: Mark live objects
[8.351s][info][gc,phases      ] GC(88) Phase 1: Mark live objects 29.446ms
[8.351s][info][gc,phases,start] GC(88) Phase 2: Compute new object addresses
[8.363s][info][gc,phases      ] GC(88) Phase 2: Compute new object addresses 11.896ms
[8.363s][info][gc,phases,start] GC(88) Phase 3: Adjust pointers
[8.382s][info][gc,phases      ] GC(88) Phase 3: Adjust pointers 19.575ms
[8.383s][info][gc,phases,start] GC(88) Phase 4: Move objects
[8.383s][info][gc,phases      ] GC(88) Phase 4: Move objects 0.012ms
[8.383s][info][gc,heap        ] GC(88) DefNew: 15359K(15360K)->15359K(15360K) Eden: 13695K(13696K)->13695K(13696K) From: 1663K(1664K)->1663K(1664K)
[8.383s][info][gc,heap        ] GC(88) Tenured: 34175K(34176K)->34175K(34176K)
[8.383s][info][gc,metaspace   ] GC(88) Metaspace: 16730K(17024K)->16730K(17024K) NonClass: 14734K(14912K)->14734K(14912K) Class: 1995K(2112K)->1995K(2112K)
[8.383s][info][gc             ] GC(88) Pause Full (Allocation Failure) 48M->48M(48M) 61.239ms
[8.383s][info][gc,cpu         ] GC(88) User=0.06s Sys=0.00s Real=0.06s
[8.383s][info][gc,start       ] GC(89) Pause Full (Allocation Failure)
[8.383s][info][gc,phases,start] GC(89) Phase 1: Mark live objects
[8.412s][info][gc,phases      ] GC(89) Phase 1: Mark live objects 29.468ms
[8.412s][info][gc,phases,start] GC(89) Phase 2: Compute new object addresses
[8.425s][info][gc,phases      ] GC(89) Phase 2: Compute new object addresses 12.888ms
[8.425s][info][gc,phases,start] GC(89) Phase 3: Adjust pointers
[8.445s][info][gc,phases      ] GC(89) Phase 3: Adjust pointers 19.770ms
[8.445s][info][gc,phases,start] GC(89) Phase 4: Move objects
[8.445s][info][gc,phases      ] GC(89) Phase 4: Move objects 0.012ms
[8.445s][info][gc,heap        ] GC(89) DefNew: 15359K(15360K)->15359K(15360K) Eden: 13695K(13696K)->13695K(13696K) From: 1663K(1664K)->1663K(1664K)
[8.445s][info][gc,heap        ] GC(89) Tenured: 34175K(34176K)->34175K(34176K)
[8.445s][info][gc,metaspace   ] GC(89) Metaspace: 16730K(17024K)->16730K(17024K) NonClass: 14734K(14912K)->14734K(14912K) Class: 1995K(2112K)->1995K(2112K)
[8.445s][info][gc             ] GC(89) Pause Full (Allocation Failure) 48M->48M(48M) 62.474ms
[8.445s][info][gc,cpu         ] GC(89) User=0.06s Sys=0.00s Real=0.06s
[8.445s][info][gc,start       ] GC(90) Pause Full (Allocation Failure)
[8.446s][info][gc,phases,start] GC(90) Phase 1: Mark live objects
[8.475s][info][gc,phases      ] GC(90) Phase 1: Mark live objects 29.646ms
[8.475s][info][gc,phases,start] GC(90) Phase 2: Compute new object addresses
[8.488s][info][gc,phases      ] GC(90) Phase 2: Compute new object addresses 12.701ms
[8.488s][info][gc,phases,start] GC(90) Phase 3: Adjust pointers
[8.510s][info][gc,phases      ] GC(90) Phase 3: Adjust pointers 21.566ms
[8.510s][info][gc,phases,start] GC(90) Phase 4: Move objects
[8.510s][info][gc,phases      ] GC(90) Phase 4: Move objects 0.014ms
[8.510s][info][gc,heap        ] GC(90) DefNew: 15359K(15360K)->15358K(15360K) Eden: 13695K(13696K)->13695K(13696K) From: 1663K(1664K)->1662K(1664K)
[8.510s][info][gc,heap        ] GC(90) Tenured: 34175K(34176K)->34175K(34176K)
[8.510s][info][gc,metaspace   ] GC(90) Metaspace: 16731K(17024K)->16731K(17024K) NonClass: 14734K(14912K)->14734K(14912K) Class: 1996K(2112K)->1996K(2112K)
[8.510s][info][gc             ] GC(90) Pause Full (Allocation Failure) 48M->48M(48M) 64.355ms
[8.510s][info][gc,cpu         ] GC(90) User=0.06s Sys=0.00s Real=0.06s
[8.510s][info][gc,start       ] GC(91) Pause Full (Allocation Failure)
[8.510s][info][gc,phases,start] GC(91) Phase 1: Mark live objects
[8.540s][info][gc,phases      ] GC(91) Phase 1: Mark live objects 29.806ms
[8.540s][info][gc,phases,start] GC(91) Phase 2: Compute new object addresses
[8.552s][info][gc,phases      ] GC(91) Phase 2: Compute new object addresses 11.827ms
[8.552s][info][gc,phases,start] GC(91) Phase 3: Adjust pointers
[8.572s][info][gc,phases      ] GC(91) Phase 3: Adjust pointers 19.792ms
[8.572s][info][gc,phases,start] GC(91) Phase 4: Move objects
[8.572s][info][gc,phases      ] GC(91) Phase 4: Move objects 0.014ms
[8.572s][info][gc,heap        ] GC(91) DefNew: 15359K(15360K)->15359K(15360K) Eden: 13695K(13696K)->13695K(13696K) From: 1663K(1664K)->1663K(1664K)
[8.572s][info][gc,heap        ] GC(91) Tenured: 34175K(34176K)->34175K(34176K)
[8.572s][info][gc,metaspace   ] GC(91) Metaspace: 16732K(17024K)->16732K(17024K) NonClass: 14735K(14912K)->14735K(14912K) Class: 1996K(2112K)->1996K(2112K)
[8.572s][info][gc             ] GC(91) Pause Full (Allocation Failure) 48M->48M(48M) 61.776ms
[8.572s][info][gc,cpu         ] GC(91) User=0.06s Sys=0.00s Real=0.06s
[8.572s][info][gc,start       ] GC(92) Pause Full (Allocation Failure)
[8.572s][info][gc,phases,start] GC(92) Phase 1: Mark live objects
[8.602s][info][gc,phases      ] GC(92) Phase 1: Mark live objects 29.788ms
[8.602s][info][gc,phases,start] GC(92) Phase 2: Compute new object addresses
[8.614s][info][gc,phases      ] GC(92) Phase 2: Compute new object addresses 11.898ms
[8.614s][info][gc,phases,start] GC(92) Phase 3: Adjust pointers
[8.635s][info][gc,phases      ] GC(92) Phase 3: Adjust pointers 20.663ms
[8.635s][info][gc,phases,start] GC(92) Phase 4: Move objects
[8.645s][info][gc,phases      ] GC(92) Phase 4: Move objects 10.233ms
[8.645s][info][gc,heap        ] GC(92) DefNew: 15359K(15360K)->15359K(15360K) Eden: 13695K(13696K)->13695K(13696K) From: 1663K(1664K)->1663K(1664K)
[8.645s][info][gc,heap        ] GC(92) Tenured: 34175K(34176K)->34175K(34176K)
[8.645s][info][gc,metaspace   ] GC(92) Metaspace: 16732K(17024K)->16732K(17024K) NonClass: 14735K(14912K)->14735K(14912K) Class: 1996K(2112K)->1996K(2112K)
[8.645s][info][gc             ] GC(92) Pause Full (Allocation Failure) 48M->48M(48M) 73.078ms
[8.645s][info][gc,cpu         ] GC(92) User=0.06s Sys=0.00s Real=0.07s
[8.646s][info][gc,start       ] GC(93) Pause Full (Allocation Failure)
[8.646s][info][gc,phases,start] GC(93) Phase 1: Mark live objects
[8.676s][info][gc,phases      ] GC(93) Phase 1: Mark live objects 30.098ms
[8.676s][info][gc,phases,start] GC(93) Phase 2: Compute new object addresses
[8.688s][info][gc,phases      ] GC(93) Phase 2: Compute new object addresses 11.683ms
[8.688s][info][gc,phases,start] GC(93) Phase 3: Adjust pointers
[8.707s][info][gc,phases      ] GC(93) Phase 3: Adjust pointers 19.683ms
[8.707s][info][gc,phases,start] GC(93) Phase 4: Move objects
[8.707s][info][gc,phases      ] GC(93) Phase 4: Move objects 0.013ms
[8.707s][info][gc,heap        ] GC(93) DefNew: 15359K(15360K)->15359K(15360K) Eden: 13695K(13696K)->13695K(13696K) From: 1663K(1664K)->1663K(1664K)
[8.707s][info][gc,heap        ] GC(93) Tenured: 34175K(34176K)->34175K(34176K)
[8.707s][info][gc,metaspace   ] GC(93) Metaspace: 16732K(17024K)->16732K(17024K) NonClass: 14735K(14912K)->14735K(14912K) Class: 1996K(2112K)->1996K(2112K)
[8.707s][info][gc             ] GC(93) Pause Full (Allocation Failure) 48M->48M(48M) 61.823ms
[8.707s][info][gc,cpu         ] GC(93) User=0.06s Sys=0.00s Real=0.06s
[8.708s][info][gc,start       ] GC(94) Pause Full (Allocation Failure)
[8.708s][info][gc,phases,start] GC(94) Phase 1: Mark live objects
[8.739s][info][gc,phases      ] GC(94) Phase 1: Mark live objects 31.258ms
[8.739s][info][gc,phases,start] GC(94) Phase 2: Compute new object addresses
[8.751s][info][gc,phases      ] GC(94) Phase 2: Compute new object addresses 11.822ms
[8.751s][info][gc,phases,start] GC(94) Phase 3: Adjust pointers
[8.771s][info][gc,phases      ] GC(94) Phase 3: Adjust pointers 19.646ms
[8.771s][info][gc,phases,start] GC(94) Phase 4: Move objects
[8.771s][info][gc,phases      ] GC(94) Phase 4: Move objects 0.013ms
[8.771s][info][gc,heap        ] GC(94) DefNew: 15359K(15360K)->15358K(15360K) Eden: 13695K(13696K)->13695K(13696K) From: 1663K(1664K)->1662K(1664K)
[8.771s][info][gc,heap        ] GC(94) Tenured: 34175K(34176K)->34175K(34176K)
[8.771s][info][gc,metaspace   ] GC(94) Metaspace: 16732K(17024K)->16732K(17024K) NonClass: 14736K(14912K)->14736K(14912K) Class: 1996K(2112K)->1996K(2112K)
[8.771s][info][gc             ] GC(94) Pause Full (Allocation Failure) 48M->48M(48M) 63.105ms
[8.771s][info][gc,cpu         ] GC(94) User=0.06s Sys=0.00s Real=0.06s
[8.772s][info][gc,start       ] GC(95) Pause Full (Allocation Failure)
[8.772s][info][gc,phases,start] GC(95) Phase 1: Mark live objects
[8.805s][info][gc,phases      ] GC(95) Phase 1: Mark live objects 32.360ms
[8.805s][info][gc,phases,start] GC(95) Phase 2: Compute new object addresses
[8.827s][info][gc,phases      ] GC(95) Phase 2: Compute new object addresses 22.109ms
[8.827s][info][gc,phases,start] GC(95) Phase 3: Adjust pointers
[8.851s][info][gc,phases      ] GC(95) Phase 3: Adjust pointers 24.341ms
[8.852s][info][gc,phases,start] GC(95) Phase 4: Move objects
[8.852s][info][gc,phases      ] GC(95) Phase 4: Move objects 0.016ms
[8.852s][info][gc,heap        ] GC(95) DefNew: 15359K(15360K)->15358K(15360K) Eden: 13695K(13696K)->13695K(13696K) From: 1663K(1664K)->1662K(1664K)
[8.852s][info][gc,heap        ] GC(95) Tenured: 34175K(34176K)->34175K(34176K)
[8.852s][info][gc,metaspace   ] GC(95) Metaspace: 16732K(17024K)->16732K(17024K) NonClass: 14736K(14912K)->14736K(14912K) Class: 1996K(2112K)->1996K(2112K)
[8.852s][info][gc             ] GC(95) Pause Full (Allocation Failure) 48M->48M(48M) 79.380ms
[8.852s][info][gc,cpu         ] GC(95) User=0.08s Sys=0.00s Real=0.08s
[8.893s][info][gc,start       ] GC(96) Pause Full (Allocation Failure)
[8.893s][info][gc,phases,start] GC(96) Phase 1: Mark live objects
[8.926s][info][gc,phases      ] GC(96) Phase 1: Mark live objects 32.816ms
[8.926s][info][gc,phases,start] GC(96) Phase 2: Compute new object addresses
[8.960s][info][gc,phases      ] GC(96) Phase 2: Compute new object addresses 33.795ms
[8.960s][info][gc,phases,start] GC(96) Phase 3: Adjust pointers
[8.986s][info][gc,phases      ] GC(96) Phase 3: Adjust pointers 25.351ms
[8.986s][info][gc,phases,start] GC(96) Phase 4: Move objects
[8.997s][info][gc,phases      ] GC(96) Phase 4: Move objects 10.962ms
[8.997s][info][gc,heap        ] GC(96) DefNew: 15359K(15360K)->15356K(15360K) Eden: 13695K(13696K)->13696K(13696K) From: 1663K(1664K)->1660K(1664K)
[8.997s][info][gc,heap        ] GC(96) Tenured: 34175K(34176K)->34175K(34176K)
[8.997s][info][gc,metaspace   ] GC(96) Metaspace: 16736K(17024K)->16736K(17024K) NonClass: 14738K(14912K)->14738K(14912K) Class: 1997K(2112K)->1997K(2112K)
[8.997s][info][gc             ] GC(96) Pause Full (Allocation Failure) 48M->48M(48M) 103.517ms
[8.997s][info][gc,cpu         ] GC(96) User=0.09s Sys=0.00s Real=0.10s
[9.035s][info][gc,start       ] GC(97) Pause Full (Allocation Failure)
[9.035s][info][gc,phases,start] GC(97) Phase 1: Mark live objects
[9.053s][info][gc,phases      ] GC(97) Phase 1: Mark live objects 17.721ms
[9.053s][info][gc,phases,start] GC(97) Phase 2: Compute new object addresses
[9.062s][info][gc,phases      ] GC(97) Phase 2: Compute new object addresses 9.303ms
[9.062s][info][gc,phases,start] GC(97) Phase 3: Adjust pointers
[9.071s][info][gc,phases      ] GC(97) Phase 3: Adjust pointers 8.492ms
[9.071s][info][gc,phases,start] GC(97) Phase 4: Move objects
[9.071s][info][gc,phases      ] GC(97) Phase 4: Move objects 0.065ms
[9.071s][info][gc,heap        ] GC(97) DefNew: 15359K(15360K)->0K(15360K) Eden: 13696K(13696K)->0K(13696K) From: 1663K(1664K)->0K(1664K)
[9.071s][info][gc,heap        ] GC(97) Tenured: 34175K(34176K)->11522K(34176K)
[9.071s][info][gc,metaspace   ] GC(97) Metaspace: 16736K(17024K)->16710K(16960K) NonClass: 14739K(14912K)->14718K(14848K) Class: 1997K(2112K)->1992K(2112K)
[9.071s][info][gc             ] GC(97) Pause Full (Allocation Failure) 48M->11M(48M) 36.066ms
[9.071s][info][gc,cpu         ] GC(97) User=0.05s Sys=0.00s Real=0.04s
[9.177s][info][gc,heap,exit   ] Heap
[9.177s][info][gc,heap,exit   ]  def new generation   total 15360K, used 562K [0x00000000fce00000, 0x00000000fdea0000, 0x00000000fdea0000)
[9.177s][info][gc,heap,exit   ]   eden space 13696K,   4% used [0x00000000fce00000, 0x00000000fce8c9c0, 0x00000000fdb60000)
[9.177s][info][gc,heap,exit   ]   from space 1664K,   0% used [0x00000000fdd00000, 0x00000000fdd00000, 0x00000000fdea0000)
[9.177s][info][gc,heap,exit   ]   to   space 1664K,   0% used [0x00000000fdb60000, 0x00000000fdb60000, 0x00000000fdd00000)
[9.177s][info][gc,heap,exit   ]  tenured generation   total 34176K, used 11522K [0x00000000fdea0000, 0x0000000100000000, 0x0000000100000000)
[9.177s][info][gc,heap,exit   ]    the space 34176K,  33% used [0x00000000fdea0000, 0x00000000fe9e0aa8, 0x00000000fe9e0c00, 0x0000000100000000)
[9.177s][info][gc,heap,exit   ]  Metaspace       used 16730K, committed 16960K, reserved 1114112K
[9.177s][info][gc,heap,exit   ]   class space    used 1995K, committed 2112K, reserved 1048576K
